grid_index,band,frequency(THz),tau_N_RTA(ps),tau_U_RTA(ps),tau_RTA_NU(ps),tau_MC(ps)
0,1,0,0,0,0,0
0,2,0,0,0,0,0
0,3,1.16284e-07,0,0,0,0
0,4,26.7267,18.0831,0,18.0831,0
0,5,42.2863,27.9326,0,27.9326,0
0,6,42.4462,27.9133,0,27.9133,0
1,1,0.271136,12835,3.85672e+11,12835,37089.5
1,2,2.10676,155.78,432713,155.724,849.736
1,3,3.28309,61.2723,252837,61.2575,391.431
1,4,26.6961,33.2624,1350.58,32.4629,2795.93
1,5,42.3228,26.6808,24998.1,26.6523,7621.75
1,6,42.4662,26.8471,16147.1,26.8025,1222.25
2,1,0.667555,1523.96,3.77621e+07,1523.9,3940.36
2,2,4.19096,113.793,72356.1,113.614,757.817
2,3,6.54345,46.9704,22253.1,46.8715,292.431
2,4,26.6038,35.8677,674.102,34.0557,1119.79
2,5,42.2766,24.3798,7626.53,24.3021,856.245
2,6,42.6743,29.1116,5827.86,28.9669,1012.68
3,1,1.24456,634.492,6.10042e+06,634.426,1576.5
3,2,6.23007,101.182,17788,100.61,984.712
3,3,9.75872,39.5764,22389.6,39.5065,369.083
3,4,26.4483,39.032,276.72,34.207,1625.96
3,5,42.1438,26.4419,1363.2,25.9387,4247.56
3,6,43.0528,23.0082,7312.33,22.936,294.367
4,1,2.00847,300.037,1.06747e+06,299.953,758.711
4,2,8.20166,90.2094,14460,89.6501,893.333
4,3,12.9077,32.4929,9532.11,32.3825,153.835
4,4,26.2277,44.3908,122.941,32.6145,474.664
4,5,41.9611,21.8965,6632,21.8244,167.586
4,6,43.5324,22.5071,8499.18,22.4477,62.4443
5,1,2.94524,195.867,180845,195.655,2461.48
5,2,10.0836,68.9653,6256.37,68.2134,187.974
5,3,15.9716,26.6105,4898.02,26.4667,581.238
5,4,25.9395,52.6949,98.769,34.3621,903.82
5,5,41.7424,17.5062,3418.66,17.417,554.25
5,6,44.0595,20.9814,14844.8,20.9518,1581.59
6,1,4.03167,172.57,10688.9,169.828,624.642
6,2,11.8542,79.0982,2903.01,77.0001,419.79
6,3,18.935,22.9262,3209.76,22.7636,147.141
6,4,25.5813,63.4384,83.3349,36.019,1116.01
6,5,41.5006,16.9837,170.975,15.4491,112.89
6,6,44.5785,12.4509,968.439,12.2929,131.429
7,1,5.23952,163.126,2486.18,153.082,322.11
7,2,13.493,81.1727,1894.64,77.8378,1083.4
7,3,21.7871,18.5529,493.486,17.8807,181.83
7,4,25.1512,76.9539,45.885,28.7452,157.915
7,5,41.2492,21.0616,25.1927,11.4713,365.352
7,6,45.0335,15.9271,607.506,15.5202,11148.9
8,1,6.53739,152.049,1199.64,134.945,153.244
8,2,14.9809,84.8494,1612.88,80.6088,290.072
8,3,24.5212,20.7964,96.9847,17.1244,233.335
8,4,24.6484,127.558,39.1782,29.9724,106.495
8,5,41.0018,34.7152,17.1243,11.4676,947.277
8,6,45.3712,14.5779,198.092,13.5787,438.245
9,1,7.89189,129.864,602.593,106.839,203.977
9,2,16.3017,91.7736,1617.53,86.8462,342.957
9,3,24.0737,185.302,40.059,32.9383,117.725
9,4,27.1336,22.5064,29.9962,12.8585,42.7151
9,5,40.7706,40.3499,20.8104,13.7294,348.339
9,6,45.5439,12.4516,31.284,8.90661,13387.7
10,1,9.268,148.178,671.88,121.403,166.903
10,2,17.4423,99.0117,1350.89,92.2503,620.455
10,3,23.431,217.036,39.2819,33.2618,195.706
10,4,29.621,24.3035,17.7311,10.2517,97.9317
10,5,40.5658,12.672,20.2466,7.79393,1410.85
10,6,45.5125,14.9797,4.78235,3.62504,3194.66
11,1,10.6282,138.404,500.902,108.441,257.551
11,2,18.3941,117.129,839.989,102.795,360.94
11,3,22.7292,252.507,45.3708,38.4602,50.1348
11,4,31.9783,20.4589,15.4219,8.79342,62.3082
11,5,40.3947,26.6013,32.7987,14.6883,2897.41
11,6,45.248,20.3586,6.24646,4.77989,267.139
12,1,11.9288,139.841,303.772,95.7587,221.044
12,2,19.1528,152.689,600.443,121.733,434.088
12,3,21.9868,96.7962,41.7268,29.1576,66.8256
12,4,34.1955,17.3398,11.5372,6.92776,107.221
12,5,40.2606,26.9574,54.0299,17.9844,9430.8
12,6,44.7337,27.2244,7.47268,5.86329,1087.08
13,1,13.1106,138.526,248.478,88.9414,203.1
13,2,19.718,206.076,563.594,150.9,415.235
13,3,21.2424,167.668,46.5844,36.4557,142.748
13,4,36.2542,16.428,9.4053,5.98105,216.244
13,5,40.1641,28.2076,57.7309,18.949,1480.06
13,6,43.9681,31.3152,6.86964,5.63376,336.421
14,1,14.0757,135.486,260.89,89.1754,144.569
14,2,20.0921,284.852,503.798,181.966,1045.05
14,3,20.5778,146.057,58.0335,41.5316,405.596
14,4,38.1155,16.3908,8.88382,5.76123,276.004
14,5,40.1043,36.0901,49.0114,20.7849,86463.1
14,6,42.9744,15.3544,5.25824,3.91688,41.75
15,1,14.6551,176.475,202.868,94.3767,184.062
15,2,20.1514,119.389,68.2264,43.4158,147.762
15,3,20.2781,379.207,482.887,212.406,2694.45
15,4,39.609,21.4485,10.8457,7.20327,110.6
15,5,40.0984,21.1049,38.0384,13.5738,584.768
15,6,41.8939,7.61289,0.693736,0.635798,34.0808
16,1,14.6551,176.475,202.868,94.3767,333.05
16,2,20.1514,119.389,68.2264,43.4158,121.984
16,3,20.2781,379.207,482.887,212.406,4652.03
16,4,39.609,21.4485,10.8457,7.20327,131.542
16,5,40.0984,21.1049,38.0384,13.5738,1006.54
16,6,41.8939,7.61289,0.693736,0.635798,17.5602
17,1,14.0757,135.486,260.89,89.1754,144.787
17,2,20.0921,284.852,503.798,181.966,2476.41
17,3,20.5778,146.057,58.0335,41.5316,280.818
17,4,38.1155,16.3908,8.88382,5.76123,39.1238
17,5,40.1043,36.0901,49.0114,20.7849,6826.9
17,6,42.9744,15.3544,5.25824,3.91688,21.1287
18,1,13.1106,138.526,248.478,88.9414,96.3286
18,2,19.718,206.076,563.594,150.9,1049.54
18,3,21.2424,167.668,46.5844,36.4557,164.308
18,4,36.2542,16.428,9.4053,5.98105,96.979
18,5,40.1641,28.2076,57.7309,18.949,9372.69
18,6,43.9681,31.3152,6.86964,5.63376,4.63048
19,1,11.9288,139.841,303.772,95.7587,182.621
19,2,19.1528,152.689,600.443,121.733,783.08
19,3,21.9868,96.7962,41.7268,29.1576,64.6681
19,4,34.1955,17.3398,11.5372,6.92776,85.9061
19,5,40.2606,26.9574,54.0299,17.9844,1613.19
19,6,44.7337,27.2244,7.47268,5.86329,573.883
20,1,10.6282,138.404,500.902,108.441,121.489
20,2,18.3941,117.129,839.989,102.795,280.844
20,3,22.7292,252.507,45.3708,38.4602,233.57
20,4,31.9783,20.4589,15.4219,8.79342,294.045
20,5,40.3947,26.6013,32.7987,14.6883,5430.82
20,6,45.248,20.3586,6.24646,4.77989,7.8152
21,1,9.268,148.178,671.88,121.403,185.914
21,2,17.4423,99.0117,1350.89,92.2503,171.24
21,3,23.431,217.036,39.2819,33.2618,75.7867
21,4,29.621,24.3035,17.7311,10.2517,207.136
21,5,40.5658,12.672,20.2466,7.79393,1334.83
21,6,45.5125,14.9797,4.78235,3.62504,2421.29
22,1,7.89189,129.864,602.593,106.839,155.357
22,2,16.3017,91.7736,1617.53,86.8462,413.437
22,3,24.0737,185.302,40.059,32.9383,87.8859
22,4,27.1336,22.5064,29.9962,12.8585,137.656
22,5,40.7706,40.3499,20.8104,13.7294,1350.33
22,6,45.5439,12.4516,31.284,8.90661,3266
23,1,6.53739,152.049,1199.64,134.945,329.009
23,2,14.9809,84.8494,1612.88,80.6088,264.801
23,3,24.5212,20.7964,96.9847,17.1244,132.029
23,4,24.6484,127.558,39.1782,29.9724,187.599
23,5,41.0018,34.7152,17.1243,11.4676,181
23,6,45.3712,14.5779,198.092,13.5787,405.685
24,1,5.23952,163.126,2486.18,153.082,248.604
24,2,13.493,81.1727,1894.64,77.8378,838.038
24,3,21.7871,18.5529,493.486,17.8807,455.94
24,4,25.1512,76.9539,45.885,28.7452,97.6405
24,5,41.2492,21.0616,25.1927,11.4713,648.925
24,6,45.0335,15.9271,607.506,15.5202,98.4098
25,1,4.03167,172.57,10688.9,169.828,190.901
25,2,11.8542,79.0982,2903.01,77.0001,292.065
25,3,18.935,22.9262,3209.76,22.7636,304.234
25,4,25.5813,63.4384,83.3349,36.019,1264.71
25,5,41.5006,16.9837,170.975,15.4491,541.057
25,6,44.5785,12.4509,968.439,12.2929,212.037
26,1,2.94524,195.867,180845,195.655,775.483
26,2,10.0836,68.9653,6256.37,68.2134,441.683
26,3,15.9716,26.6105,4898.02,26.4667,73.3944
26,4,25.9395,52.6949,98.769,34.3621,200.889
26,5,41.7424,17.5062,3418.66,17.417,1020.38
26,6,44.0595,20.9814,14844.8,20.9518,1546.7
27,1,2.00847,300.037,1.06747e+06,299.953,1013.86
27,2,8.20166,90.2094,14460,89.6501,275.324
27,3,12.9077,32.4929,9532.11,32.3825,125.046
27,4,26.2277,44.3908,122.941,32.6145,791.346
27,5,41.9611,21.8965,6632,21.8244,187.314
27,6,43.5324,22.5071,8499.18,22.4477,70.9448
28,1,1.24456,634.492,6.10042e+06,634.426,8018.55
28,2,6.23007,101.182,17788,100.61,508.291
28,3,9.75872,39.5764,22389.6,39.5065,217.372
28,4,26.4483,39.032,276.72,34.207,1105.18
28,5,42.1438,26.4419,1363.2,25.9387,652.354
28,6,43.0528,23.0082,7312.33,22.936,71.2218
29,1,0.667555,1523.96,3.77621e+07,1523.9,1478.7
29,2,4.19096,113.793,72356.1,113.614,635.405
29,3,6.54345,46.9704,22253.1,46.8715,190.049
29,4,26.6038,35.8677,674.102,34.0557,3287.83
29,5,42.2766,24.3798,7626.53,24.3021,86.6753
29,6,42.6743,29.1116,5827.86,28.9669,876.997
30,1,0.271136,12835,3.85672e+11,12835,19581.1
30,2,2.10676,155.78,432713,155.724,1701.42
30,3,3.28309,61.2723,252837,61.2575,355.268
30,4,26.6961,33.2624,1350.58,32.4629,15211.9
30,5,42.3228,26.6808,24998.1,26.6523,297.299
30,6,42.4662,26.8471,16147.1,26.8025,125.269
31,1,0.271136,12835,3.85672e+11,12835,22223.1
31,2,2.10676,155.78,432713,155.724,1523.25
31,3,3.28309,61.2723,252837,61.2575,302.63
31,4,26.6961,33.2624,1350.58,32.4629,3643.47
31,5,42.3228,26.6808,24998.1,26.6523,188.016
31,6,42.4662,26.8471,16147.1,26.8025,319.279
32,1,0.264878,12786.7,8.04195e+10,12786.7,13531.2
32,2,2.10455,154.972,250644,154.876,534.959
32,3,3.28799,60.1068,191627,60.0879,118.531
32,4,26.6962,31.935,1465.72,31.254,2170.47
32,5,42.257,26.5211,0,26.5211,1366.57
32,6,42.5325,27.2792,13172.1,27.2228,289.861
33,1,0.538404,1787.17,4.41872e+07,1787.1,19501
33,2,3.6525,114.076,67206.4,113.883,51.8317
33,3,5.66671,49.3316,8697.6,49.0533,190.672
33,4,26.6348,36.4248,690.661,34.6001,992.462
33,5,42.2286,25.571,9207.75,25.5002,1744
33,6,42.6706,26.6246,6797.29,26.5208,120.993
34,1,1.01315,734.833,1.04764e+07,734.781,1126.23
34,2,5.55903,99.1672,15172.1,98.5232,489.46
34,3,8.60121,41.7798,24252.1,41.708,87.8455
34,4,26.511,33.6725,706.985,32.1417,483.333
34,5,42.1505,25.3399,4729.56,25.2049,195.614
34,6,42.953,27.6608,6442.05,27.5426,505.38
35,1,1.68063,378.369,2.2162e+06,378.305,1340.62
35,2,7.50419,89.4333,13561.5,88.8474,276.52
35,3,11.6327,35.0346,16634.5,34.961,62.8416
35,4,26.3231,40.4472,122.123,30.384,611.556
35,5,42.0114,24.2051,612.289,23.2846,262.721
35,6,43.3641,25.7535,10441.9,25.6902,389.827
36,1,2.52979,232.791,415296,232.661,607.369
36,2,9.40458,84.9064,10128.9,84.2005,355.557
36,3,14.6464,29.0808,6351.47,28.9482,314.905
36,4,26.0688,47.3462,111.439,33.2287,669.548
36,5,41.8264,20.1713,279.833,18.815,5573.08
36,6,43.8527,22.0333,20992.9,22.0102,21.7039
37,1,3.54044,176.957,67533,176.494,433.096
37,2,11.2194,79.6462,5517.48,78.5129,81.8325
37,3,17.5953,24.4934,4506.53,24.361,162.834
37,4,25.7458,58.5181,90.119,35.4797,774.388
37,5,41.6102,20.047,69.5512,15.5616,789.055
37,6,44.3632,20.0765,6817.12,20.0176,52.6992
38,1,4.68647,167.296,3463.44,159.587,225.419
38,2,12.9198,76.5346,2939.21,74.5923,493.064
38,3,20.4542,20.2973,786.093,19.7864,165.338
38,4,25.3519,65.4326,50.2075,28.4089,92.2267
38,5,41.3768,22.781,29.9063,12.9309,231.425
38,6,44.8391,34.2255,3609.8,33.904,2831.26
39,1,5.93798,154.482,1608.08,140.942,100.684
39,2,14.4822,76.7051,1642.15,73.2821,130.778
39,3,23.2089,24.0801,22.4571,11.6202,92.3459
39,4,24.8857,94.3863,42.7328,29.4153,126.519
39,5,41.1401,23.7097,37.8018,14.5708,51.8228
39,6,45.2256,14.8982,476.69,14.4466,1010.14
40,1,7.26265,130.998,814.23,112.843,204.678
40,2,15.887,78.1558,1489.96,74.2605,243.906
40,3,24.3471,172.135,41.8309,33.6528,280.019
40,4,25.8513,18.8084,71.3818,14.8861,62.2001
40,5,40.9128,28.93,21.5777,12.3594,1656.28
40,6,45.4721,14.3355,65.5442,11.7628,775.777
41,1,8.62647,136.783,582.048,110.755,104.868
41,2,17.1183,85.5542,1070.28,79.2215,572.355
41,3,23.7386,194.172,37.9193,31.724,264.209
41,4,28.3767,23.342,21.7095,11.2481,40.3837
41,5,40.7063,26.1504,17.7973,10.59,13063.1
41,6,45.5352,11.2798,2.40361,1.9814,371.882
42,1,9.99362,144.562,541.827,114.116,237.143
42,2,18.1648,97.865,962.712,88.8345,255.176
42,3,23.0659,256.246,42.8633,36.7208,154.798
42,4,30.7799,23.8574,18.6099,10.4547,231.687
42,5,40.5289,24.5466,25.6225,12.5365,471.753
42,6,45.3803,17.8871,5.74954,4.35098,317.081
43,1,11.3245,139.597,379.216,102.036,186.166
43,2,19.0198,122.699,522.439,99.3631,214.335
43,3,22.3419,197.521,44.1322,36.0725,173.214
43,4,33.0525,20.3302,13.1215,7.97456,90.4637
43,5,40.3863,23.7256,27.2717,12.6877,3029.63
43,6,44.9846,22.9314,7.49883,5.65091,189.877
44,1,12.5699,135.771,268.281,90.1487,80.7744
44,2,19.6812,160.162,522.228,122.571,232.366
44,3,21.5933,156.716,44.4211,34.6107,84.5141
44,4,35.1793,16.7715,9.01778,5.86453,21.6591
44,5,40.2809,24.6441,39.4484,15.1682,1708.13
44,6,44.3385,28.0483,7.88609,6.15542,66.2396
45,1,13.6556,126.038,274.266,86.354,100.559
45,2,20.15,207.951,490.489,146.037,575.219
45,3,20.8756,161.153,56.6661,41.9243,132.526
45,4,37.1315,16.963,8.90732,5.84047,77.3808
45,5,40.2137,28.9818,42.5105,17.2331,2831.18
45,6,43.4508,23.5202,6.29234,4.96426,45.9579
46,1,14.4521,150.885,230.162,91.1384,174.929
46,2,20.3054,112.402,61.4115,39.7137,259.165
46,3,20.4292,283.733,406.408,167.084,234.949
46,4,38.8323,19.7006,9.05543,6.20383,345.652
46,5,40.1891,27.7491,39.9661,16.3778,719.778
46,6,42.379,13.6588,2.07398,1.80058,33.5372
47,1,14.7595,108.419,689.797,93.6928,570.7
47,2,20.0745,54.2257,219.556,43.4857,544.968
47,3,20.5215,192.466,2522.81,178.824,155.518
47,4,39.8473,11.8576,117.757,10.7728,7723.9
47,5,40.1379,12.6091,254.37,12.0136,907.07
47,6,41.6174,1.72694,8.68573,1.44052,13112.8
49,1,14.4535,150.878,229.322,91.0037,357.455
49,2,20.3043,120.009,60.1264,40.0571,209.107
49,3,20.4282,284.114,408.543,167.576,199.244
49,4,38.8959,19.859,8.63266,6.01706,51.0565
49,5,40.1097,26.73,48.5866,17.2435,2075.2
49,6,42.3935,13.4485,2.11044,1.82418,21.4563
50,1,13.6579,125.375,276.509,86.2618,81.0269
50,2,20.1482,206.758,481.556,144.651,455.906
50,3,20.8739,164.357,57.9997,42.8711,157.977
50,4,37.165,16.736,8.79379,5.76475,40.0616
50,5,40.1751,30.9496,51.2011,19.2896,112.923
50,6,43.4533,23.4696,6.29537,4.96388,223.775
51,1,12.5727,133.054,257.206,87.691,241.455
51,2,19.6787,159.774,521.551,122.306,1059.02
51,3,21.5913,140.518,43.54,33.2403,76.3849
51,4,35.2004,16.2887,8.9685,5.7839,42.1749
51,5,40.2614,25.8904,46.307,16.6059,230.424
51,6,44.333,28.0779,7.91231,6.17282,187.731
52,1,11.3277,139.838,378.315,102.099,239.959
52,2,19.0171,122.33,563.51,100.511,9210.97
52,3,22.34,181.553,43.5939,35.1531,64.9807
52,4,33.0663,20.1841,13.0718,7.93369,72.6886
52,5,40.379,25.0845,29.4909,13.5549,844.195
52,6,44.973,23.1559,7.55362,5.69566,392.449
53,1,9.9971,143.356,542.018,113.371,270.189
53,2,18.162,97.5463,969.272,88.627,9645.61
53,3,23.064,257.105,42.1809,36.236,73.8818
53,4,30.7884,23.7029,18.5806,10.4157,22.4465
53,5,40.5308,26.3463,27.8597,13.5409,229.495
53,6,45.3635,17.9781,5.90378,4.44432,730.609
54,1,8.63022,141.227,580.765,113.602,223.885
54,2,17.1158,85.0894,1042.08,78.6661,1113.04
54,3,23.7368,193.473,38.079,31.8169,68.8434
54,4,28.381,23.4237,21.3217,11.1617,94.4903
54,5,40.7159,24.8936,21.61,11.5679,452.692
54,6,45.5135,11.6343,2.38419,1.9787,487.681
55,1,7.26669,133.58,811.358,114.696,129.055
55,2,15.8849,78.0775,1446.73,74.0796,655.864
55,3,24.3455,162.289,41.4666,33.0276,72.2885
55,4,25.8522,18.7124,72.1637,14.8593,121.564
55,5,40.9297,30.7401,20.4234,12.2708,817.277
55,6,45.4455,14.0375,61.0925,11.4147,528.83
56,1,5.94235,154.771,1611.5,141.209,256.208
56,2,14.4808,77.1847,1590.86,73.6131,991.041
56,3,23.207,24.057,22.1774,11.5395,62.4473
56,4,24.8842,97.6889,42.7442,29.734,203.107
56,5,41.1641,24.5615,32.181,13.9298,814.276
56,6,45.1936,14.6459,432.257,14.1659,787.424
57,1,4.69126,167.698,3430.3,159.882,650.968
57,2,12.9191,75.9286,2810.03,73.931,514.705
57,3,20.4503,20.324,822.016,19.8337,408.199
57,4,25.3506,57.1953,50.7201,26.8817,368.012
57,5,41.4083,22.9907,22.9001,11.4727,267.297
57,6,44.801,33.4399,3203.42,33.0944,92.5178
58,1,3.54577,177.756,65117.4,177.272,536.238
58,2,11.2193,79.5735,5103.96,78.3519,235.69
58,3,17.5899,24.4566,4270.77,24.3173,221.79
58,4,25.7447,60.3693,90.1326,36.154,391.792
58,5,41.6504,19.3763,87.1045,15.8504,5839.5
58,6,44.3176,20.0539,6783.47,19.9948,3540.31
59,1,2.53586,233.871,412480,233.739,854.755
59,2,9.40503,84.9881,9988.25,84.271,545.796
59,3,14.64,29.1116,6274.71,28.9771,283.173
59,4,26.0679,45.9149,107.888,32.2079,1425.18
59,5,41.8777,20.218,386.148,19.2121,872.068
59,6,43.797,21.6356,19290.7,21.6113,725.273
60,1,1.68768,381.653,2.21774e+06,381.587,8642.15
60,2,7.5051,89.4972,13605.8,88.9123,653.776
60,3,11.6256,35.2036,16800.5,35.13,623.499
60,4,26.3224,39.2841,152.249,31.2268,1071.97
60,5,42.0785,23.806,964.471,23.2326,329.675
60,6,43.2936,24.938,8843.39,24.8679,1691.88
61,1,1.02144,746.172,1.07385e+07,746.12,5777.16
61,2,5.56037,99.3814,13577.2,98.6593,507.506
61,3,8.59384,42.0136,26010.9,41.9459,1277.82
61,4,26.5105,36.056,696.753,34.282,2285.05
61,5,42.2427,26.0745,4809.13,25.9339,250.269
61,6,42.8584,26.8554,5210.87,26.7177,295.289
62,1,0.547688,1823.06,4.63169e+07,1822.99,0
62,2,3.65438,114.27,74208.4,114.094,0
62,3,5.65947,49.9565,6031.15,49.5461,0
62,4,26.6345,38.1016,693.423,36.1171,0
62,5,42.3599,26.166,9807.96,26.0963,0
62,6,42.5378,26.2167,5472.01,26.0917,0
63,1,0.667555,1523.96,3.77621e+07,1523.9,6449.1
63,2,4.19096,113.793,72356.1,113.614,338.7
63,3,6.54345,46.9704,22253.1,46.8715,795.413
63,4,26.6038,35.8677,674.102,34.0557,7336.48
63,5,42.2766,24.3798,7626.53,24.3021,690.372
63,6,42.6743,29.1116,5827.86,28.9669,124.802
64,1,0.538404,1787.17,4.41872e+07,1787.1,1329.86
64,2,3.6525,114.076,67206.4,113.883,255.662
64,3,5.66671,49.3316,8697.6,49.0533,136.951
64,4,26.6348,36.4248,690.661,34.6001,1077.41
64,5,42.2286,25.571,9207.75,25.5002,1953.32
64,6,42.6706,26.6246,6797.29,26.5208,1113.3
65,1,0.657254,1488.52,3.8608e+07,1488.46,1843.8
65,2,4.18661,113.414,92744.8,113.275,431.646
65,3,6.55308,46.5619,21106.8,46.4594,171.328
65,4,26.6042,33.9215,764.652,32.4806,933.789
65,5,42.1707,23.9732,5298.95,23.8653,196.437
65,6,42.7823,29.4209,7626.79,29.3079,42.0777
66,1,1.00795,729.026,1.03073e+07,728.974,2150.04
66,2,5.55593,99.5677,14382.9,98.8831,164.646
66,3,8.60704,41.6615,24961.2,41.592,117.876
66,4,26.5113,33.6626,656.06,32.0196,1454.94
66,5,42.1049,24.8607,4082.8,24.7102,1032.3
66,6,43.0002,27.2527,8074.04,27.161,196.059
67,1,1.56611,418.277,2.59413e+06,418.21,461.761
67,2,7.29657,88.4701,11667.7,87.8043,100.688
67,3,11.145,34.8617,21706.7,34.8058,307.963
67,4,26.3551,38.1767,157.326,30.7217,373.625
67,5,42.0055,23.1948,1431.7,22.825,122.155
67,6,43.3303,24.7492,9195.84,24.6827,78.6223
68,1,2.31497,254.874,672094,254.778,286.943
68,2,9.13917,79.2291,17036.6,78.8624,449.086
68,3,13.861,31.2746,9568.83,31.1727,68.1174
68,4,26.1335,43.9147,126.166,32.576,1105.54
68,5,41.8669,21.6095,56.7392,15.6493,303.067
68,6,43.7481,24.9794,18158.2,24.9451,204.16
69,1,3.23527,192.081,144010,191.825,725.431
69,2,10.9654,73.9295,12188.9,73.4838,218.435
69,3,16.6204,26.2714,6005.31,26.157,112.799
69,4,25.8445,50.4086,94.1159,32.8266,310.764
69,5,41.696,28.417,24.9349,13.2812,1859.46
69,6,44.2096,22.9009,26994.8,22.8815,356.879
70,1,4.30288,150.864,6602.14,147.494,217.625
70,2,12.7145,70.2811,4865.75,69.2804,174.335
70,3,19.3558,22.0762,2568.3,21.8881,139.087
70,4,25.4859,60.4787,59.5296,30.0002,188.456
70,5,41.5041,28.7967,39.3447,16.6271,2484.2
70,6,44.6634,22.5029,8459.76,22.4432,116.415
71,1,5.48967,153.27,2294.77,143.674,177.734
71,2,14.3475,68.8332,2591.61,67.0523,299.364
71,3,22.0307,18.3523,355.874,17.4523,67.8366
71,4,25.0561,65.893,43.6186,26.2453,101.433
71,5,41.3029,28.4396,58.0499,19.0881,66.076
71,6,45.0567,18.2836,1284.39,18.027,16.0878
72,1,6.76476,142.718,1075.07,125.992,217.168
72,2,15.8363,68.9992,1613.28,66.1692,214.392
72,3,24.5546,108.855,42.1706,30.3954,245.956
72,4,24.6248,19.6974,97.2035,16.3785,178.447
72,5,41.1041,28.8341,70.0994,20.4304,30283
72,6,45.3387,15.1311,143.868,13.6912,1057.46
73,1,8.0954,160.677,619.668,127.593,150.234
73,2,17.1599,72.6407,1018.79,67.8061,52.5623
73,3,23.9824,186.815,41.9031,34.2261,98.7091
73,4,27.1264,24.7003,28.5781,13.249,96.5267
73,5,40.918,22.8451,99.7924,18.5895,1169.25
73,6,45.4635,12.8893,23.454,8.31807,1996.94
74,1,9.44737,148.876,505.056,114.982,179.327
74,2,18.303,72.816,726.985,66.1867,176.779
74,3,23.3435,233.137,41.0327,34.8917,61.0802
74,4,29.5267,23.6581,17.342,10.0068,63.7774
74,5,40.7533,24.4267,59.0741,17.2811,8192.66
74,6,45.3927,17.5884,3.51848,2.93195,63.2655
75,1,10.7841,146.222,402.881,107.284,81.7405
75,2,19.2563,83.5024,460.477,70.6846,140.512
75,3,22.6467,241.639,43.7932,37.0741,50.0774
75,4,31.8162,22.2227,15.5158,9.13663,115.982
75,5,40.616,23.9059,28.7924,13.0613,795.54
75,6,45.098,22.4401,5.84058,4.63438,87.4793
76,1,12.0632,138.712,294.53,94.3001,199.507
76,2,20.0157,99.2193,506.829,82.9756,142.779
76,3,21.9101,155.711,43.8051,34.1874,120.768
76,4,33.9803,18.4223,11.6398,7.13298,150.047
76,5,40.5096,20.2511,6.5201,4.93214,66.8502
76,6,44.563,25.5021,8.39115,6.3137,21.8785
77,1,13.2272,130.83,315.886,92.5136,172.982
77,2,20.5811,132.007,365.781,97.0002,99.8807
77,3,21.1711,185.415,48.5385,38.4682,54.8965
77,4,35.9949,18.6771,10.2938,6.63627,83.7178
77,5,40.4344,17.2944,13.5397,7.59421,375.262
77,6,43.7878,25.046,7.35359,5.68458,18.7044
78,1,14.1804,134.002,256.172,87.9802,172.869
78,2,20.51,151.816,58.2104,42.077,71.7056
78,3,20.9549,167.194,304.475,107.928,232.215
78,4,37.8144,20.4044,9.01946,6.25468,58.2566
78,5,40.3856,26.6865,17.243,10.4749,444.931
78,6,42.8044,17.2186,2.50381,2.18594,50.656
79,1,14.7553,173.84,190.038,90.7894,199.095
79,2,20.0839,132.078,64.5946,43.3793,224.239
79,3,21.1403,208.899,258.998,115.633,156.858
79,4,39.297,26.7103,10.0483,7.3015,144.846
79,5,40.2954,11.697,30.6969,8.46965,7018.16
79,6,41.8086,5.24206,4.90489,2.53394,155.416
80,1,14.7568,173.862,189.832,90.7482,581.345
80,2,20.0827,131.734,62.9185,42.5811,379.938
80,3,21.1393,205.963,259.468,114.82,135.529
80,4,39.4235,23.064,9.37341,6.66478,83.6828
80,5,40.131,11.571,34.5645,8.66894,1694.44
80,6,41.8453,5.65879,5.11655,2.68701,119.437
81,1,14.1842,134.785,254.682,88.1391,203.657
81,2,20.5071,156.161,57.9272,42.2535,136.603
81,3,20.9522,165.232,299.007,106.423,290.698
81,4,37.8889,18.8467,8.75657,5.97872,57.4208
81,5,40.2895,29.7566,26.6525,14.0596,571.072
81,6,42.8222,17.0809,2.58067,2.24195,27.5757
82,1,13.2324,130.919,312.194,92.2387,106.414
82,2,20.5769,130.599,348.6,95.0061,253.562
82,3,21.1674,191.022,51.0631,40.2923,114.306
82,4,36.0427,18.1902,9.41855,6.20547,71.1882
82,5,40.3836,20.1185,19.2482,9.83687,554.701
82,6,43.7845,25.585,7.39967,5.73965,171.33
83,1,12.0693,139.223,297.789,94.8696,150.561
83,2,20.0107,98.4153,481.728,81.7202,177.619
83,3,21.9061,191.707,45.7683,36.9474,108.243
83,4,34.0123,18.1868,11.495,7.04329,105.343
83,5,40.4863,21.8851,13.3471,8.29079,421.966
83,6,44.5453,25.6968,8.45363,6.36101,30.6089
84,1,10.7908,146.93,402.985,107.672,174.956
84,2,19.2511,79.1652,479.028,67.9376,1140.62
84,3,22.6428,222.98,43.2953,36.2557,122.56
84,4,31.8369,21.6031,15.4248,8.99925,25.3611
84,5,40.6127,25.4548,27.4018,13.1962,283.129
84,6,45.0689,22.5682,5.99768,4.73841,2010.25
85,1,9.45456,147.901,504.037,114.348,177.477
85,2,18.2981,73.344,675.865,66.164,431.556
85,3,23.3398,235.719,41.114,35.0079,50.0621
85,4,29.5385,23.5282,17.0848,9.89768,73.8513
85,5,40.7663,24.6336,52.6151,16.7783,397.648
85,6,45.3536,18.0776,3.37114,2.84129,937.04
86,1,8.1031,160.148,617.015,127.146,515.016
86,2,17.1559,72.7513,956.301,67.608,638.871
86,3,23.979,188.637,41.3449,33.9121,186.343
86,4,27.1308,24.4659,28.4155,13.1466,99.9098
86,5,40.9456,22.9532,84.3478,18.0432,529.177
86,6,45.4146,12.6308,18.0994,7.43926,243.217
87,1,6.77302,143.621,1070.6,126.633,332.415
87,2,15.8337,69.3949,1510.96,66.3477,966.617
87,3,24.5515,117.025,42.073,30.947,231.334
87,4,24.6233,19.5898,97.972,16.3255,64.5604
87,5,41.1454,29.9199,58.8165,19.8316,393.406
87,6,45.2799,14.6774,125.463,13.1402,654.112
88,1,5.49859,153.78,2274.07,144.04,316.313
88,2,14.3464,68.8314,2477.66,66.9709,33474.6
88,3,22.0244,18.2855,356.021,17.3922,89.1501
88,4,25.0534,81.9194,45.2726,29.1583,1338.93
88,5,41.3579,29.399,45.7444,17.897,4169.71
88,6,44.9873,21.1397,1018.91,20.71,368.438
89,1,4.3126,150.962,6495.27,147.533,863.962
89,2,12.7149,70.3987,4586.52,69.3345,3896.76
89,3,19.3459,22.0402,2428.89,21.842,187.166
89,4,25.4836,61.7173,59.3854,30.2645,682.843
89,5,41.5735,28.4059,31.4072,14.9156,1002.62
89,6,44.5821,19.3231,5900.01,19.2601,292.668
90,1,3.24599,193.663,141522,193.398,1590.23
90,2,10.9671,74.0393,11809.9,73.578,6552.84
90,3,16.6081,26.2635,5752.07,26.1442,1334.46
90,4,25.8425,56.4257,90.6378,34.7761,909.395
90,5,41.7815,26.2475,25.7688,13.003,416.335
90,6,44.1144,21.9125,24159.5,21.8927,163.199
91,1,2.32687,257.17,671361,257.071,1477.39
91,2,9.14196,79.2269,15351.2,78.8201,2527.41
91,3,13.8473,31.3952,9225.01,31.2887,451.41
91,4,26.1319,43.6841,125.707,32.4185,9520.58
91,5,41.9708,22.3356,81.4837,17.5303,1430.22
91,6,43.6364,25.7035,14004.4,25.6564,860.327
92,1,1.57922,425.557,2.63265e+06,425.488,0
92,2,7.30027,88.5594,11798.3,87.8996,0
92,3,11.1309,35.0995,21313,35.0418,0
92,4,26.3539,39.4135,170.708,32.0206,0
92,5,42.1298,22.8888,2039.79,22.6349,0
92,6,43.2001,24.0263,7129.45,23.9456,0
93,1,1.02144,746.172,1.07385e+07,746.12,2860.25
93,2,5.56037,99.3814,13577.2,98.6593,1409.55
93,3,8.59384,42.0136,26010.9,41.9459,666.518
93,4,26.5105,36.056,696.753,34.282,4535.86
93,5,42.2427,26.0745,4809.13,25.9339,4473.13
93,6,42.8584,26.8554,5210.87,26.7177,352.153
94,1,1.24456,634.492,6.10042e+06,634.426,3755.43
94,2,6.23007,101.182,17788,100.61,186.678
94,3,9.75872,39.5764,22389.6,39.5065,174.764
94,4,26.4483,39.032,276.72,34.207,1763.67
94,5,42.1438,26.4419,1363.2,25.9387,788.457
94,6,43.0528,23.0082,7312.33,22.936,319.94
95,1,1.01315,734.833,1.04764e+07,734.781,3980.33
95,2,5.55903,99.1672,15172.1,98.5232,247.789
95,3,8.60121,41.7798,24252.1,41.708,114.218
95,4,26.511,33.6725,706.985,32.1417,1208.28
95,5,42.1505,25.3399,4729.56,25.2049,377.478
95,6,42.953,27.6608,6442.05,27.5426,38.2169
96,1,1.00795,729.026,1.03073e+07,728.974,971.639
96,2,5.55593,99.5677,14382.9,98.8831,188.14
96,3,8.60704,41.6615,24961.2,41.592,174.165
96,4,26.5113,33.6626,656.06,32.0196,488.245
96,5,42.1049,24.8607,4082.8,24.7102,24.7392
96,6,43.0002,27.2527,8074.04,27.161,559.726
97,1,1.23183,626.1,5.40502e+06,626.027,2146.58
97,2,6.22375,100.816,18685.4,100.275,253.587
97,3,9.7728,39.29,23134,39.2233,120.461
97,4,26.4492,38.3765,272.957,33.646,864.866
97,5,42.0321,23.9373,1192.74,23.4664,1004.35
97,6,43.1689,24.4644,10271.6,24.4062,141.357
98,1,1.672,376.401,2.13682e+06,376.335,2656.59
98,2,7.49845,89.3265,13907.9,88.7565,193.837
98,3,11.6437,34.9264,17263.5,34.8559,133.439
98,4,26.3239,39.7791,140.643,31.0087,535.438
98,5,41.9431,23.4391,535.297,22.4558,311.656
98,6,43.4363,26.1865,13912,26.1373,393.727
99,1,2.3109,254.237,676978,254.141,1808.01
99,2,9.1358,79.2193,16480.7,78.8404,191.757
99,3,13.867,31.2656,9470.63,31.1628,81.2932
99,4,26.134,43.6007,127.173,32.4689,247.296
99,5,41.8369,20.3764,61.1874,15.2859,292.312
99,6,43.7804,25.3759,22909.8,25.3479,185.241
100,1,3.1293,201.079,185547,200.861,562.431
100,2,10.9171,68.7626,16341.3,68.4745,142.588
100,3,16.2552,27.6982,6779.1,27.5855,119.894
100,4,25.8778,53.1814,94.4717,34.0266,257.854
100,5,41.7136,28.4002,33.5204,15.3743,62.9914
100,6,44.1704,25.4198,35902,25.4018,67.9651
101,1,4.10462,158.873,21663,157.717,665.113
101,2,12.7073,63.3799,8356.09,62.9028,150.318
101,3,18.7076,22.8863,3284.94,22.728,232.829
101,4,25.5533,56.1261,62.016,29.4621,282.999
101,5,41.5766,33.8037,41.5666,18.6427,302.424
101,6,44.5668,22.661,19044.6,22.6341,512.931
102,1,5.21066,148.618,2457.98,140.144,229.989
102,2,14.4259,60.623,3775.27,59.6649,632.351
102,3,21.1668,19.5667,812.896,19.1068,118.365
102,4,25.159,63.5679,50.464,28.1315,245.179
102,5,41.4318,33.8206,68.133,22.6014,2454.74
102,6,44.9251,25.2075,3253.15,25.0136,259.299
103,1,6.41826,150.873,1337.61,135.58,226.114
103,2,16.0218,59.5967,1899.49,57.7838,199.466
103,3,23.5989,22.2594,40.2486,14.3327,84.3928
103,4,24.6942,95.652,44.7255,30.4756,138.492
103,5,41.2861,34.5681,88.0761,24.8248,25694
103,6,45.1992,16.2293,493.881,15.7129,569.155
104,1,7.69623,162.724,758.178,133.971,155.314
104,2,17.4607,61.3556,1067.13,58.0198,83.5296
104,3,24.1592,122.73,43.6616,32.2047,83.5745
104,4,25.9836,22.5361,41.1984,14.5675,64.3314
104,5,41.1463,29.4558,161.447,24.9108,2242.83
104,6,45.3449,14.545,52.363,11.3831,2482.17
105,1,9.01201,163.435,503.441,123.381,53.6284
105,2,18.7202,62.188,807.434,57.7408,116.885
105,3,23.5567,235.294,45.0033,37.7778,71.2334
105,4,28.3068,22.9805,25.3233,12.0475,122.527
105,5,41.0183,28.0875,114.58,22.5578,274.847
105,6,45.3226,15.6958,3.57695,2.91308,160.305
106,1,10.3315,148.053,386.778,107.069,62.25
106,2,19.7873,66.4187,411.035,57.1792,101.484
106,3,22.8927,257.688,41.1509,35.4843,57.7292
106,4,30.555,23.8958,14.9441,9.19419,54.7171
106,5,40.9069,26.4146,124.586,21.7939,34.5248
106,6,45.1002,20.2103,7.07263,5.23917,217.073
107,1,11.6173,143.28,312.512,98.2394,142.501
107,2,20.6559,71.6824,405.026,60.9036,207.628
107,3,22.1794,156.215,44.465,34.6128,57.9214
107,4,32.7117,20.9167,14.0068,8.38906,22.7904
107,5,40.8145,23.679,117.213,19.6993,700.603
107,6,44.656,23.3706,8.10159,6.01607,92.7534
108,1,12.8229,131.091,348.177,95.2348,57.1361
108,2,21.3257,83.6255,277.283,64.2488,137.476
108,3,21.442,160.006,46.6557,36.1228,86.6472
108,4,34.7536,19.2903,10.758,6.90639,85.2235
108,5,40.7402,18.7213,109.496,15.9877,249.383
108,6,43.9834,22.2735,6.67972,5.13866,49.9897
109,1,13.8785,134.16,322.389,94.7364,146.006
109,2,20.7335,181.714,55.6874,42.6248,67.6776
109,3,21.7994,104.873,198.228,68.5867,101.777
109,4,36.646,19.325,8.57149,5.93781,23.9242
109,5,40.6727,19.7543,75.1896,15.6442,357.988
109,6,43.1025,20.1433,3.36703,2.88482,33.6467
110,1,14.6584,146.584,195.47,83.7668,133.333
110,2,20.1669,143.791,59.7889,42.2297,89.3509
110,3,22.0809,138.285,165.257,75.2862,59.7462
110,4,38.3236,21.8185,8.60394,6.17062,89.2581
110,5,40.5394,18.9657,60.6444,14.4474,10410.8
110,6,42.1322,7.57699,5.82582,3.2935,69.2993
111,1,14.9625,99.239,598.38,85.1219,2346.37
111,2,19.935,59.8871,197.506,45.9533,1070.3
111,3,22.1734,84.7149,946.807,77.7576,110.182
111,4,39.5004,11.2634,57.6406,9.42226,480.041
111,5,40.0345,5.47124,38.8917,4.79648,53.9106
111,6,41.6517,3.62605,52.2504,3.39074,1700.6
113,1,14.6626,146.31,203.465,85.109,650.842
113,2,20.1635,155.546,60.2984,43.4534,147.721
113,3,22.0783,135.511,165.65,74.5363,71.6278
113,4,38.4325,20.4988,8.31011,5.913,36.9806
113,5,40.3749,18.2809,40.392,12.5851,206.054
113,6,42.1841,8.21539,6.38513,3.59277,195.865
114,1,13.8855,134.62,330.388,95.6473,529.265
114,2,20.7282,178.085,53.9529,41.4079,196.426
114,3,21.7945,106.745,191.947,68.5971,339.423
114,4,36.7206,18.552,8.52102,5.8391,88.8067
114,5,40.578,21.2938,68.048,16.2186,245.097
114,6,43.1152,19.6185,3.43534,2.92343,134.997
115,1,12.8315,132.021,360.844,96.6574,272.38
115,2,21.3192,82.5284,271.35,63.2818,185.671
115,3,21.4361,150.352,48.0644,36.4213,71.9329
115,4,34.8058,18.8739,10.6219,6.79678,35.2705
115,5,40.6928,19.4782,92.4551,16.0887,212.581
115,6,43.9672,22.6797,6.62466,5.12706,875.074
116,1,11.6268,143.608,317.094,98.8429,156.962
116,2,20.6488,72.3158,357.656,60.1532,128.163
116,3,22.1735,220.689,44.8519,37.2761,76.2085
116,4,32.7473,20.5996,13.8115,8.26802,33.6199
116,5,40.7999,24.0897,95.3085,19.2293,238.882
116,6,44.6196,24.0588,8.26064,6.14927,8060.43
117,1,10.3418,149.387,382.86,107.458,319.428
117,2,19.7806,67.2018,419.347,57.9199,504.657
117,3,22.8869,233.342,39.8619,34.0458,283.017
117,4,30.577,23.6624,15.1836,9.24883,105.09
117,5,40.9181,26.5465,100.648,21.006,1218.74
117,6,45.0474,19.9804,7.18915,5.28688,599.351
118,1,9.02304,164.528,501.532,123.887,289.371
118,2,18.715,62.469,745.901,57.6415,423.113
118,3,23.5513,222.806,43.6845,36.5235,127.801
118,4,28.3173,22.6187,25.1397,11.9063,90.452
118,5,41.0515,28.13,96.1871,21.7649,736.975
118,6,45.2552,15.1926,4.02855,3.18421,212.962
119,1,7.70795,164.584,755.245,135.135,127.817
119,2,17.4575,61.6882,915.04,57.7921,1011.06
119,3,24.1543,136.906,43.4488,32.9817,97.5649
119,4,25.9843,22.2046,41.6063,14.4779,107.632
119,5,41.1994,30.1814,161.23,25.4224,424.121
119,6,45.2636,13.9356,39.6288,10.31,356.317
120,1,6.43073,152.799,1317.21,136.916,852.972
120,2,16.0211,59.583,1770.54,57.6432,423.566
120,3,23.5917,22.1547,40.3206,14.2983,86.5534
120,4,24.6898,102.883,45.3926,31.4963,588.118
120,5,41.3578,35.6425,72.1688,23.8591,293.514
120,6,45.1041,14.7196,355.47,14.1343,37.2223
121,1,5.22398,149.222,2438.99,140.619,1168.93
121,2,14.4276,60.7151,3508.45,59.6823,1654.46
121,3,21.1535,19.4825,751.79,18.9904,171.739
121,4,25.1552,59.9541,48.1816,26.7135,980.642
121,5,41.5212,34.7418,39.1718,18.412,149.56
121,6,44.8163,26.764,2097.35,26.4268,658.259
122,1,4.11889,159.573,20996.8,158.369,2429.39
122,2,12.7111,63.4564,7912.97,62.9516,45508.5
122,3,18.6903,22.8406,3193.89,22.6785,391.157
122,4,25.55,55.8152,61.9563,29.3628,2829.06
122,5,41.6829,33.1367,46.8626,19.4111,4888.38
122,6,44.4444,22.215,21346.3,22.1919,913.207
123,1,3.14454,202.816,180358,202.588,0
123,2,10.9223,68.6983,15610.6,68.3973,0
123,3,16.2358,27.7785,6591.78,27.662,0
123,4,25.8751,55.6556,92.476,34.7448,0
123,5,41.8355,28.8697,22.3577,12.5999,0
123,6,44.0354,24.0086,24592.4,23.9852,0
124,1,2.32687,257.17,671361,257.071,8842.07
124,2,9.14196,79.2269,15351.2,78.8201,2950.53
124,3,13.8473,31.3952,9225.01,31.2887,336.544
124,4,26.1319,43.6841,125.707,32.4185,3189.68
124,5,41.9708,22.3356,81.4837,17.5303,3236.85
124,6,43.6364,25.7035,14004.4,25.6564,1348.69
125,1,1.68768,381.653,2.21774e+06,381.587,5721.88
125,2,7.5051,89.4972,13605.8,88.9123,536.347
125,3,11.6256,35.2036,16800.5,35.13,393.763
125,4,26.3224,39.2841,152.249,31.2268,1099.05
125,5,42.0785,23.806,964.471,23.2326,176.843
125,6,43.2936,24.938,8843.39,24.8679,237.544
126,1,2.00847,300.037,1.06747e+06,299.953,2769.27
126,2,8.20166,90.2094,14460,89.6501,159.886
126,3,12.9077,32.4929,9532.11,32.3825,206.562
126,4,26.2277,44.3908,122.941,32.6145,382.937
126,5,41.9611,21.8965,6632,21.8244,273.971
126,6,43.5324,22.5071,8499.18,22.4477,7.41625
127,1,1.68063,378.369,2.2162e+06,378.305,1131.6
127,2,7.50419,89.4333,13561.5,88.8474,141.582
127,3,11.6327,35.0346,16634.5,34.961,102.727
127,4,26.3231,40.4472,122.123,30.384,1409.68
127,5,42.0114,24.2051,612.289,23.2846,912.647
127,6,43.3641,25.7535,10441.9,25.6902,1235.62
128,1,1.56611,418.277,2.59413e+06,418.21,1096.2
128,2,7.29657,88.4701,11667.7,87.8043,175.255
128,3,11.145,34.8617,21706.7,34.8058,144.518
128,4,26.3551,38.1767,157.326,30.7217,453.875
128,5,42.0055,23.1948,1431.7,22.825,133.133
128,6,43.3303,24.7492,9195.84,24.6827,529.347
129,1,1.672,376.401,2.13682e+06,376.335,659.875
129,2,7.49845,89.3265,13907.9,88.7565,152.588
129,3,11.6437,34.9264,17263.5,34.8559,344.347
129,4,26.3239,39.7791,140.643,31.0087,99.6745
129,5,41.9431,23.4391,535.297,22.4558,632.971
129,6,43.4363,26.1865,13912,26.1373,66.6849
130,1,1.99398,298.531,1.03328e+06,298.444,271.628
130,2,8.1936,90.0113,15013.6,89.4748,338.929
130,3,12.9259,32.3518,9808.88,32.2454,237.589
130,4,26.2293,44.4148,134.779,33.4062,395.205
130,5,41.8491,21.7667,16662.2,21.7383,519.569
130,6,43.6521,21.4578,16321.5,21.4296,1727.83
131,1,2.51861,231.569,407050,231.438,1106.37
131,2,9.39662,84.7968,10197.8,84.0975,116.671
131,3,14.6622,29.0121,6345.31,28.88,391.438
131,4,26.0703,47.4915,109.284,33.1051,532.463
131,5,41.7466,20.0335,312.543,18.8267,2067.48
131,6,43.9395,22.9934,34476.6,22.978,236.699
132,1,3.22798,191.465,143648,191.21,375.811
132,2,10.959,73.9883,11488.2,73.5148,469.081
132,3,16.6321,26.1676,5767.88,26.0494,45.0963
132,4,25.8457,52.1263,95.2259,33.6865,321.368
132,5,41.6469,28.2702,20.6835,11.9445,787.158
132,6,44.2641,23.4828,36219.3,23.4676,1401.02
133,1,4.10112,159.148,21582.7,157.984,168.635
133,2,12.7035,63.468,8076.87,62.9732,266.192
133,3,18.7141,22.8436,3196.05,22.6815,301.146
133,4,25.554,56.162,63.3498,29.7699,243.047
133,5,41.554,33.6925,41.0836,18.5114,295.15
133,6,44.5923,22.6545,20028.9,22.6289,1197.34
134,1,5.1138,126.493,2474.39,120.341,138.584
134,2,14.4908,57.1107,3913.65,56.2893,288.085
134,3,20.8433,18.5013,880.431,18.1205,137.913
134,4,25.1939,65.3193,54.3222,29.6577,122.928
134,5,41.4689,35.9593,73.8686,24.1857,266.467
134,6,44.8891,27.2752,8881.56,27.1917,166.936
135,1,6.2389,151.663,1800.23,139.878,155.31
135,2,16.2209,54.6731,2899.91,53.6614,104.075
135,3,22.9872,18.0095,97.4298,15.1999,52.5893
135,4,24.7647,58.0593,44.9936,25.3491,60.233
135,5,41.3914,40.6223,67.2741,25.3283,11775.3
135,6,45.1178,21.3838,1339.86,21.0479,710.913
136,1,7.44708,164.174,901.185,138.874,154.352
136,2,17.8233,53.1424,1386.59,51.1808,196.334
136,3,24.2666,116.388,47.3436,33.654,156.043
136,4,25.1307,20.3527,58.6732,15.111,66.4484
136,5,41.3209,38.9937,82.0225,26.4292,4688.07
136,6,45.2415,14.9608,138.736,13.5045,16004.6
137,1,8.70759,167.112,502.43,125.402,159.052
137,2,19.2511,52.5898,861.616,49.5645,124.786
137,3,23.7014,160.493,45.8173,35.6422,94.6071
137,4,27.2648,26.6363,28.1043,13.6753,72.8004
137,5,41.2567,34.4322,85.6109,24.5559,683.953
137,6,45.2243,12.4915,3.19346,2.54327,284.148
138,1,9.98858,157.707,375.125,111.029,98.4254
138,2,20.477,57.7989,299.891,48.4592,64.8033
138,3,23.0733,239.432,45.1471,37.9847,57.152
138,4,29.3786,23.1043,20.2575,10.7937,114.979
138,5,41.1981,31.2328,115.692,24.5935,1048.22
138,6,45.0347,17.9819,4.96919,3.8933,647.626
139,1,11.2564,147.996,305.594,99.7085,84.4213
139,2,21.4896,61.1124,242.805,48.8237,58.9444
139,3,22.3908,211.032,42.5583,35.416,132.922
139,4,31.4547,25.1457,15.084,9.4283,76.7446
139,5,41.1439,27.8732,111.328,22.2919,176.788
139,6,44.6483,20.2401,6.87422,5.13142,220.976
140,1,12.4725,138.445,348.313,99.068,107.993
140,2,21.6704,229.502,47.5873,39.4147,72.3307
140,3,22.2881,90.5331,102.193,48.0051,82.71
140,4,33.4676,22.6949,11.4296,7.60138,132.9
140,5,41.0905,22.9626,102.555,18.7618,1383.6
140,6,44.0536,20.2986,3.32701,2.8585,14.8771
141,1,13.5844,124.263,356.397,92.1381,70.4061
141,2,20.9465,224.529,51.0431,41.5886,46.8701
141,3,22.8776,105.283,83.7629,46.6491,38.2385
141,4,35.3833,18.3237,8.27202,5.69919,153.511
141,5,41.0219,18.236,73.3692,14.6057,1149.97
141,6,43.264,28.9021,4.50641,3.89855,21.445
142,1,14.5034,139.636,290.831,94.3405,160.054
142,2,20.2941,175.595,56.7961,42.9152,35.7531
142,3,23.2651,131.387,89.2585,53.1504,182.255
142,4,37.1552,22.1334,8.70918,6.24992,69.8382
142,5,40.8579,18.8942,44.4215,13.2559,1621.32
142,6,42.3772,9.33468,6.72891,3.91022,159.017
143,1,15.0657,166.487,179.265,86.32,214.576
143,2,19.8677,145.881,66.4122,45.6363,201.492
143,3,23.4563,154.614,83.851,54.3666,55.4942
143,4,38.6884,29.1949,8.64992,6.67287,119.821
143,5,40.268,7.98065,14.1805,5.10667,195.278
143,6,41.7984,11.4187,7.1364,4.3917,1516.93
144,1,15.0688,169.226,177.436,86.6168,957.994
144,2,19.8652,147.417,66.61,45.8795,1669.77
144,3,23.4546,151.811,82.514,53.4579,25.9102
144,4,38.8064,24.6682,8.50506,6.32451,153.616
144,5,40.0988,7.7605,15.505,5.17189,347.759
144,6,41.8473,11.6727,7.63148,4.61454,682.72
145,1,14.5114,139.357,297.931,94.9458,537.022
145,2,20.2879,172.605,55.998,42.2809,230.053
145,3,23.2603,130.336,87.842,52.4753,50.0139
145,4,37.2513,21.3603,8.5041,6.0825,64.4284
145,5,40.7005,17.3971,36.1679,11.7468,490.718
145,6,42.4313,10.0831,7.23031,4.21085,316.414
146,1,13.595,124.553,355.728,92.2525,600.76
146,2,20.9388,221.709,49.0023,40.1322,141.437
146,3,22.8705,103.888,84.6367,46.6397,44.999
146,4,35.4546,17.7984,8.46733,5.7377,54.0224
146,5,40.9384,18.4337,61.83,14.2001,531.943
146,6,43.2639,28.427,4.77414,4.08764,871.991
147,1,12.4846,139.029,361.024,100.375,82.075
147,2,21.6623,213.278,48.5267,39.5321,214.294
147,3,22.2799,87.1808,98.0927,46.1577,43.0426
147,4,33.5189,22.1688,11.2053,7.44316,139.14
147,5,41.0584,22.8119,87.1602,18.0799,715.107
147,6,44.0168,20.682,3.44649,2.9542,3066.09
148,1,11.2696,148.349,321.655,101.525,102.339
148,2,21.4818,60.6113,260.354,49.1654,97.1852
148,3,22.3829,241.327,43.8043,37.0747,218.262
148,4,31.4887,24.6548,14.9049,9.28919,38.4326
148,5,41.149,27.7408,91.8655,21.3068,254.934
148,6,44.5859,21.3372,6.7067,5.1028,174.755
149,1,10.0027,159.535,379.144,112.287,287.739
149,2,20.4711,58.1385,311.892,49.0039,281.132
149,3,23.0659,162.304,43.1947,34.1154,112.812
149,4,29.3971,22.7561,20.2014,10.7014,104.693
149,5,41.2331,31.3295,96.5698,23.6552,665.916
149,6,44.9518,20.8948,6.1327,4.74115,67.4596
150,1,8.72244,169.22,497.76,126.287,495.992
150,2,19.2482,52.8574,850.751,49.7654,351.802
150,3,23.6946,175.159,44.9297,35.7576,221.053
150,4,27.2697,23.7542,28.0675,12.8657,102.133
150,5,41.3171,35.1052,72.0243,23.6016,671.379
150,6,45.1238,13.4167,3.82205,2.97465,112.636
151,1,7.46269,166.177,895.574,140.168,608.134
151,2,17.8238,53.1674,1331.18,51.1255,867.833
151,3,24.2604,122.985,46.0579,33.5089,673.546
151,4,25.1241,19.8506,58.626,14.8294,148.628
151,5,41.4035,41.2882,76.9937,26.8759,129.395
151,6,45.1254,13.0579,104.917,11.6126,849.351
152,1,6.25527,153.364,1770.9,141.141,1138.88
152,2,16.2246,55.2052,2686.12,54.0935,1051.3
152,3,22.9719,17.9344,100.118,15.2098,305.608
152,4,24.7592,66.7077,46.62,27.4418,2265.57
152,5,41.4931,41.8127,62.1067,24.9891,10578.4
152,6,44.9883,21.2297,789.649,20.6739,1910.77
153,1,5.13093,128.086,2441.64,121.701,0
153,2,14.4969,57.1593,3897.97,56.3332,0
153,3,20.8223,18.3768,843.91,17.9852,0
153,4,25.1892,64.8408,53.5003,29.3136,0
153,5,41.5863,37.911,66.2198,24.1087,0
153,6,44.7486,23.7656,6727.08,23.6819,0
154,1,4.11889,159.573,20996.8,158.369,1986.06
154,2,12.7111,63.4564,7912.97,62.9516,8171.88
154,3,18.6903,22.8406,3193.89,22.6785,586.509
154,4,25.55,55.8152,61.9563,29.3628,2966.21
154,5,41.6829,33.1367,46.8626,19.4111,1630.38
154,6,44.4444,22.215,21346.3,22.1919,560.031
155,1,3.24599,193.663,141522,193.398,4527.62
155,2,10.9671,74.0393,11809.9,73.578,827.007
155,3,16.6081,26.2635,5752.07,26.1442,297.78
155,4,25.8425,56.4257,90.6378,34.7761,486.896
155,5,41.7815,26.2475,25.7688,13.003,498.181
155,6,44.1144,21.9125,24159.5,21.8927,98.0112
156,1,2.53586,233.871,412480,233.739,1457.73
156,2,9.40503,84.9881,9988.25,84.271,1762.99
156,3,14.64,29.1116,6274.71,28.9771,408.12
156,4,26.0679,45.9149,107.888,32.2079,1648.92
156,5,41.8777,20.218,386.148,19.2121,60.6366
156,6,43.797,21.6356,19290.7,21.6113,383.521
157,1,2.94524,195.867,180845,195.655,521.906
157,2,10.0836,68.9653,6256.37,68.2134,165.612
157,3,15.9716,26.6105,4898.02,26.4667,457.537
157,4,25.9395,52.6949,98.769,34.3621,808.022
157,5,41.7424,17.5062,3418.66,17.417,43.9998
157,6,44.0595,20.9814,14844.8,20.9518,693.154
158,1,2.52979,232.791,415296,232.661,1068.39
158,2,9.40458,84.9064,10128.9,84.2005,294.562
158,3,14.6464,29.0808,6351.47,28.9482,572.683
158,4,26.0688,47.3462,111.439,33.2287,320.647
158,5,41.8264,20.1713,279.833,18.815,4766.5
158,6,43.8527,22.0333,20992.9,22.0102,719.742
159,1,2.31497,254.874,672094,254.778,2773.23
159,2,9.13917,79.2291,17036.6,78.8624,233.778
159,3,13.861,31.2746,9568.83,31.1727,302.013
159,4,26.1335,43.9147,126.166,32.576,585.329
159,5,41.8669,21.6095,56.7392,15.6493,782.124
159,6,43.7481,24.9794,18158.2,24.9451,92.7957
160,1,2.3109,254.237,676978,254.141,586.742
160,2,9.1358,79.2193,16480.7,78.8404,194.633
160,3,13.867,31.2656,9470.63,31.1628,88.8703
160,4,26.134,43.6007,127.173,32.4689,250.257
160,5,41.8369,20.3764,61.1874,15.2859,221.5
160,6,43.7804,25.3759,22909.8,25.3479,73.3715
161,1,2.51861,231.569,407050,231.438,734.338
161,2,9.39662,84.7968,10197.8,84.0975,268.252
161,3,14.6622,29.0121,6345.31,28.88,53.2571
161,4,26.0703,47.4915,109.284,33.1051,329.756
161,5,41.7466,20.0335,312.543,18.8267,194.208
161,6,43.9395,22.9934,34476.6,22.978,471.318
162,1,2.92921,194.822,177265,194.608,1581.5
162,2,10.0741,72.0436,6328.34,71.2327,217.884
162,3,15.9935,26.6217,4780.62,26.4742,86.7153
162,4,25.942,53.8613,96.4355,34.5592,151.192
162,5,41.6318,17.6862,3216.05,17.5895,169.824
162,6,44.1817,21.1977,22135.2,21.1774,764.193
163,1,3.52711,176.284,66157.7,175.815,187.809
163,2,11.2096,79.5798,4936.13,78.3172,442.096
163,3,17.6154,24.4645,4167.15,24.3217,55.3503
163,4,25.7482,58.7251,87.8373,35.1949,107.138
163,5,41.5243,19.8494,58.594,14.8267,666.383
163,6,44.4597,19.5288,11958.7,19.497,72.7947
164,1,4.29286,148.965,6643.26,145.698,131.911
164,2,12.7053,70.3214,4703.62,69.2856,86.3823
164,3,19.3731,22.0636,2447.06,21.8664,108.135
164,4,25.488,58.9877,57.3648,29.0825,43.9737
164,5,41.4423,28.7608,38.4553,16.4545,377.162
164,6,44.734,23.6791,11660.1,23.6311,702.443
165,1,5.20406,147.622,2477.09,139.319,163.722
165,2,14.4184,60.6371,3582.69,59.6279,68.2616
165,3,21.1801,19.4788,684.758,18.94,64.566
165,4,25.1606,61.4408,48.8052,27.1995,113.97
165,5,41.392,33.6807,66.4301,22.3494,2435.39
165,6,44.9709,24.8542,3823.13,24.6937,101.859
166,1,6.23565,151.565,1801.48,139.803,118.261
166,2,16.2164,55.0065,2738.36,53.9233,22.1698
166,3,22.995,18.4603,88.2698,15.2673,36.3024
166,4,24.7656,64.26,45.1777,26.5276,152.453
166,5,41.3721,40.5818,63.5315,24.7636,1090.42
166,6,45.1402,20.6249,1413.12,20.3282,733.967
167,1,7.36038,162.486,1018.98,140.14,159.618
167,2,17.9877,50.3693,1615.45,48.8462,128.729
167,3,24.3032,106.45,49.5412,33.8075,78.2562
167,4,24.8081,23.5835,50.9009,16.1164,90.7769
167,5,41.3756,42.0854,81.1217,27.7098,5276.52
167,6,45.2132,17.6728,302.594,16.6976,5921.08
168,1,8.54952,170.026,500.951,126.941,130.746
168,2,19.6407,47.2688,1009.46,45.1544,47.5738
168,3,23.775,114.536,45.5884,32.6091,192.501
168,4,26.63,26.0578,32.335,14.4295,87.9886
168,5,41.393,40.9313,53.8163,23.2488,1254.73
168,6,45.1624,13.294,38.6542,9.89194,461.699
169,1,9.77342,172.915,381.54,118.989,135.057
169,2,21.1053,57.2687,104.678,37.017,24.8788
169,3,23.1841,155.583,44.8664,34.824,26.8245
169,4,28.4762,24.2862,23.9836,12.067,101.518
169,5,41.414,36.3317,79.382,24.9243,682.393
169,6,44.962,14.2227,4.1755,3.22787,361.627
170,1,11.0015,156.028,319.069,104.786,41.5529
170,2,22.3389,70.6607,83.2012,38.2099,86.4277
170,3,22.5365,265.476,45.9175,39.1466,54.9082
170,4,30.3505,21.4007,18.8142,10.0121,79.922
170,5,41.4293,32.3263,76.0529,22.6843,599.518
170,6,44.59,25.8335,2.46349,2.24902,75.2513
171,1,12.201,139.561,378.138,101.938,158.53
171,2,21.8432,270.44,46.5207,39.6928,33.688
171,3,23.327,81.4489,106.646,46.18,73.2027
171,4,32.2362,24.1493,13.9621,8.84708,85.3889
171,5,41.4289,25.5877,71.4,18.8371,1570.79
171,6,44.0337,25.1651,3.72298,3.24318,46.5153
172,1,13.3314,132.655,360.808,96.994,123.508
172,2,21.126,204.437,46.427,37.8348,49.7272
172,3,24.0745,104.238,78.6732,44.8346,84.5218
172,4,34.0981,21.2511,9.27706,6.4579,187.853
172,5,41.3917,17.9456,58.1707,13.7146,842.483
172,6,43.3031,33.5318,5.48492,4.71386,150.062
173,1,14.3314,131.599,341.101,94.9619,99.9911
173,2,20.432,204.583,53.4082,42.3518,65.9133
173,3,24.5945,125.656,64.0892,42.4421,60.8765
173,4,35.8887,22.7281,8.66976,6.27582,167.806
173,5,41.2222,16.4619,30.0253,10.6325,3405.24
173,6,42.497,9.44316,5.6655,3.54103,26.3178
174,1,15.084,147.974,258.758,94.1393,205.708
174,2,19.8674,170.596,60.5421,44.6843,127.638
174,3,24.8998,146.987,56.529,40.8274,74.3938
174,4,37.5438,25.0674,8.04491,6.09033,115.025
174,5,40.5699,8.45806,13.5297,5.2045,334.33
174,6,41.9961,11.6048,11.8615,5.86589,1576.75
175,1,15.3847,92.261,711.031,81.6645,597.13
175,2,19.6306,68.5653,179.611,49.6223,239.829
175,3,24.9992,87.2993,76.9518,40.8998,46.1871
175,4,38.7526,10.8586,49.6066,8.90858,618.055
175,5,39.6109,4.03148,115.076,3.89502,65.9193
175,6,41.9142,8.59424,223.439,8.27592,503.114
177,1,15.0916,148.919,258.708,94.514,3944.7
177,2,19.8613,173.782,60.9498,45.1238,722.922
177,3,24.8959,144.254,56.4592,40.5776,56.445
177,4,37.6519,23.9919,7.87974,5.9316,83.0611
177,5,40.3887,7.93612,14.986,5.18847,188.742
177,6,42.0637,12.1686,10.8828,5.74491,711.507
178,1,14.3434,132.955,339.48,95.5384,316.742
178,2,20.4228,201.472,54.2925,42.7675,271.312
178,3,24.5874,122.483,64.6042,42.2954,67.7707
178,4,35.9756,22.0334,8.53024,6.14947,44.2806
178,5,41.0734,15.4405,26.5851,9.76757,105.844
178,6,42.5472,10.0764,7.38941,4.26311,695.478
179,1,13.3459,133.141,365.318,97.5785,221.781
179,2,21.1158,158.916,47.6726,36.6716,229.102
179,3,24.0657,102.313,78.9981,44.5783,37.1646
179,4,34.1643,21.1907,9.0111,6.32252,73.4735
179,5,41.3297,17.6259,48.8763,12.9543,456.786
179,6,43.2807,32.7285,5.84805,4.96151,1073.67
180,1,12.2169,140.546,381.732,102.725,437.226
180,2,21.833,282.698,49.3515,42.0166,510.175
180,3,23.3185,79.4071,107.205,45.6179,49.0316
180,4,32.2829,23.7296,13.7745,8.7154,48.8341
180,5,41.4237,25.3781,61.5136,17.966,2590.37
180,6,43.9667,25.1547,4.04773,3.48668,363.344
181,1,11.0185,157.104,317.259,105.073,276.663
181,2,22.3329,69.899,88.3589,39.0262,194.375
181,3,22.5268,311.185,47.361,41.105,39.3938
181,4,30.3785,21.0892,18.576,9.8765,129.064
181,5,41.4634,32.5966,65.5256,21.7679,628.697
181,6,44.4943,24.656,3.10683,2.75915,154.242
182,1,9.79119,174.418,377.732,119.321,507.593
182,2,21.1032,57.1157,109.046,37.483,282.514
182,3,23.1751,222.926,45.7055,37.9291,180.642
182,4,28.4868,24.292,23.8101,12.0243,242.197
182,5,41.4784,37.4574,70.662,24.4805,714.535
182,6,44.8452,14.6009,5.34454,3.91243,521.782
183,1,8.56799,171.988,502.389,128.125,736.734
183,2,19.643,47.4938,960.567,45.2561,380.589
183,3,23.7668,149.723,46.1119,35.2542,851.685
183,4,26.6257,25.7611,32.2989,14.331,443.408
183,5,41.4816,42.563,57.9286,24.5355,366.848
183,6,45.0297,10.6181,24.3412,7.3931,628.547
184,1,7.37949,165.446,1006.31,142.086,0
184,2,17.9937,50.4167,1607.66,48.8837,0
184,3,24.2959,112.058,48.7315,33.9621,0
184,4,24.7924,23.2005,51.1065,15.9567,0
184,5,41.483,44.5454,79.1779,28.5073,0
184,6,45.0687,14.1571,202.16,13.2306,0
185,1,6.25527,153.364,1770.9,141.141,2382.65
185,2,16.2246,55.2052,2686.12,54.0935,1211.71
185,3,22.9719,17.9344,100.118,15.2098,301.852
185,4,24.7592,66.7077,46.62,27.4418,2015.32
185,5,41.4931,41.8127,62.1067,24.9891,1265.26
185,6,44.9883,21.2297,789.649,20.6739,629.669
186,1,5.22398,149.222,2438.99,140.619,1097.26
186,2,14.4276,60.7151,3508.45,59.6823,1518.52
186,3,21.1535,19.4825,751.79,18.9904,231.295
186,4,25.1552,59.9541,48.1816,26.7135,636.474
186,5,41.5212,34.7418,39.1718,18.412,336.511
186,6,44.8163,26.764,2097.35,26.4268,860.965
187,1,4.3126,150.962,6495.27,147.533,561.303
187,2,12.7149,70.3987,4586.52,69.3345,5528.76
187,3,19.3459,22.0402,2428.89,21.842,392.311
187,4,25.4836,61.7173,59.3854,30.2645,1307.72
187,5,41.5735,28.4059,31.4072,14.9156,819.11
187,6,44.5821,19.3231,5900.01,19.2601,935.306
188,1,3.54577,177.756,65117.4,177.272,1339.32
188,2,11.2193,79.5735,5103.96,78.3519,594.491
188,3,17.5899,24.4566,4270.77,24.3173,214.353
188,4,25.7447,60.3693,90.1326,36.154,578.734
188,5,41.6504,19.3763,87.1045,15.8504,352.633
188,6,44.3176,20.0539,6783.47,19.9948,1437.14
189,1,4.03167,172.57,10688.9,169.828,520.229
189,2,11.8542,79.0982,2903.01,77.0001,92.8778
189,3,18.935,22.9262,3209.76,22.7636,48.8839
189,4,25.5813,63.4384,83.3349,36.019,209.358
189,5,41.5006,16.9837,170.975,15.4491,214.28
189,6,44.5785,12.4509,968.439,12.2929,262.356
190,1,3.54044,176.957,67533,176.494,311.668
190,2,11.2194,79.6462,5517.48,78.5129,166.108
190,3,17.5953,24.4934,4506.53,24.361,72.5625
190,4,25.7458,58.5181,90.119,35.4797,234.675
190,5,41.6102,20.047,69.5512,15.5616,1172.03
190,6,44.3632,20.0765,6817.12,20.0176,170.932
191,1,3.23527,192.081,144010,191.825,421.522
191,2,10.9654,73.9295,12188.9,73.4838,199.151
191,3,16.6204,26.2714,6005.31,26.157,103.959
191,4,25.8445,50.4086,94.1159,32.8266,208.037
191,5,41.696,28.417,24.9349,13.2812,328.532
191,6,44.2096,22.9009,26994.8,22.8815,201.284
192,1,3.1293,201.079,185547,200.861,283.509
192,2,10.9171,68.7626,16341.3,68.4745,259.096
192,3,16.2552,27.6982,6779.1,27.5855,46.0422
192,4,25.8778,53.1814,94.4717,34.0266,173.794
192,5,41.7136,28.4002,33.5204,15.3743,1188.05
192,6,44.1704,25.4198,35902,25.4018,210.802
193,1,3.22798,191.465,143648,191.21,271.576
193,2,10.959,73.9883,11488.2,73.5148,129.518
193,3,16.6321,26.1676,5767.88,26.0494,124.291
193,4,25.8457,52.1263,95.2259,33.6865,102.183
193,5,41.6469,28.2702,20.6835,11.9445,232.841
193,6,44.2641,23.4828,36219.3,23.4676,50.4102
194,1,3.52711,176.284,66157.7,175.815,634.286
194,2,11.2096,79.5798,4936.13,78.3172,88.0116
194,3,17.6154,24.4645,4167.15,24.3217,69.0594
194,4,25.7482,58.7251,87.8373,35.1949,164.483
194,5,41.5243,19.8494,58.594,14.8267,186.584
194,6,44.4597,19.5288,11958.7,19.497,49.2229
195,1,4.01411,170.664,10725.9,167.991,123.92
195,2,11.8436,77.8093,3015.34,75.8519,196.281
195,3,18.9604,22.8432,3137.81,22.6781,135.25
195,4,25.5849,64.4768,84.9325,36.6522,253.41
195,5,41.3922,17.0071,115.96,14.8318,3440.18
195,6,44.7028,22.4535,1264.52,22.0618,256.676
196,1,4.67114,165.801,3503.04,158.308,168.559
196,2,12.9086,76.7645,2829.86,74.7371,189.812
196,3,20.4786,20.166,1300.84,19.8582,120.802
196,4,25.3553,63.9686,51.3322,28.479,115.919
196,5,41.2877,22.616,29.6502,12.8299,131.781
196,6,44.9427,31.7273,5170.3,31.5338,286.155
197,1,5.47716,152.433,2304.97,142.977,134.79
197,2,14.336,68.8587,2453.39,66.9788,103.042
197,3,22.0537,18.3888,282.306,17.2642,87.042
197,4,25.0593,79.6531,47.5792,29.7867,140.568
197,5,41.2323,28.468,56.7715,18.9603,24.6766
197,6,45.1394,17.5772,1677.54,17.395,380.804
198,1,6.40879,150.875,1325.93,135.461,176.489
198,2,16.0108,59.5997,1734.52,57.6199,158.455
198,3,23.6195,22.3984,41.8029,14.5841,52.5514
198,4,24.6969,92.3145,45.1716,30.3303,102.358
198,5,41.2329,34.5772,93.3005,25.2278,557.046
198,6,45.2615,17.0475,578.611,16.5596,219.422
199,1,7.44073,163.493,905.817,138.496,104.759
199,2,17.814,53.142,1221.01,50.9256,131.732
199,3,24.2687,116.722,46.9837,33.4993,74.8968
199,4,25.1473,20.3665,58.2486,15.0902,46.8705
199,5,41.2846,38.0544,77.9715,25.5732,561.779
199,6,45.2835,16.5531,147.815,14.8861,960.45
200,1,8.54631,170.034,502.417,127.04,124.251
200,2,19.6349,47.3507,983.315,45.1753,199.503
200,3,23.7762,128.822,46.8204,34.3396,163.179
200,4,26.64,26.1713,32.2977,14.4568,72.0382
200,5,41.3741,40.361,48.1139,21.9489,202248
200,6,45.1839,13.6707,38.4388,10.0842,329.678
201,1,9.69808,178.541,389.226,122.397,87.2862
201,2,21.3688,71.2148,92.7207,40.2786,42.5954
201,3,23.2223,221.091,47.6644,39.211,37.6582
201,4,28.1274,25.8321,23.1678,12.2137,20.0434
201,5,41.4826,39.0717,74.5659,25.6378,384.025
201,6,44.9438,9.06804,1.74894,1.46617,105.356
202,1,10.8682,161.655,310.145,106.267,152.729
202,2,22.6114,401.706,46.3182,41.5297,41.1942
202,3,22.919,60.4195,183.95,45.481,77.6281
202,4,29.654,23.1268,18.3525,10.2324,65.4553
202,5,41.5905,34.6076,68.9304,23.04,269.275
202,6,44.547,20.0709,3.34394,2.86639,5.34167
203,1,12.0281,144.195,335.332,100.835,101.728
203,2,21.9511,289.781,48.3704,41.4513,43.6924
203,3,24.2124,86.714,84.7407,42.858,58.0826
203,4,31.2536,19.9659,15.0469,8.58042,59.635
203,5,41.6789,29.0671,47.7004,18.0612,354.1
203,6,43.9831,25.4299,3.95783,3.4248,30.5919
204,1,13.146,135.305,365.484,98.7477,131.766
204,2,21.2553,265.826,48.6065,41.0926,49.9516
204,3,25.2164,100.492,60.7612,37.866,36.1104
204,4,32.924,23.7132,10.8385,7.43857,94.186
204,5,41.7212,21.3123,43.7162,14.3275,468.043
204,6,43.2594,20.7513,6.11111,4.72085,46.3871
205,1,14.1789,122.923,333.24,89.7988,102.276
205,2,20.552,264.688,52.53,43.8312,79.884
205,3,25.9372,111.207,50.7945,34.8683,40.7427
205,4,34.6236,23.7446,9.41336,6.74096,75.36
205,5,41.5995,14.335,23.2874,8.87304,7149.12
205,6,42.4882,9.70808,7.35543,4.18478,37.194
206,1,15.0511,132.891,285.848,90.7168,169.616
206,2,19.906,257.38,60.0635,48.6989,104.966
206,3,26.3984,130.479,45.7909,33.8955,36.6088
206,4,36.2864,25.5356,7.87585,6.01933,30.1418
206,5,40.8573,8.77582,10.2106,4.71951,310.871
206,6,42.139,13.675,20.0266,8.12613,60677
207,1,15.6037,141.532,193.786,81.7938,220.5
207,2,19.4688,184.384,67.7415,49.5406,79.9393
207,3,26.6217,153.285,42.8567,33.4925,24.6966
207,4,37.797,27.8618,8.37842,6.44141,114.378
207,5,39.6815,5.70791,10.7677,3.73043,50.1266
207,6,42.0991,17.3181,19.6413,9.20336,241.49
208,1,15.609,145.289,192.616,82.819,280.635
208,2,19.4644,177.012,69.8906,50.1067,264.961
208,3,26.6193,152.605,43.1499,33.6385,84.949
208,4,37.8971,27.659,8.30294,6.38595,18.8485
208,5,39.5552,6.26838,11.0496,3.99949,354.234
208,6,42.1221,17.7734,19.253,9.2418,1960.6
209,1,15.0639,134.819,287.848,91.8154,1496.5
209,2,19.8958,245.475,60.1152,48.2894,461.128
209,3,26.3918,127.663,46.0974,33.8681,41.8137
209,4,36.3843,24.5479,8.03658,6.05446,22.4645
209,5,40.6797,8.20947,12.5829,4.96811,214.968
209,6,42.2091,13.8886,17.7532,7.79245,1013.43
210,1,14.1955,126.342,334.708,91.7202,540.619
210,2,20.5397,273.934,53.5885,44.8205,287.349
210,3,25.9282,110.066,50.6462,34.6858,84.6836
210,4,34.703,23.2887,9.43606,6.71521,82.4405
210,5,41.461,13.6259,20.1032,8.1213,457.738
210,6,42.5302,10.3608,6.88522,4.1364,415.366
211,1,13.1645,133.819,365.529,97.9574,463.118
211,2,21.2427,272.162,49.8674,42.1452,252.564
211,3,25.2076,97.5507,61.1661,37.594,100.962
211,4,32.983,23.2851,10.5658,7.26791,75.8771
211,5,41.6963,20.6022,37.8776,13.3441,131.656
211,6,43.1991,15.8626,6.48539,4.60333,760.771
212,1,12.0479,144.392,341.078,101.446,1390.13
212,2,21.9389,292.56,46.2158,39.9111,422.455
212,3,24.2068,85.2559,84.5377,42.4476,128.966
212,4,31.2915,19.5892,14.7964,8.4294,116.9
212,5,41.7109,29.5648,43.9101,17.6685,367.557
212,6,43.8766,27.2813,3.89017,3.40468,10.6833
213,1,10.8888,162.847,304.466,106.099,1197.1
213,2,22.6,394.086,47.0774,42.0537,282.686
213,3,22.9186,59.8369,184.495,45.1828,365.599
213,4,29.6712,22.6861,18.1618,10.0867,111.688
213,5,41.6568,36.2803,67.685,23.6197,378.938
213,6,44.4163,19.5744,3.40449,2.90009,323.295
214,1,9.7193,180.687,393.28,123.806,0
214,2,21.3734,70.7854,93.39,40.2658,0
214,3,23.2118,220.299,48.5041,39.7518,0
214,4,28.1267,25.4938,23.1867,12.1428,0
214,5,41.5729,41.1933,67.573,25.5921,0
214,6,44.7983,19.5292,2.42461,2.15683,0
215,1,8.56799,171.988,502.389,128.125,1126.74
215,2,19.643,47.4938,960.567,45.2561,277.05
215,3,23.7668,149.723,46.1119,35.2542,183.276
215,4,26.6257,25.7611,32.2989,14.331,148.443
215,5,41.4816,42.563,57.9286,24.5355,599.43
215,6,45.0297,10.6181,24.3412,7.3931,4494.29
216,1,7.46269,166.177,895.574,140.168,1005.27
216,2,17.8238,53.1674,1331.18,51.1255,1027.42
216,3,24.2604,122.985,46.0579,33.5089,794.522
216,4,25.1241,19.8506,58.626,14.8294,102.397
216,5,41.4035,41.2882,76.9937,26.8759,4110.41
216,6,45.1254,13.0579,104.917,11.6126,187.109
217,1,6.43073,152.799,1317.21,136.916,312.315
217,2,16.0211,59.583,1770.54,57.6432,748.525
217,3,23.5917,22.1547,40.3206,14.2983,50.1668
217,4,24.6898,102.883,45.3926,31.4963,232.648
217,5,41.3578,35.6425,72.1688,23.8591,180.109
217,6,45.1041,14.7196,355.47,14.1343,294.547
218,1,5.49859,153.78,2274.07,144.04,772.414
218,2,14.3464,68.8314,2477.66,66.9709,19025.1
218,3,22.0244,18.2855,356.021,17.3922,189.818
218,4,25.0534,81.9194,45.2726,29.1583,246.106
218,5,41.3579,29.399,45.7444,17.897,61.0528
218,6,44.9873,21.1397,1018.91,20.71,2134.58
219,1,4.69126,167.698,3430.3,159.882,399.068
219,2,12.9191,75.9286,2810.03,73.931,909.28
219,3,20.4503,20.324,822.016,19.8337,34.1069
219,4,25.3506,57.1953,50.7201,26.8817,416.171
219,5,41.4083,22.9907,22.9001,11.4727,428.351
219,6,44.801,33.4399,3203.42,33.0944,316.312
220,1,5.23952,163.126,2486.18,153.082,362.34
220,2,13.493,81.1727,1894.64,77.8378,351.224
220,3,21.7871,18.5529,493.486,17.8807,64.7186
220,4,25.1512,76.9539,45.885,28.7452,145.627
220,5,41.2492,21.0616,25.1927,11.4713,127.199
220,6,45.0335,15.9271,607.506,15.5202,161.419
221,1,4.68647,167.296,3463.44,159.587,295.881
221,2,12.9198,76.5346,2939.21,74.5923,682.654
221,3,20.4542,20.2973,786.093,19.7864,217.787
221,4,25.3519,65.4326,50.2075,28.4089,402.85
221,5,41.3768,22.781,29.9063,12.9309,229.836
221,6,44.8391,34.2255,3609.8,33.904,2781
222,1,4.30288,150.864,6602.14,147.494,320.989
222,2,12.7145,70.2811,4865.75,69.2804,233.111
222,3,19.3558,22.0762,2568.3,21.8881,223.419
222,4,25.4859,60.4787,59.5296,30.0002,308.286
222,5,41.5041,28.7967,39.3447,16.6271,454.558
222,6,44.6634,22.5029,8459.76,22.4432,764.84
223,1,4.10462,158.873,21663,157.717,593.435
223,2,12.7073,63.3799,8356.09,62.9028,171.598
223,3,18.7076,22.8863,3284.94,22.728,249.329
223,4,25.5533,56.1261,62.016,29.4621,224.976
223,5,41.5766,33.8037,41.5666,18.6427,201.595
223,6,44.5668,22.661,19044.6,22.6341,482.649
224,1,4.10112,159.148,21582.7,157.984,162.994
224,2,12.7035,63.468,8076.87,62.9732,950.889
224,3,18.7141,22.8436,3196.05,22.6815,58.1224
224,4,25.554,56.162,63.3498,29.7699,167.274
224,5,41.554,33.6925,41.0836,18.5114,238.355
224,6,44.5923,22.6545,20028.9,22.6289,266.042
225,1,4.29286,148.965,6643.26,145.698,126.652
225,2,12.7053,70.3214,4703.62,69.2856,157.425
225,3,19.3731,22.0636,2447.06,21.8664,185.551
225,4,25.488,58.9877,57.3648,29.0825,161.228
225,5,41.4423,28.7608,38.4553,16.4545,176.621
225,6,44.734,23.6791,11660.1,23.6311,56.0615
226,1,4.67114,165.801,3503.04,158.308,177.189
226,2,12.9086,76.7645,2829.86,74.7371,95.4964
226,3,20.4786,20.166,1300.84,19.8582,85.3518
226,4,25.3553,63.9686,51.3322,28.479,151.373
226,5,41.2877,22.616,29.6502,12.8299,1021.74
226,6,44.9427,31.7273,5170.3,31.5338,1307.48
227,1,5.22033,161.584,2507.42,151.802,175.524
227,2,13.4817,80.5232,1789.04,77.055,185.103
227,3,21.8158,18.6483,378.593,17.7729,122.673
227,4,25.1561,80.7013,46.9021,29.6627,36.6804
227,5,41.1435,23.3539,18.0307,10.175,45.8856
227,6,45.1595,16.5468,1181.31,16.3182,867.131
228,1,5.92064,153.261,1616.88,139.992,134.179
228,2,14.47,74.5479,1581.25,71.1915,167.843
228,3,23.2376,24.5318,24.8613,12.3477,25.4515
228,4,24.8904,96.7073,44.0404,30.26,110.132
228,5,41.0492,24.5898,34.6486,14.3826,785.174
228,6,45.3347,15.6235,706.869,15.2856,503.584
229,1,6.7498,142.248,1080.1,125.694,132.31
229,2,15.8231,68.3349,1472.05,65.3034,285.792
229,3,24.5591,112.53,43.7266,31.4902,45.2241
229,4,24.6536,19.7847,95.9023,16.4012,47.7361
229,5,41.0268,28.9133,62.9873,19.8167,314.545
229,6,45.4311,15.5405,172.61,14.257,678.885
230,1,7.68394,161.898,761.859,133.523,104.045
230,2,17.4468,61.3676,820.715,57.0982,78.1255
230,3,24.1633,127.16,44.0567,32.7203,128.111
230,4,26.0118,22.6272,41.2004,14.6057,64.9251
230,5,41.0818,28.4408,136.114,23.5252,263.802
230,6,45.421,14.5493,59.4092,11.6871,13217.9
231,1,8.69813,167.186,500.11,125.299,130.333
231,2,19.2374,52.7461,816.435,49.5452,92.5786
231,3,23.705,174.63,46.7845,36.899,110.723
231,4,27.2909,24.1347,28.0456,12.9718,66.3935
231,5,41.2048,33.399,82.4006,23.766,732.49
231,6,45.2841,12.8093,2.65894,2.20188,51.3488
232,1,9.7669,172.739,379.475,118.704,112.917
232,2,21.0932,57.1023,146.397,41.0793,103.008
232,3,23.1869,175.535,44.7491,35.6587,97.9753
232,4,28.4977,24.4667,23.9684,12.1075,24.6696
232,5,41.3757,35.523,75.6589,24.1733,90225.7
232,6,45.0048,14.1234,4.05127,3.14821,52.7814
233,1,10.8648,161.37,309.232,106.036,97.3849
233,2,22.613,285.255,46.743,40.1619,157.347
233,3,22.9112,60.0915,186.049,45.4211,213.975
233,4,29.6672,23.0395,18.309,10.2018,29.1866
233,5,41.5683,33.9515,59.6087,21.631,3610.28
233,6,44.571,19.2845,3.25905,2.7879,19.3069
234,1,11.9666,147.695,343.539,103.289,271.755
234,2,21.989,320.9,50.2027,43.4113,34.5669
234,3,24.5806,84.8182,79.0067,40.9047,56.9809
234,4,30.8596,20.9536,16.1988,9.13596,48.1688
234,5,41.7565,29.8274,76.2934,21.4438,631.61
234,6,43.9742,28.6369,3.90439,3.43593,16.3065
235,1,13.0464,134.291,354.238,97.3757,115.848
235,2,21.3237,240.102,48.9084,40.6317,35.6571
235,3,25.9909,100.086,52.8239,34.5754,96.6314
235,4,32.1441,18.188,12.7293,7.48837,21.7571
235,5,41.915,24.8646,56.9693,17.3097,982.259
235,6,43.2131,14.3298,6.56035,4.50013,18.0767
236,1,14.0741,122.342,334.345,89.568,100.777
236,2,20.6333,237.14,49.7136,41.0979,55.7192
236,3,27.0659,111.949,44.3078,31.744,38.4881
236,4,33.5573,22.807,9.10253,6.50594,105.739
236,5,41.9501,10.765,20.8533,7.09987,451.135
236,6,42.3678,10.3498,8.7078,4.72904,45.7157
237,1,15.0033,116.484,286.597,82.8218,218.318
237,2,19.953,357.485,55.4736,48.0217,44.7117
237,3,27.7939,120.974,39.3453,29.6893,30.0585
237,4,35.0682,24.6816,7.95406,6.01547,140.353
237,5,41.0849,7.96827,11.3395,4.67979,111.221
237,6,42.2186,15.0985,28.5121,9.87122,2934.03
238,1,15.7343,119.271,225.1,77.9622,212.52
238,2,19.3747,258.128,64.3851,51.5316,52.3018
238,3,28.2066,137.933,36.8903,29.1059,49.7289
238,4,36.5832,28.6135,7.57227,5.98769,195.988
238,5,39.8536,6.00629,11.0594,3.89237,58.9846
238,6,42.2652,17.4017,16.2573,8.40501,303.824
239,1,16.0449,90.0541,850.064,81.4278,117.772
239,2,19.1163,76.6811,167.657,52.6161,307.162
239,3,28.3378,88.3719,42.8177,28.8429,30.0063
239,4,37.7026,8.79005,20.5055,6.15262,33.7332
239,5,38.8215,3.88169,56.6821,3.6329,48.0757
239,6,42.292,11.121,140.151,10.3034,362.483
241,1,15.7466,115.319,212.148,74.709,366.999
241,2,19.3644,236.321,64.7358,50.8157,239.21
241,3,28.2012,136.185,37.2209,29.2316,31.3611
241,4,36.6857,27.289,7.78124,6.05477,20.9947
241,5,39.7166,5.79909,11.2763,3.82962,178.379
241,6,42.2931,17.3666,14.6544,7.94781,762.976
242,1,15.0216,118.1,290.791,83.989,1411.01
242,2,19.9385,357.385,56.4129,48.7222,636.289
242,3,27.7851,119.079,39.3382,29.5697,29.2086
242,4,35.1585,23.7844,7.71838,5.82733,59.7045
242,5,40.9197,8.06868,10.7578,4.61059,319.935
242,6,42.2789,15.0595,25.6892,9.49395,5864.22
243,1,14.0952,122.561,332.978,89.5865,1013.16
243,2,20.6178,252.81,51.4608,42.7573,601.745
243,3,27.0575,110.348,44.2403,31.5796,54.875
243,4,33.6278,21.4826,8.92291,6.30436,51.4872
243,5,41.8305,11.1376,15.2815,6.44229,1613.83
243,6,42.3916,11.485,9.43653,5.18025,3394.01
244,1,13.069,134.382,354.374,97.434,1901.03
244,2,21.3087,264.654,50.4927,42.4027,360.755
244,3,25.9869,98.3965,52.697,34.3178,118.315
244,4,32.1915,16.8115,12.5637,7.19023,47.5684
244,5,41.9461,25.4623,51.2205,17.0076,937.976
244,6,43.0959,13.9407,6.83389,4.58585,531.027
245,1,11.9901,148.954,344.711,104.01,0
245,2,21.9748,318.514,50.6329,43.688,0
245,3,24.583,83.9718,78.2102,40.4943,0
245,4,30.8836,20.4991,16.0097,8.98918,0
245,5,41.8242,31.7227,74.2925,22.2304,0
245,6,43.8303,32.2495,3.68205,3.30473,0
246,1,10.8888,162.847,304.466,106.099,1082.89
246,2,22.6,394.086,47.0774,42.0537,99.6392
246,3,22.9186,59.8369,184.495,45.1828,1205.2
246,4,29.6712,22.6861,18.1618,10.0867,165.475
246,5,41.6568,36.2803,67.685,23.6197,2044.24
246,6,44.4163,19.5744,3.40449,2.90009,410.741
247,1,9.79119,174.418,377.732,119.321,577.315
247,2,21.1032,57.1157,109.046,37.483,49.1877
247,3,23.1751,222.926,45.7055,37.9291,755.823
247,4,28.4868,24.292,23.8101,12.0243,37.545
247,5,41.4784,37.4574,70.662,24.4805,308.972
247,6,44.8452,14.6009,5.34454,3.91243,319.041
248,1,8.72244,169.22,497.76,126.287,169
248,2,19.2482,52.8574,850.751,49.7654,633.276
248,3,23.6946,175.159,44.9297,35.7576,249.473
248,4,27.2697,23.7542,28.0675,12.8657,87.1957
248,5,41.3171,35.1052,72.0243,23.6016,313.279
248,6,45.1238,13.4167,3.82205,2.97465,165.207
249,1,7.70795,164.584,755.245,135.135,221.61
249,2,17.4575,61.6882,915.04,57.7921,746.559
249,3,24.1543,136.906,43.4488,32.9817,318.286
249,4,25.9843,22.2046,41.6063,14.4779,116.591
249,5,41.1994,30.1814,161.23,25.4224,240.203
249,6,45.2636,13.9356,39.6288,10.31,606.874
250,1,6.77302,143.621,1070.6,126.633,223.348
250,2,15.8337,69.3949,1510.96,66.3477,4551.41
250,3,24.5515,117.025,42.073,30.947,117.739
250,4,24.6233,19.5898,97.972,16.3255,89.7342
250,5,41.1454,29.9199,58.8165,19.8316,448.649
250,6,45.2799,14.6774,125.463,13.1402,35.2742
251,1,5.94235,154.771,1611.5,141.209,229.323
251,2,14.4808,77.1847,1590.86,73.6131,1100.32
251,3,23.207,24.057,22.1774,11.5395,75.9951
251,4,24.8842,97.6889,42.7442,29.734,120.282
251,5,41.1641,24.5615,32.181,13.9298,142.38
251,6,45.1936,14.6459,432.257,14.1659,152.023
252,1,6.53739,152.049,1199.64,134.945,325.114
252,2,14.9809,84.8494,1612.88,80.6088,308.768
252,3,24.5212,20.7964,96.9847,17.1244,344.544
252,4,24.6484,127.558,39.1782,29.9724,96.3435
252,5,41.0018,34.7152,17.1243,11.4676,716.331
252,6,45.3712,14.5779,198.092,13.5787,867.851
253,1,5.93798,154.482,1608.08,140.942,194.02
253,2,14.4822,76.7051,1642.15,73.2821,251.079
253,3,23.2089,24.0801,22.4571,11.6202,73.5948
253,4,24.8857,94.3863,42.7328,29.4153,326.869
253,5,41.1401,23.7097,37.8018,14.5708,9591.22
253,6,45.2256,14.8982,476.69,14.4466,5632.67
254,1,5.48967,153.27,2294.77,143.674,184.22
254,2,14.3475,68.8332,2591.61,67.0523,194.975
254,3,22.0307,18.3523,355.874,17.4523,148.153
254,4,25.0561,65.893,43.6186,26.2453,185.715
254,5,41.3029,28.4396,58.0499,19.0881,769.157
254,6,45.0567,18.2836,1284.39,18.027,283.423
255,1,5.21066,148.618,2457.98,140.144,140.049
255,2,14.4259,60.623,3775.27,59.6649,164.507
255,3,21.1668,19.5667,812.896,19.1068,343.243
255,4,25.159,63.5679,50.464,28.1315,91.2733
255,5,41.4318,33.8206,68.133,22.6014,948.977
255,6,44.9251,25.2075,3253.15,25.0136,988.91
256,1,5.1138,126.493,2474.39,120.341,313.184
256,2,14.4908,57.1107,3913.65,56.2893,358.587
256,3,20.8433,18.5013,880.431,18.1205,52.4634
256,4,25.1939,65.3193,54.3222,29.6577,55.2284
256,5,41.4689,35.9593,73.8686,24.1857,581.343
256,6,44.8891,27.2752,8881.56,27.1917,397.505
257,1,5.20406,147.622,2477.09,139.319,189.548
257,2,14.4184,60.6371,3582.69,59.6279,140.497
257,3,21.1801,19.4788,684.758,18.94,45.6136
257,4,25.1606,61.4408,48.8052,27.1995,224.949
257,5,41.392,33.6807,66.4301,22.3494,631.583
257,6,44.9709,24.8542,3823.13,24.6937,58.7811
258,1,5.47716,152.433,2304.97,142.977,192.026
258,2,14.336,68.8587,2453.39,66.9788,125.746
258,3,22.0537,18.3888,282.306,17.2642,29.4742
258,4,25.0593,79.6531,47.5792,29.7867,121.129
258,5,41.2323,28.468,56.7715,18.9603,925.088
258,6,45.1394,17.5772,1677.54,17.395,448.717
259,1,5.92064,153.261,1616.88,139.992,115.611
259,2,14.47,74.5479,1581.25,71.1915,355.054
259,3,23.2376,24.5318,24.8613,12.3477,73.0144
259,4,24.8904,96.7073,44.0404,30.26,115.477
259,5,41.0492,24.5898,34.6486,14.3826,2222.11
259,6,45.3347,15.6235,706.869,15.2856,197.538
260,1,6.51642,150.728,1215.63,134.1,175.951
260,2,14.9693,84.4796,1572.33,80.172,360.643
260,3,24.553,21.088,96.7103,17.3129,26.6764
260,4,24.6548,134.756,41.086,31.4861,56.1986
260,5,40.8989,36.8002,18.3205,12.2313,446.804
260,6,45.4985,15.1222,251.981,14.266,855.316
261,1,7.24317,131.051,823.125,113.052,113.569
261,2,15.8742,77.319,1491.57,73.5085,219.075
261,3,24.3535,169.415,42.2404,33.8104,23.3933
261,4,25.8846,18.9694,70.7582,14.959,207.769
261,5,40.8208,32.5227,20.1494,12.4414,548.622
261,6,45.5857,14.9555,83.4734,12.6831,198.143
262,1,8.07789,159.884,616.04,126.939,89.1152
262,2,17.1455,71.8765,959.547,66.8676,64.6447
262,3,23.9886,182.621,42.2301,34.2987,113.729
262,4,27.1612,24.9446,28.4805,13.2978,24.5509
262,5,40.8351,22.5742,97.3251,18.324,341.227
262,6,45.5639,13.351,32.5068,9.46398,1767.82
263,1,8.99676,162.875,495.702,122.594,177.928
263,2,18.7042,61.7838,730.267,56.9643,294.91
263,3,23.5626,228.794,44.6421,37.3537,82.2186
263,4,28.3428,23.0917,25.0277,12.0104,71.7547
263,5,40.9435,27.2069,106.078,21.6533,1394.2
263,6,45.4107,14.6724,2.68856,2.2722,263.776
264,1,9.9758,157.672,379.495,111.391,88.1397
264,2,20.4597,57.8856,311.177,48.8065,168.181
264,3,23.0788,243.178,43.4484,36.8623,31.9905
264,4,29.4145,23.1415,20.2755,10.807,14.1856
264,5,41.1307,30.3271,110.271,23.7855,1300.41
264,6,45.1111,17.3046,4.81946,3.7696,52.889
265,1,10.9914,155.815,322.125,105.017,92.4265
265,2,22.3212,66.5852,95.0243,39.1512,132.047
265,3,22.5413,313.391,47.9276,41.5702,75.8771
265,4,30.3842,21.5108,18.6842,9.99906,12.8946
265,5,41.3696,30.8972,74.0972,21.8049,4756.6
265,6,44.6553,22.1501,2.74635,2.4434,43.9109
266,1,12.0208,142.976,332.071,99.944,75.3764
266,2,21.955,300.12,48.4985,41.7516,50.3373
266,3,24.1963,86.162,85.1359,42.823,61.1731
266,4,31.2814,20.0461,14.9235,8.5548,38.2906
266,5,41.6276,27.9038,44.901,17.2092,2612.68
266,6,44.0374,24.7439,4.03135,3.46656,106.33
267,1,13.0424,133.9,356.672,97.3526,121.541
267,2,21.3261,246.151,49.0735,40.9163,50.6381
267,3,25.9803,100.293,52.4201,34.4265,101.552
267,4,32.1609,18.1654,12.8343,7.52072,20.784
267,5,41.8741,23.7324,51.0968,16.2056,1086.8
267,6,43.2553,16.2347,6.60227,4.69352,26.2116
268,1,14.0341,120.075,326.99,87.8244,89.1994
268,2,20.6638,283.92,48.7762,41.6252,36.2178
268,3,27.5455,108.477,40.3662,29.4189,51.7544
268,4,33.105,21.394,9.71404,6.68066,70.3168
268,5,42.0734,13.3778,21.178,8.19876,1040.91
268,6,42.3236,10.8643,9.65404,5.11173,30.5826
269,1,14.9689,116.724,301.484,84.1459,121.173
269,2,19.9848,453.313,56.3422,50.1136,36.7428
269,3,28.7578,128.18,40.819,30.9599,40.2555
269,4,34.2011,22.5511,6.98138,5.331,74.5108
269,5,41.2001,7.77555,12.2878,4.76214,224.963
269,6,42.263,15.6734,36.585,10.9726,3087.18
270,1,15.7962,120.965,253.46,81.8848,67.1282
270,2,19.3324,336.512,60.2891,51.1289,47.1149
270,3,29.5412,146.284,38.9281,30.7461,33.951
270,4,35.4684,27.4981,6.29225,5.12054,113.978
270,5,39.9715,6.2739,11.2193,4.02378,31.0923
270,6,42.3757,18.1866,24.652,10.4657,1426.1
271,1,16.3729,139.187,178.106,78.1299,347.445
271,2,18.8449,264.107,70.7969,55.8308,73.8671
271,3,29.911,184.711,24.7868,21.8542,22.5053
271,4,36.7667,33.2814,6.08718,5.14598,84.9993
271,5,38.7128,6.47737,11.1306,4.09457,36.7842
271,6,42.4363,17.8895,15.3651,8.26573,196.233
272,1,16.3824,139.316,179.422,78.4229,285.755
272,2,18.8365,255.125,73.3458,56.9681,104.502
272,3,29.9077,183.471,24.6328,21.7171,32.9765
272,4,36.8571,30.2036,6.83866,5.57613,46.1912
272,5,38.6115,6.40593,10.7756,4.01755,3206.37
272,6,42.4441,18.3254,14.9596,8.23616,894.485
273,1,15.8164,122.696,252.735,82.5974,3105.65
273,2,19.3154,362.892,59.7666,51.3152,1227.97
273,3,29.5333,142.947,38.4837,30.3208,50.4827
273,4,35.567,27.2692,5.90294,4.85252,69.768
273,5,39.8386,6.48193,10.9569,4.07263,1324.18
273,6,42.3986,18.3292,23.1956,10.2386,2391.82
274,1,14.993,117.615,308.149,85.1245,5742.25
274,2,19.966,450.081,57.6093,51.0722,651.274
274,3,28.7512,125.905,40.7508,30.7864,82.5262
274,4,34.2814,22.7073,6.32338,4.94604,157.669
274,5,41.0593,7.87919,11.7166,4.71108,1648.94
274,6,42.2992,15.4478,34.522,10.6722,18950
275,1,14.0599,117.679,328.528,86.6431,0
275,2,20.6452,248.45,50.1834,41.7504,0
275,3,27.5454,106.344,39.6046,28.8575,0
275,4,33.1602,21.0306,9.33827,6.4668,0
275,5,42.1464,15.3095,23.956,9.34038,0
275,6,42.154,9.42459,9.48477,4.72729,0
276,1,13.069,134.382,354.374,97.434,1474.84
276,2,21.3087,264.654,50.4927,42.4027,844.23
276,3,25.9869,98.3965,52.697,34.3178,38.8898
276,4,32.1915,16.8115,12.5637,7.19023,198.587
276,5,41.9461,25.4623,51.2205,17.0076,1794.11
276,6,43.0959,13.9407,6.83389,4.58585,481.174
277,1,12.0479,144.392,341.078,101.446,776.686
277,2,21.9389,292.56,46.2158,39.9111,401.52
277,3,24.2068,85.2559,84.5377,42.4476,67.3753
277,4,31.2915,19.5892,14.7964,8.4294,72.401
277,5,41.7109,29.5648,43.9101,17.6685,1048.62
277,6,43.8766,27.2813,3.89017,3.40468,1036.05
278,1,11.0185,157.104,317.259,105.073,242.862
278,2,22.3329,69.899,88.3589,39.0262,134.083
278,3,22.5268,311.185,47.361,41.105,155.476
278,4,30.3785,21.0892,18.576,9.8765,49.5115
278,5,41.4634,32.5966,65.5256,21.7679,1730.48
278,6,44.4943,24.656,3.10683,2.75915,245.609
279,1,10.0027,159.535,379.144,112.287,163.275
279,2,20.4711,58.1385,311.892,49.0039,412.846
279,3,23.0659,162.304,43.1947,34.1154,247.003
279,4,29.3971,22.7561,20.2014,10.7014,32.7043
279,5,41.2331,31.3295,96.5698,23.6552,411.179
279,6,44.9518,20.8948,6.1327,4.74115,338.474
280,1,9.02304,164.528,501.532,123.887,407.721
280,2,18.715,62.469,745.901,57.6415,443.695
280,3,23.5513,222.806,43.6845,36.5235,83.1795
280,4,28.3173,22.6187,25.1397,11.9063,52.8747
280,5,41.0515,28.13,96.1871,21.7649,652.796
280,6,45.2552,15.1926,4.02855,3.18421,164.898
281,1,8.1031,160.148,617.015,127.146,290.248
281,2,17.1559,72.7513,956.301,67.608,360.899
281,3,23.979,188.637,41.3449,33.9121,86.7722
281,4,27.1308,24.4659,28.4155,13.1466,32.9153
281,5,40.9456,22.9532,84.3478,18.0432,288.35
281,6,45.4146,12.6308,18.0994,7.43926,191.345
282,1,7.26669,133.58,811.358,114.696,53.127
282,2,15.8849,78.0775,1446.73,74.0796,866.736
282,3,24.3455,162.289,41.4666,33.0276,95.0276
282,4,25.8522,18.7124,72.1637,14.8593,58.7063
282,5,40.9297,30.7401,20.4234,12.2708,164.879
282,6,45.4455,14.0375,61.0925,11.4147,405.337
283,1,7.89189,129.864,602.593,106.839,176.176
283,2,16.3017,91.7736,1617.53,86.8462,187.691
283,3,24.0737,185.302,40.059,32.9383,324.735
283,4,27.1336,22.5064,29.9962,12.8585,211.433
283,5,40.7706,40.3499,20.8104,13.7294,364.885
283,6,45.5439,12.4516,31.284,8.90661,3960.7
284,1,7.26265,130.998,814.23,112.843,67.4905
284,2,15.887,78.1558,1489.96,74.2605,365.666
284,3,24.3471,172.135,41.8309,33.6528,185.84
284,4,25.8513,18.8084,71.3818,14.8861,114.188
284,5,40.9128,28.93,21.5777,12.3594,1890.24
284,6,45.4721,14.3355,65.5442,11.7628,1172.3
285,1,6.76476,142.718,1075.07,125.992,141.564
285,2,15.8363,68.9992,1613.28,66.1692,45.1408
285,3,24.5546,108.855,42.1706,30.3954,191.729
285,4,24.6248,19.6974,97.2035,16.3785,65.5534
285,5,41.1041,28.8341,70.0994,20.4304,1604.42
285,6,45.3387,15.1311,143.868,13.6912,2774.74
286,1,6.41826,150.873,1337.61,135.58,155.314
286,2,16.0218,59.5967,1899.49,57.7838,202.259
286,3,23.5989,22.2594,40.2486,14.3327,142.139
286,4,24.6942,95.652,44.7255,30.4756,174.309
286,5,41.2861,34.5681,88.0761,24.8248,8703.57
286,6,45.1992,16.2293,493.881,15.7129,961.06
287,1,6.2389,151.663,1800.23,139.878,239.42
287,2,16.2209,54.6731,2899.91,53.6614,190.296
287,3,22.9872,18.0095,97.4298,15.1999,45.8668
287,4,24.7647,58.0593,44.9936,25.3491,222.902
287,5,41.3914,40.6223,67.2741,25.3283,4121.16
287,6,45.1178,21.3838,1339.86,21.0479,93.2066
288,1,6.23565,151.565,1801.48,139.803,151.956
288,2,16.2164,55.0065,2738.36,53.9233,304.713
288,3,22.995,18.4603,88.2698,15.2673,53.819
288,4,24.7656,64.26,45.1777,26.5276,78.6223
288,5,41.3721,40.5818,63.5315,24.7636,819.173
288,6,45.1402,20.6249,1413.12,20.3282,462.538
289,1,6.40879,150.875,1325.93,135.461,133.317
289,2,16.0108,59.5997,1734.52,57.6199,135.038
289,3,23.6195,22.3984,41.8029,14.5841,35.107
289,4,24.6969,92.3145,45.1716,30.3303,65.9174
289,5,41.2329,34.5772,93.3005,25.2278,389.049
289,6,45.2615,17.0475,578.611,16.5596,574.48
290,1,6.7498,142.248,1080.1,125.694,233.085
290,2,15.8231,68.3349,1472.05,65.3034,137.865
290,3,24.5591,112.53,43.7266,31.4902,110.404
290,4,24.6536,19.7847,95.9023,16.4012,100.724
290,5,41.0268,28.9133,62.9873,19.8167,178.408
290,6,45.4311,15.5405,172.61,14.257,568.923
291,1,7.24317,131.051,823.125,113.052,163.274
291,2,15.8742,77.319,1491.57,73.5085,115.426
291,3,24.3535,169.415,42.2404,33.8104,48.0708
291,4,25.8846,18.9694,70.7582,14.959,59.8885
291,5,40.8208,32.5227,20.1494,12.4414,137.145
291,6,45.5857,14.9555,83.4734,12.6831,132.33
292,1,7.86888,129.185,601.329,106.34,109.977
292,2,16.2902,91.4184,1579.16,86.4157,323.037
292,3,24.0819,177.274,39.8181,32.5149,34.3187
292,4,27.1684,22.7531,30.0311,12.9452,15.3889
292,5,40.6705,41.9031,21.1332,14.0482,1555.7
292,6,45.6723,13.5208,47.8066,10.5399,1236.39
293,1,8.60457,138.177,576.807,111.473,86.7024
293,2,17.1054,84.9657,1001.85,78.3232,411.159
293,3,23.7469,193.738,37.9541,31.7367,28.7907
293,4,28.4146,23.6786,21.556,11.2838,56.4667
293,5,40.6131,25.8462,23.7673,12.3816,534.731
293,6,45.6525,11.6689,2.84361,2.28643,601.604
294,1,9.427,146.348,501.368,113.282,93.8668
294,2,18.2881,70.7108,669.674,63.9575,353.427
294,3,23.3519,243.941,40.7701,34.9319,50.2338
294,4,29.5678,23.9258,17.2539,10.0247,58.0736
294,5,40.6649,24.3042,47.5109,16.079,713.886
294,6,45.5003,16.6084,4.10307,3.29023,60.3448
295,1,10.3129,148.278,389.642,107.405,83.9402
295,2,19.7699,66.2455,416.025,57.1459,267.021
295,3,22.901,269.776,40.7335,35.39,18.0255
295,4,30.599,23.9635,14.8708,9.17633,10.4006
295,5,40.8215,25.835,118.513,21.2111,599.156
295,6,45.1997,20.1767,6.8294,5.10236,79.3305
296,1,11.2398,148.262,314.941,100.806,132.997
296,2,21.4697,61.8,271.509,50.3415,62.5664
296,3,22.399,222.94,42.8236,35.9233,35.745
296,4,31.5002,25.2483,14.9131,9.37543,22.5526
296,5,41.0597,26.7497,106.459,21.3781,928.59
296,6,44.742,20.2212,7.28686,5.35658,98.2719
297,1,12.1865,140.364,380.303,102.524,51.6965
297,2,21.851,293.658,48.3522,41.5163,27.1353
297,3,23.305,80.4425,107.119,45.9418,166.143
297,4,32.2812,24.3294,13.9213,8.85465,43.7826
297,5,41.3429,24.4416,67.9777,17.9777,3627.94
297,6,44.1257,26.0718,3.60555,3.16751,82.7211
298,1,13.1338,134.678,365.657,98.4258,65.0485
298,2,21.2626,269.427,49.3437,41.7056,50.1022
298,3,25.1935,99.5502,60.8364,37.7605,21.0933
298,4,32.9653,23.9038,10.6923,7.38774,18.0059
298,5,41.6237,19.9658,40.1072,13.33,5660.78
298,6,43.3606,37.694,6.03097,5.19912,10.771
299,1,14.0647,122.377,334.164,89.5738,152.865
299,2,20.6395,214.205,49.5486,40.2404,40.3296
299,3,27.0451,111.769,44.4054,31.7795,32.6891
299,4,33.5906,22.7146,9.0493,6.47122,41.0812
299,5,41.7895,12.3488,17.1051,7.17147,264.397
299,6,42.531,11.3587,8.81697,4.96386,379.971
300,1,14.9631,115.607,302.022,83.6052,214.675
300,2,19.9891,462.295,56.2211,50.1252,89.7228
300,3,28.7442,127.853,40.7934,30.926,150.827
300,4,34.2204,22.9717,6.97457,5.35017,69.5179
300,5,41.1668,8.08619,11.3358,4.71958,95.5385
300,6,42.2983,15.0155,32.0941,10.2295,1944.33
301,1,15.809,114.211,256.001,78.9768,79.6774
301,2,19.3249,507.786,60.2878,53.8897,73.3593
301,3,30.1277,168.08,38.6426,31.4191,104.513
301,4,34.9579,25.6385,6.42104,5.135,28.4477
301,5,40.0075,6.4513,12.6121,4.26809,227.801
301,6,42.4212,19.188,24.8937,10.8358,1754.94
302,1,16.5514,110.887,194.894,70.6756,72.9192
302,2,18.6935,390.668,57.6113,50.2073,54.1523
302,3,31.0122,281.797,38.588,33.9403,26.472
302,4,35.8996,25.5701,3.90631,3.38863,28.8799
302,5,38.7475,6.50374,11.1254,4.10438,55.8634
302,6,42.5167,15.5857,23.5046,9.37154,1127.85
303,1,16.9453,77.4314,634.242,69.0067,134.956
303,2,18.3376,109.856,139.668,61.4904,88.4729
303,3,31.3057,156.626,44.4042,34.5961,1.93338
303,4,36.7621,8.22861,13.8048,5.15555,40.8897
303,5,37.7737,4.55407,42.6989,4.11516,147.666
303,6,42.5526,10.7266,63.2161,9.17051,1771.06
305,1,16.5742,111.139,198.577,71.2578,795.023
305,2,18.6731,417.063,65.2472,56.4205,188.828
305,3,31.0077,270.075,38.378,33.603,52.6594
305,4,36.0032,24.3595,5.13264,4.23939,46.1438
305,5,38.6271,6.57791,10.9478,4.10903,4062.6
305,6,42.5244,15.8981,23.331,9.45521,3424.56
306,1,15.8371,116.8,247.823,79.3855,0
306,2,19.3013,519.547,61.6886,55.1413,0
306,3,30.1268,163.36,38.5303,31.1769,0
306,4,35.0449,24.7942,6.51615,5.16004,0
306,5,39.8821,6.2065,13.7405,4.27535,0
306,6,42.4339,19.5969,24.8288,10.9524,0
307,1,14.993,117.615,308.149,85.1245,3734.94
307,2,19.966,450.081,57.6093,51.0722,421.011
307,3,28.7512,125.905,40.7508,30.7864,70.4863
307,4,34.2814,22.7073,6.32338,4.94604,142.965
307,5,41.0593,7.87919,11.7166,4.71108,445.576
307,6,42.2992,15.4478,34.522,10.6722,57821.2
308,1,14.0952,122.561,332.978,89.5865,874.166
308,2,20.6178,252.81,51.4608,42.7573,179.983
308,3,27.0575,110.348,44.2403,31.5796,126.79
308,4,33.6278,21.4826,8.92291,6.30436,30.8673
308,5,41.8305,11.1376,15.2815,6.44229,274.064
308,6,42.3916,11.485,9.43653,5.18025,419.804
309,1,13.1645,133.819,365.529,97.9574,663.883
309,2,21.2427,272.162,49.8674,42.1452,362.091
309,3,25.2076,97.5507,61.1661,37.594,55.1977
309,4,32.983,23.2851,10.5658,7.26791,43.6307
309,5,41.6963,20.6022,37.8776,13.3441,80.8021
309,6,43.1991,15.8626,6.48539,4.60333,586.825
310,1,12.2169,140.546,381.732,102.725,517.607
310,2,21.833,282.698,49.3515,42.0166,116.907
310,3,23.3185,79.4071,107.205,45.6179,44.1029
310,4,32.2829,23.7296,13.7745,8.7154,84.3176
310,5,41.4237,25.3781,61.5136,17.966,379.063
310,6,43.9667,25.1547,4.04773,3.48668,220.452
311,1,11.2696,148.349,321.655,101.525,319.42
311,2,21.4818,60.6113,260.354,49.1654,158.912
311,3,22.3829,241.327,43.8043,37.0747,90.9851
311,4,31.4887,24.6548,14.9049,9.28919,76.6146
311,5,41.149,27.7408,91.8655,21.3068,1093.7
311,6,44.5859,21.3372,6.7067,5.1028,697.902
312,1,10.3418,149.387,382.86,107.458,237.96
312,2,19.7806,67.2018,419.347,57.9199,1640.74
312,3,22.8869,233.342,39.8619,34.0458,170.418
312,4,30.577,23.6624,15.1836,9.24883,61.7375
312,5,40.9181,26.5465,100.648,21.006,11691.6
312,6,45.0474,19.9804,7.18915,5.28688,380.013
313,1,9.45456,147.901,504.037,114.348,222.419
313,2,18.2981,73.344,675.865,66.164,872.393
313,3,23.3398,235.719,41.114,35.0079,128.071
313,4,29.5385,23.5282,17.0848,9.89768,71.3943
313,5,40.7663,24.6336,52.6151,16.7783,506.149
313,6,45.3536,18.0776,3.37114,2.84129,469.422
314,1,8.63022,141.227,580.765,113.602,365.97
314,2,17.1158,85.0894,1042.08,78.6661,400.671
314,3,23.7368,193.473,38.079,31.8169,43.1941
314,4,28.381,23.4237,21.3217,11.1617,97.6803
314,5,40.7159,24.8936,21.61,11.5679,1432.59
314,6,45.5135,11.6343,2.38419,1.9787,219.534
315,1,9.268,148.178,671.88,121.403,209.815
315,2,17.4423,99.0117,1350.89,92.2503,1012.62
315,3,23.431,217.036,39.2819,33.2618,45.9778
315,4,29.621,24.3035,17.7311,10.2517,42.7328
315,5,40.5658,12.672,20.2466,7.79393,476.58
315,6,45.5125,14.9797,4.78235,3.62504,7.9086
316,1,8.62647,136.783,582.048,110.755,245.026
316,2,17.1183,85.5542,1070.28,79.2215,637.896
316,3,23.7386,194.172,37.9193,31.724,65.8512
316,4,28.3767,23.342,21.7095,11.2481,44.0595
316,5,40.7063,26.1504,17.7973,10.59,3477.75
316,6,45.5352,11.2798,2.40361,1.9814,800.95
317,1,8.0954,160.677,619.668,127.593,95.8364
317,2,17.1599,72.6407,1018.79,67.8061,98.2637
317,3,23.9824,186.815,41.9031,34.2261,62.5093
317,4,27.1264,24.7003,28.5781,13.249,122.553
317,5,40.918,22.8451,99.7924,18.5895,2563.41
317,6,45.4635,12.8893,23.454,8.31807,372.685
318,1,7.69623,162.724,758.178,133.971,111.782
318,2,17.4607,61.3556,1067.13,58.0198,111.896
318,3,24.1592,122.73,43.6616,32.2047,31.8591
318,4,25.9836,22.5361,41.1984,14.5675,18.065
318,5,41.1463,29.4558,161.447,24.9108,1067.24
318,6,45.3449,14.545,52.363,11.3831,323.275
319,1,7.44708,164.174,901.185,138.874,204.81
319,2,17.8233,53.1424,1386.59,51.1808,68.0186
319,3,24.2666,116.388,47.3436,33.654,182.546
319,4,25.1307,20.3527,58.6732,15.111,88.3268
319,5,41.3209,38.9937,82.0225,26.4292,1111.4
319,6,45.2415,14.9608,138.736,13.5045,4902.78
320,1,7.36038,162.486,1018.98,140.14,94.305
320,2,17.9877,50.3693,1615.45,48.8462,402.558
320,3,24.3032,106.45,49.5412,33.8075,93.7966
320,4,24.8081,23.5835,50.9009,16.1164,38.0622
320,5,41.3756,42.0854,81.1217,27.7098,11248.2
320,6,45.2132,17.6728,302.594,16.6976,194.354
321,1,7.44073,163.493,905.817,138.496,115.181
321,2,17.814,53.142,1221.01,50.9256,409.75
321,3,24.2687,116.722,46.9837,33.4993,68.6241
321,4,25.1473,20.3665,58.2486,15.0902,91.3312
321,5,41.2846,38.0544,77.9715,25.5732,670.672
321,6,45.2835,16.5531,147.815,14.8861,977.455
322,1,7.68394,161.898,761.859,133.523,155.878
322,2,17.4468,61.3676,820.715,57.0982,178.511
322,3,24.1633,127.16,44.0567,32.7203,30.9477
322,4,26.0118,22.6272,41.2004,14.6057,41.1043
322,5,41.0818,28.4408,136.114,23.5252,124.067
322,6,45.421,14.5493,59.4092,11.6871,1198.27
323,1,8.07789,159.884,616.04,126.939,193.788
323,2,17.1455,71.8765,959.547,66.8676,153.759
323,3,23.9886,182.621,42.2301,34.2987,79.0754
323,4,27.1612,24.9446,28.4805,13.2978,36.8201
323,5,40.8351,22.5742,97.3251,18.324,729.536
323,6,45.5639,13.351,32.5068,9.46398,16384.4
324,1,8.60457,138.177,576.807,111.473,174.934
324,2,17.1054,84.9657,1001.85,78.3232,378.13
324,3,23.7469,193.738,37.9541,31.7367,30.9074
324,4,28.4146,23.6786,21.556,11.2838,31.8428
324,5,40.6131,25.8462,23.7673,12.3816,320.872
324,6,45.6525,11.6689,2.84361,2.28643,76.2145
325,1,9.24254,147.211,668.31,120.638,112.178
325,2,17.4313,100.06,1291.04,92.8627,174.949
325,3,23.4416,226.064,39.4705,33.6034,80.3264
325,4,29.6586,24.6392,17.566,10.2549,30.5366
325,5,40.4685,16.5237,22.8122,9.58264,282.11
325,6,45.6416,15.7484,3.63853,2.95565,187.36
326,1,9.96883,142.558,538.509,112.718,41.3801
326,2,18.1523,96.8906,945.732,87.8866,265.753
326,3,23.0768,268.404,42.8005,36.9141,59.7802
326,4,30.8224,24.1695,18.4582,10.4656,42.2649
326,5,40.4343,23.4545,27.2996,12.6157,382.256
326,6,45.5012,17.5966,4.97671,3.8795,237.683
327,1,10.7603,145.793,411.909,107.68,152.277
327,2,19.2414,82.7164,439.847,69.6232,438.879
327,3,22.658,252.118,43.5654,37.1465,29.4125
327,4,31.8636,21.9613,15.3333,9.02917,17.8803
327,5,40.5212,25.5538,25.4079,12.7403,811.761
327,6,45.2127,21.7407,6.3338,4.90486,77.6101
328,1,11.5946,143.062,311.11,97.9981,88.8311
328,2,20.6381,72.6444,359.371,60.4291,103.582
328,3,22.191,178.581,44.4137,35.5678,65.9771
328,4,32.7633,21.1657,13.8356,8.36656,30.3261
328,5,40.7167,23.2651,110.514,19.2192,365.206
328,6,44.7678,22.4335,7.65529,5.70761,44.2305
329,1,12.4511,138.975,352.048,99.6407,118.974
329,2,21.6824,217.17,48.1682,39.424,44.0145
329,3,22.2669,88.3748,99.6089,46.8281,234.329
329,4,33.5217,22.8729,11.2014,7.51912,22.7673
329,5,40.9855,22.1915,97.4431,18.0751,1641.96
329,6,44.168,21.5665,2.295,2.07427,10.2121
330,1,13.3113,132.132,357.436,96.4703,85.5429
330,2,21.1383,225.182,47.9244,39.5147,86.7121
330,3,24.0501,103.173,79.3999,44.8692,264.741
330,4,34.1523,19.9999,8.60884,6.0183,28.5543
330,5,41.2686,17.2401,53.5957,13.0442,2683.69
330,6,43.4326,32.6196,5.07858,4.39441,11.4596
331,1,14.1602,126.241,334.885,91.6804,193.404
331,2,20.5646,276.239,53.1302,44.5598,62.0514
331,3,25.9103,111.645,50.9173,34.9691,119.097
331,4,34.6747,24.1542,9.46695,6.80128,33.3059
331,5,41.4321,14.3023,22.5079,8.74525,262.585
331,6,42.6609,10.5013,4.14096,2.96986,56.3641
332,1,14.986,124.774,288.025,87.0593,233.049
332,2,19.9658,370.146,56.4556,48.9844,73.0612
332,3,27.7664,120.172,39.5432,29.7528,142.714
332,4,35.112,25.0437,7.88509,5.99694,21.919
332,5,40.9986,7.60343,10.9252,4.48328,32.3862
332,6,42.3111,14.0377,22.4532,8.63755,4059.01
333,1,15.7809,120.487,243.301,80.5817,127.304
333,2,19.3448,366.295,62.4608,53.3616,68.0823
333,3,29.5171,144.663,38.949,30.6869,50.8611
333,4,35.4985,28.1379,6.20136,5.08145,33.415
333,5,39.9566,6.26464,11.12,4.00715,65.4383
333,6,42.3995,17.5418,23.2175,9.99225,4308.8
334,1,16.5393,109.671,187.811,69.239,259.036
334,2,18.7042,380.254,59.6921,51.593,58.5102
334,3,30.9984,272.722,38.5045,33.7408,74.6582
334,4,35.9078,24.2038,4.62257,3.8813,4.9976
334,5,38.7555,6.5511,11.2881,4.14534,136.436
334,6,42.5217,15.5002,23.7429,9.37794,5375.6
335,1,17.2444,106.196,150.581,62.2763,148.981
335,2,18.059,411.1,75.4839,63.774,63.1591
335,3,31.9122,588.454,55.9309,51.0763,44.2401
335,4,36.4895,25.0639,5.24998,4.34075,69.637
335,5,37.5997,8.34744,8.82264,4.28923,35.9309
335,6,42.5917,18.63,16.8788,8.85561,7369.54
336,1,17.2752,106.917,151.107,62.6141,0
336,2,18.0294,397.545,75.7093,63.5976,0
336,3,31.9141,581.702,55.7599,50.8825,0
336,4,36.6044,24.4192,4.63611,3.89637,0
336,5,37.4746,7.913,10.1238,4.44144,0
336,6,42.5929,18.8629,16.7122,8.86127,0
337,1,16.5742,111.139,198.577,71.2578,520.595
337,2,18.6731,417.063,65.2472,56.4205,193.476
337,3,31.0077,270.075,38.378,33.603,45.5744
337,4,36.0032,24.3595,5.13264,4.23939,12.2766
337,5,38.6271,6.57791,10.9478,4.10903,2831.6
337,6,42.5244,15.8981,23.331,9.45521,4386.21
338,1,15.8164,122.696,252.735,82.5974,1126.3
338,2,19.3154,362.892,59.7666,51.3152,365.155
338,3,29.5333,142.947,38.4837,30.3208,73.0002
338,4,35.567,27.2692,5.90294,4.85252,33.3853
338,5,39.8386,6.48193,10.9569,4.07263,678.769
338,6,42.3986,18.3292,23.1956,10.2386,5907.9
339,1,15.0216,118.1,290.791,83.989,2549.52
339,2,19.9385,357.385,56.4129,48.7222,290.094
339,3,27.7851,119.079,39.3382,29.5697,48.7633
339,4,35.1585,23.7844,7.71838,5.82733,40.069
339,5,40.9197,8.06868,10.7578,4.61059,174.586
339,6,42.2789,15.0595,25.6892,9.49395,794.352
340,1,14.1955,126.342,334.708,91.7202,422.689
340,2,20.5397,273.934,53.5885,44.8205,155.843
340,3,25.9282,110.066,50.6462,34.6858,60.2597
340,4,34.703,23.2887,9.43606,6.71521,35.8425
340,5,41.461,13.6259,20.1032,8.1213,306.842
340,6,42.5302,10.3608,6.88522,4.1364,1714.63
341,1,13.3459,133.141,365.318,97.5785,401.651
341,2,21.1158,158.916,47.6726,36.6716,187.835
341,3,24.0657,102.313,78.9981,44.5783,87.9951
341,4,34.1643,21.1907,9.0111,6.32252,76.9876
341,5,41.3297,17.6259,48.8763,12.9543,507.949
341,6,43.2807,32.7285,5.84805,4.96151,593.656
342,1,12.4846,139.029,361.024,100.375,106.45
342,2,21.6623,213.278,48.5267,39.5321,70.835
342,3,22.2799,87.1808,98.0927,46.1577,91.2224
342,4,33.5189,22.1688,11.2053,7.44316,20.0625
342,5,41.0584,22.8119,87.1602,18.0799,435.972
342,6,44.0168,20.682,3.44649,2.9542,3176.44
343,1,11.6268,143.608,317.094,98.8429,419.907
343,2,20.6488,72.3158,357.656,60.1532,239.018
343,3,22.1735,220.689,44.8519,37.2761,71.4331
343,4,32.7473,20.5996,13.8115,8.26802,69.1537
343,5,40.7999,24.0897,95.3085,19.2293,1180.7
343,6,44.6196,24.0588,8.26064,6.14927,1936.91
344,1,10.7908,146.93,402.985,107.672,135.385
344,2,19.2511,79.1652,479.028,67.9376,410.107
344,3,22.6428,222.98,43.2953,36.2557,140.41
344,4,31.8369,21.6031,15.4248,8.99925,64.6049
344,5,40.6127,25.4548,27.4018,13.1962,285.454
344,6,45.0689,22.5682,5.99768,4.73841,136.395
345,1,9.9971,143.356,542.018,113.371,174.874
345,2,18.162,97.5463,969.272,88.627,6426.17
345,3,23.064,257.105,42.1809,36.236,139.899
345,4,30.7884,23.7029,18.5806,10.4157,34.2903
345,5,40.5308,26.3463,27.8597,13.5409,954.389
345,6,45.3635,17.9781,5.90378,4.44432,1227.87
346,1,10.6282,138.404,500.902,108.441,115.998
346,2,18.3941,117.129,839.989,102.795,654.919
346,3,22.7292,252.507,45.3708,38.4602,156.467
346,4,31.9783,20.4589,15.4219,8.79342,172.294
346,5,40.3947,26.6013,32.7987,14.6883,234.466
346,6,45.248,20.3586,6.24646,4.77989,16.1816
347,1,9.99362,144.562,541.827,114.116,357.592
347,2,18.1648,97.865,962.712,88.8345,282.421
347,3,23.0659,256.246,42.8633,36.7208,60.5633
347,4,30.7799,23.8574,18.6099,10.4547,36.8629
347,5,40.5289,24.5466,25.6225,12.5365,2122.16
347,6,45.3803,17.8871,5.74954,4.35098,2139.33
348,1,9.44737,148.876,505.056,114.982,96.9351
348,2,18.303,72.816,726.985,66.1867,205.324
348,3,23.3435,233.137,41.0327,34.8917,58.7838
348,4,29.5267,23.6581,17.342,10.0068,45.3032
348,5,40.7533,24.4267,59.0741,17.2811,646.566
348,6,45.3927,17.5884,3.51848,2.93195,92.0215
349,1,9.01201,163.435,503.441,123.381,63.2599
349,2,18.7202,62.188,807.434,57.7408,151.661
349,3,23.5567,235.294,45.0033,37.7778,89.1097
349,4,28.3068,22.9805,25.3233,12.0475,101.693
349,5,41.0183,28.0875,114.58,22.5578,147.488
349,6,45.3226,15.6958,3.57695,2.91308,704.331
350,1,8.70759,167.112,502.43,125.402,101.115
350,2,19.2511,52.5898,861.616,49.5645,355.648
350,3,23.7014,160.493,45.8173,35.6422,62.3051
350,4,27.2648,26.6363,28.1043,13.6753,62.4448
350,5,41.2567,34.4322,85.6109,24.5559,82.0126
350,6,45.2243,12.4915,3.19346,2.54327,116.231
351,1,8.54952,170.026,500.951,126.941,82.8305
351,2,19.6407,47.2688,1009.46,45.1544,58.4084
351,3,23.775,114.536,45.5884,32.6091,62.4753
351,4,26.63,26.0578,32.335,14.4295,141.213
351,5,41.393,40.9313,53.8163,23.2488,1285.15
351,6,45.1624,13.294,38.6542,9.89194,1371.9
352,1,8.54631,170.034,502.417,127.04,76.3316
352,2,19.6349,47.3507,983.315,45.1753,71.4616
352,3,23.7762,128.822,46.8204,34.3396,189.314
352,4,26.64,26.1713,32.2977,14.4568,17.3923
352,5,41.3741,40.361,48.1139,21.9489,41644.9
352,6,45.1839,13.6707,38.4388,10.0842,668.73
353,1,8.69813,167.186,500.11,125.299,83.2472
353,2,19.2374,52.7461,816.435,49.5452,99.4422
353,3,23.705,174.63,46.7845,36.899,67.7736
353,4,27.2909,24.1347,28.0456,12.9718,39.7823
353,5,41.2048,33.399,82.4006,23.766,2821.65
353,6,45.2841,12.8093,2.65894,2.20188,367.686
354,1,8.99676,162.875,495.702,122.594,123.559
354,2,18.7042,61.7838,730.267,56.9643,82.6481
354,3,23.5626,228.794,44.6421,37.3537,71.284
354,4,28.3428,23.0917,25.0277,12.0104,31.0634
354,5,40.9435,27.2069,106.078,21.6533,167.004
354,6,45.4107,14.6724,2.68856,2.2722,103.407
355,1,9.427,146.348,501.368,113.282,92.8601
355,2,18.2881,70.7108,669.674,63.9575,165.616
355,3,23.3519,243.941,40.7701,34.9319,133.235
355,4,29.5678,23.9258,17.2539,10.0247,49.8184
355,5,40.6649,24.3042,47.5109,16.079,620.402
355,6,45.5003,16.6084,4.10307,3.29023,267.253
356,1,9.96883,142.558,538.509,112.718,63.9826
356,2,18.1523,96.8906,945.732,87.8866,336.43
356,3,23.0768,268.404,42.8005,36.9141,37.6189
356,4,30.8224,24.1695,18.4582,10.4656,9.3053
356,5,40.4343,23.4545,27.2996,12.6157,915.648
356,6,45.5012,17.5966,4.97671,3.8795,129.018
357,1,10.5997,137.138,504.665,107.835,69.1279
357,2,18.3838,117.115,834.805,102.706,536.685
357,3,22.7427,268.986,44.9713,38.5296,42.2337
357,4,32.0181,20.8452,15.313,8.82796,51.2282
357,5,40.2997,26.9405,47.7742,17.2264,535.364
357,6,45.378,20.9941,5.82419,4.55934,60.3209
358,1,11.296,138.919,384.343,102.038,121.061
358,2,19.008,121.766,535.027,99.1912,79.9554
358,3,22.3563,207.769,44.2126,36.4551,61.1008
358,4,33.099,20.5784,12.9969,7.96584,22.0767
358,5,40.2891,24.9126,31.762,13.9617,656.362
358,6,45.1096,23.4262,7.18285,5.49729,55.4651
359,1,12.035,138.962,320.039,96.8915,90.3138
359,2,20.0014,99.4326,491.84,82.7113,188.606
359,3,21.9253,178.394,44.4717,35.5976,64.7166
359,4,34.0334,18.7142,11.5165,7.12923,21.6359
359,5,40.4063,22.9191,15.0006,9.06651,315.85
359,6,44.6865,25.2612,8.2769,6.23424,145.23
360,1,12.7949,133.939,362.429,97.797,86.8778
360,2,21.3081,84.6807,272.477,64.6032,113.829
360,3,21.4583,160.684,46.9519,36.3348,67.5278
360,4,34.8118,19.5198,10.6916,6.90791,58.4881
360,5,40.626,18.6813,99.4459,15.7269,1364.92
360,6,44.1114,24.7149,7.48348,5.74419,139.637
361,1,13.5565,122.047,354.499,90.7901,143.58
361,2,20.9641,224.514,50.2342,41.0495,50.0387
361,3,22.8564,104.732,84.3999,46.7366,128.916
361,4,35.4438,18.1763,8.42063,5.75464,20.0451
361,5,40.8877,18.5105,69.1156,14.6003,1984.71
361,6,43.4082,27.7057,3.21812,2.88323,4.01681
362,1,14.3034,132.617,342.084,95.5679,89.4353
362,2,20.4512,202.639,53.9724,42.6205,91.8964
362,3,24.5694,125.33,64.6244,42.6385,70.7363
362,4,35.9478,23.1306,8.65901,6.30043,27.2712
362,5,41.0532,16.3428,30.3383,10.6213,1468.7
362,6,42.6752,9.97146,6.94164,4.09258,53.3895
363,1,15.0228,135.052,288.7,92.0104,29.123
363,2,19.9271,257.67,60.7446,49.1562,56.2638
363,3,26.3701,130.416,46.1902,34.1095,211.805
363,4,36.3391,26.1234,7.70313,5.94894,24.4718
363,5,40.7417,9.22851,12.7844,5.35963,84.1473
363,6,42.2667,12.9915,15.9921,7.16824,322.102
364,1,15.7052,133.141,228.87,84.1741,130.103
364,2,19.3983,230.198,65.2257,50.8247,63.3738
364,3,28.1768,138.208,37.255,29.3449,442.549
364,4,36.6204,28.9061,7.67799,6.06659,52.3034
364,5,39.8301,6.03777,11.32,3.93758,148.006
364,6,42.3108,16.445,14.7047,7.76312,10767.6
365,1,16.3419,139.593,176.65,77.9751,304.402
365,2,18.8718,263.463,71.7876,56.4156,59.5802
365,3,29.8837,182.363,27.842,24.1543,218.794
365,4,36.7654,30.551,6.31833,5.23555,65.7745
365,5,38.7486,6.49209,10.6182,4.02883,47.7344
365,6,42.4512,17.3775,14.6052,7.9356,8313.01
366,1,16.9103,78.5224,623.305,69.7371,0
366,2,18.37,110.977,142.802,62.4471,0
366,3,31.2887,157.077,44.0416,34.3972,0
366,4,36.6731,8.00405,13.5976,5.03832,0
366,5,37.8915,4.37606,41.0954,3.95492,0
366,6,42.5556,10.5673,65.6032,9.10127,0
368,1,17.2444,106.196,150.581,62.2763,321.066
368,2,18.059,411.1,75.4839,63.774,60.0248
368,3,31.9122,588.454,55.9309,51.0763,48.1293
368,4,36.4895,25.0639,5.24998,4.34075,49.3062
368,5,37.5997,8.34744,8.82264,4.28923,55.9175
368,6,42.5917,18.63,16.8788,8.85561,1155.33
369,1,16.9453,77.4314,634.242,69.0067,253.212
369,2,18.3376,109.856,139.668,61.4904,238.023
369,3,31.3057,156.626,44.4042,34.5961,36.9521
369,4,36.7621,8.22861,13.8048,5.15555,184.95
369,5,37.7737,4.55407,42.6989,4.11516,1680.68
369,6,42.5526,10.7266,63.2161,9.17051,3193.19
371,1,16.3824,139.316,179.422,78.4229,145.015
371,2,18.8365,255.125,73.3458,56.9681,133.569
371,3,29.9077,183.471,24.6328,21.7171,18.0109
371,4,36.8571,30.2036,6.83866,5.57613,19.5348
371,5,38.6115,6.40593,10.7756,4.01755,1781.65
371,6,42.4441,18.3254,14.9596,8.23616,707.64
372,1,15.7466,115.319,212.148,74.709,1055.48
372,2,19.3644,236.321,64.7358,50.8157,116.603
372,3,28.2012,136.185,37.2209,29.2316,39.0699
372,4,36.6857,27.289,7.78124,6.05477,70.2823
372,5,39.7166,5.79909,11.2763,3.82962,659.483
372,6,42.2931,17.3666,14.6544,7.94781,1596.96
373,1,15.0639,134.819,287.848,91.8154,2540.87
373,2,19.8958,245.475,60.1152,48.2894,356.662
373,3,26.3918,127.663,46.0974,33.8681,39.2888
373,4,36.3843,24.5479,8.03658,6.05446,12.6167
373,5,40.6797,8.20947,12.5829,4.96811,369.346
373,6,42.2091,13.8886,17.7532,7.79245,1645.72
374,1,14.3434,132.955,339.48,95.5384,364.156
374,2,20.4228,201.472,54.2925,42.7675,139.536
374,3,24.5874,122.483,64.6042,42.2954,83.454
374,4,35.9756,22.0334,8.53024,6.14947,13.8524
374,5,41.0734,15.4405,26.5851,9.76757,319.54
374,6,42.5472,10.0764,7.38941,4.26311,813.148
375,1,13.595,124.553,355.728,92.2525,416.455
375,2,20.9388,221.709,49.0023,40.1322,173.418
375,3,22.8705,103.888,84.6367,46.6397,75.5318
375,4,35.4546,17.7984,8.46733,5.7377,53.3645
375,5,40.9384,18.4337,61.83,14.2001,95.0404
375,6,43.2639,28.427,4.77414,4.08764,221.693
376,1,12.8315,132.021,360.844,96.6574,75.3725
376,2,21.3192,82.5284,271.35,63.2818,159.072
376,3,21.4361,150.352,48.0644,36.4213,60.5865
376,4,34.8058,18.8739,10.6219,6.79678,31.4433
376,5,40.6928,19.4782,92.4551,16.0887,1471.09
376,6,43.9672,22.6797,6.62466,5.12706,600.309
377,1,12.0693,139.223,297.789,94.8696,152.82
377,2,20.0107,98.4153,481.728,81.7202,143.246
377,3,21.9061,191.707,45.7683,36.9474,28.2996
377,4,34.0123,18.1868,11.495,7.04329,63.2915
377,5,40.4863,21.8851,13.3471,8.29079,378.943
377,6,44.5453,25.6968,8.45363,6.36101,185.048
378,1,11.3277,139.838,378.315,102.099,150.309
378,2,19.0171,122.33,563.51,100.511,5078.06
378,3,22.34,181.553,43.5939,35.1531,17.1548
378,4,33.0663,20.1841,13.0718,7.93369,46.894
378,5,40.379,25.0845,29.4909,13.5549,208.664
378,6,44.973,23.1559,7.55362,5.69566,317.6
379,1,11.9288,139.841,303.772,95.7587,187.144
379,2,19.1528,152.689,600.443,121.733,1182.73
379,3,21.9868,96.7962,41.7268,29.1576,111.154
379,4,34.1955,17.3398,11.5372,6.92776,102.233
379,5,40.2606,26.9574,54.0299,17.9844,3521.79
379,6,44.7337,27.2244,7.47268,5.86329,39.4037
380,1,11.3245,139.597,379.216,102.036,122.305
380,2,19.0198,122.699,522.439,99.3631,77.1901
380,3,22.3419,197.521,44.1322,36.0725,58.2291
380,4,33.0525,20.3302,13.1215,7.97456,112.647
380,5,40.3863,23.7256,27.2717,12.6877,4607.52
380,6,44.9846,22.9314,7.49883,5.65091,210.133
381,1,10.7841,146.222,402.881,107.284,255.816
381,2,19.2563,83.5024,460.477,70.6846,334.406
381,3,22.6467,241.639,43.7932,37.0741,31.5998
381,4,31.8162,22.2227,15.5158,9.13663,134.383
381,5,40.616,23.9059,28.7924,13.0613,486.962
381,6,45.098,22.4401,5.84058,4.63438,107.539
382,1,10.3315,148.053,386.778,107.069,183.406
382,2,19.7873,66.4187,411.035,57.1792,241.337
382,3,22.8927,257.688,41.1509,35.4843,144.176
382,4,30.555,23.8958,14.9441,9.19419,162.783
382,5,40.9069,26.4146,124.586,21.7939,653.491
382,6,45.1002,20.2103,7.07263,5.23917,652.34
383,1,9.98858,157.707,375.125,111.029,139.597
383,2,20.477,57.7989,299.891,48.4592,103.711
383,3,23.0733,239.432,45.1471,37.9847,85.2298
383,4,29.3786,23.1043,20.2575,10.7937,133.952
383,5,41.1981,31.2328,115.692,24.5935,6101.23
383,6,45.0347,17.9819,4.96919,3.8933,60.6156
384,1,9.77342,172.915,381.54,118.989,123.186
384,2,21.1053,57.2687,104.678,37.017,49.5731
384,3,23.1841,155.583,44.8664,34.824,46.5759
384,4,28.4762,24.2862,23.9836,12.067,98.6742
384,5,41.414,36.3317,79.382,24.9243,1866.06
384,6,44.962,14.2227,4.1755,3.22787,55.4716
385,1,9.69808,178.541,389.226,122.397,112.07
385,2,21.3688,71.2148,92.7207,40.2786,77.9572
385,3,23.2223,221.091,47.6644,39.211,90.588
385,4,28.1274,25.8321,23.1678,12.2137,25.7062
385,5,41.4826,39.0717,74.5659,25.6378,1106.9
385,6,44.9438,9.06804,1.74894,1.46617,22.0176
386,1,9.7669,172.739,379.475,118.704,115.238
386,2,21.0932,57.1023,146.397,41.0793,96.2904
386,3,23.1869,175.535,44.7491,35.6587,78.5537
386,4,28.4977,24.4667,23.9684,12.1075,27.8481
386,5,41.3757,35.523,75.6589,24.1733,89344
386,6,45.0048,14.1234,4.05127,3.14821,61.0851
387,1,9.9758,157.672,379.495,111.391,151.409
387,2,20.4597,57.8856,311.177,48.8065,277.535
387,3,23.0788,243.178,43.4484,36.8623,41.7451
387,4,29.4145,23.1415,20.2755,10.807,37.3459
387,5,41.1307,30.3271,110.271,23.7855,1807.38
387,6,45.1111,17.3046,4.81946,3.7696,31.5411
388,1,10.3129,148.278,389.642,107.405,151.013
388,2,19.7699,66.2455,416.025,57.1459,84.0908
388,3,22.901,269.776,40.7335,35.39,127.258
388,4,30.599,23.9635,14.8708,9.17633,25.0421
388,5,40.8215,25.835,118.513,21.2111,1429.56
388,6,45.1997,20.1767,6.8294,5.10236,609.01
389,1,10.7603,145.793,411.909,107.68,148.704
389,2,19.2414,82.7164,439.847,69.6232,316.012
389,3,22.658,252.118,43.5654,37.1465,75.777
389,4,31.8636,21.9613,15.3333,9.02917,70.1515
389,5,40.5212,25.5538,25.4079,12.7403,1597.2
389,6,45.2127,21.7407,6.3338,4.90486,296.161
390,1,11.296,138.919,384.343,102.038,109.337
390,2,19.008,121.766,535.027,99.1912,200.174
390,3,22.3563,207.769,44.2126,36.4551,19.7391
390,4,33.099,20.5784,12.9969,7.96584,14.2726
390,5,40.2891,24.9126,31.762,13.9617,1360.93
390,6,45.1096,23.4262,7.18285,5.49729,69.4216
391,1,11.8962,139.016,309.029,95.883,130.34
391,2,19.1434,152.44,592.875,121.262,104.167
391,3,22.0044,152.084,45.119,34.796,21.5284
391,4,34.236,17.7244,11.3423,6.91637,36.2269
391,5,40.1674,26.9814,54.6157,18.0596,985.797
391,6,44.8658,27.781,7.62724,5.98427,60.5587
392,1,12.5364,134.245,243.296,86.5106,31.9165
392,2,19.6703,159.171,521.419,121.946,388.549
392,3,21.6124,142.841,42.9255,33.0066,102.821
392,4,35.2285,17.0689,8.94952,5.87117,17.8536
392,5,40.179,25.5515,48.998,16.7939,806.893
392,6,44.4701,28.4193,7.38315,5.8606,62.6746
393,1,13.1928,130.087,323.985,92.8186,135.17
393,2,20.5677,132.801,354.06,96.5771,191.521
393,3,21.1921,193.449,50.8996,40.2968,119.727
393,4,36.0521,18.9851,9.55572,6.35638,35.1165
393,5,40.3181,18.7029,18.0478,9.18476,786.475
393,6,43.9252,26.9644,7.21107,5.68953,42.3986
394,1,13.8431,134.24,332.274,95.6125,85.3205
394,2,20.7565,185.673,55.0567,42.4648,47.6142
394,3,21.7827,105.695,191.708,68.1315,131.958
394,4,36.7078,19.5826,8.56697,5.95972,30.8927
394,5,40.5336,20.8986,74.854,16.3374,1046.95
394,6,43.2571,18.2961,2.36455,2.09393,29.2745
395,1,14.4668,140.273,300.918,95.6746,164.038
395,2,20.3197,179.522,57.9102,43.7858,63.6855
395,3,23.2446,131.582,87.6421,52.6043,240.701
395,4,37.2162,22.8067,8.68953,6.29217,14.349
395,5,40.6873,18.694,39.2354,12.6614,589.658
395,6,42.5628,9.89587,6.52436,3.93199,82.8352
396,1,15.0458,157.236,262.401,98.3203,137.754
396,2,19.896,179.021,62.5962,46.3793,85.7556
396,3,24.8755,147.598,56.983,41.1112,300.718
396,4,37.5953,26.1751,8.14258,6.21059,23.0417
396,5,40.4432,8.6724,16.3557,5.66735,621.134
396,6,42.1452,10.6848,9.78012,5.10623,106.757
397,1,15.5638,150.537,194.849,84.9253,244.601
397,2,19.5006,180.715,68.5805,49.7142,176.094
397,3,26.5943,153.986,43.2754,33.7816,660.256
397,4,37.8168,28.1462,8.70357,6.64787,17.6581
397,5,39.6677,5.66328,11.0246,3.74136,116.75
397,6,42.1635,15.8643,17.7089,8.36795,3429.41
398,1,16.0037,85.7815,861.295,78.0119,0
398,2,19.1508,77.3553,171.083,53.2695,0
398,3,28.3095,89.0913,42.9911,28.9981,0
398,4,37.6342,9.30906,22.9818,6.62538,0
398,5,38.9288,3.94092,49.7854,3.65184,0
398,6,42.3174,10.9073,150.271,10.1692,0
400,1,16.3419,139.593,176.65,77.9751,413.467
400,2,18.8718,263.463,71.7876,56.4156,172.151
400,3,29.8837,182.363,27.842,24.1543,65.2028
400,4,36.7654,30.551,6.31833,5.23555,20.157
400,5,38.7486,6.49209,10.6182,4.02883,123.674
400,6,42.4512,17.3775,14.6052,7.9356,4866.55
401,1,16.5393,109.671,187.811,69.239,200.236
401,2,18.7042,380.254,59.6921,51.593,49.1885
401,3,30.9984,272.722,38.5045,33.7408,68.5937
401,4,35.9078,24.2038,4.62257,3.8813,48.7554
401,5,38.7555,6.5511,11.2881,4.14534,68.2959
401,6,42.5217,15.5002,23.7429,9.37794,1228.74
402,1,16.5514,110.887,194.894,70.6756,93.3849
402,2,18.6935,390.668,57.6113,50.2073,71.2063
402,3,31.0122,281.797,38.588,33.9403,43.6714
402,4,35.8996,25.5701,3.90631,3.38863,20.4878
402,5,38.7475,6.50374,11.1254,4.10438,73.2324
402,6,42.5167,15.5857,23.5046,9.37154,1555.51
403,1,16.3729,139.187,178.106,78.1299,88.2876
403,2,18.8449,264.107,70.7969,55.8308,52.0708
403,3,29.911,184.711,24.7868,21.8542,20.0608
403,4,36.7667,33.2814,6.08718,5.14598,349.826
403,5,38.7128,6.47737,11.1306,4.09457,68.5507
403,6,42.4363,17.8895,15.3651,8.26573,339.593
404,1,16.0449,90.0541,850.064,81.4278,205.523
404,2,19.1163,76.6811,167.657,52.6161,128.763
404,3,28.3378,88.3719,42.8177,28.8429,34.2832
404,4,37.7026,8.79005,20.5055,6.15262,89.7694
404,5,38.8215,3.88169,56.6821,3.6329,161.493
404,6,42.292,11.121,140.151,10.3034,831.997
406,1,15.609,145.289,192.616,82.819,533.192
406,2,19.4644,177.012,69.8906,50.1067,499.841
406,3,26.6193,152.605,43.1499,33.6385,68.5223
406,4,37.8971,27.659,8.30294,6.38595,22.1358
406,5,39.5552,6.26838,11.0496,3.99949,846.951
406,6,42.1221,17.7734,19.253,9.2418,269.646
407,1,15.0916,148.919,258.708,94.514,13136.9
407,2,19.8613,173.782,60.9498,45.1238,1067.98
407,3,24.8959,144.254,56.4592,40.5776,42.1909
407,4,37.6519,23.9919,7.87974,5.9316,25.6623
407,5,40.3887,7.93612,14.986,5.18847,54.4878
407,6,42.0637,12.1686,10.8828,5.74491,594.014
408,1,14.5114,139.357,297.931,94.9458,468.912
408,2,20.2879,172.605,55.998,42.2809,367.708
408,3,23.2603,130.336,87.842,52.4753,62.2149
408,4,37.2513,21.3603,8.5041,6.0825,16.9203
408,5,40.7005,17.3971,36.1679,11.7468,295.277
408,6,42.4313,10.0831,7.23031,4.21085,387.816
409,1,13.8855,134.62,330.388,95.6473,330.794
409,2,20.7282,178.085,53.9529,41.4079,176.642
409,3,21.7945,106.745,191.947,68.5971,135.758
409,4,36.7206,18.552,8.52102,5.8391,117.196
409,5,40.578,21.2938,68.048,16.2186,417.731
409,6,43.1152,19.6185,3.43534,2.92343,120.854
410,1,13.2324,130.919,312.194,92.2387,182.739
410,2,20.5769,130.599,348.6,95.0061,445.787
410,3,21.1674,191.022,51.0631,40.2923,86.6401
410,4,36.0427,18.1902,9.41855,6.20547,71.0055
410,5,40.3836,20.1185,19.2482,9.83687,381.256
410,6,43.7845,25.585,7.39967,5.73965,868.831
411,1,12.5727,133.054,257.206,87.691,172.879
411,2,19.6787,159.774,521.551,122.306,336.877
411,3,21.5913,140.518,43.54,33.2403,69.5662
411,4,35.2004,16.2887,8.9685,5.7839,58.773
411,5,40.2614,25.8904,46.307,16.6059,860.02
411,6,44.333,28.0779,7.91231,6.17282,111.511
412,1,13.1106,138.526,248.478,88.9414,51.6544
412,2,19.718,206.076,563.594,150.9,987.556
412,3,21.2424,167.668,46.5844,36.4557,239.013
412,4,36.2542,16.428,9.4053,5.98105,38.3935
412,5,40.1641,28.2076,57.7309,18.949,6103.62
412,6,43.9681,31.3152,6.86964,5.63376,102.875
413,1,12.5699,135.771,268.281,90.1487,269.437
413,2,19.6812,160.162,522.228,122.571,331.463
413,3,21.5933,156.716,44.4211,34.6107,62.9011
413,4,35.1793,16.7715,9.01778,5.86453,102.922
413,5,40.2809,24.6441,39.4484,15.1682,667.202
413,6,44.3385,28.0483,7.88609,6.15542,340.481
414,1,12.0632,138.712,294.53,94.3001,71.5147
414,2,20.0157,99.2193,506.829,82.9756,132.47
414,3,21.9101,155.711,43.8051,34.1874,49.3818
414,4,33.9803,18.4223,11.6398,7.13298,88.5483
414,5,40.5096,20.2511,6.5201,4.93214,131.738
414,6,44.563,25.5021,8.39115,6.3137,20.0273
415,1,11.6173,143.28,312.512,98.2394,133.45
415,2,20.6559,71.6824,405.026,60.9036,74.9815
415,3,22.1794,156.215,44.465,34.6128,37.3788
415,4,32.7117,20.9167,14.0068,8.38906,65.8849
415,5,40.8145,23.679,117.213,19.6993,596.429
415,6,44.656,23.3706,8.10159,6.01607,278.826
416,1,11.2564,147.996,305.594,99.7085,167.766
416,2,21.4896,61.1124,242.805,48.8237,86.2115
416,3,22.3908,211.032,42.5583,35.416,46.8665
416,4,31.4547,25.1457,15.084,9.4283,80.2591
416,5,41.1439,27.8732,111.328,22.2919,570.736
416,6,44.6483,20.2401,6.87422,5.13142,41.0148
417,1,11.0015,156.028,319.069,104.786,119.804
417,2,22.3389,70.6607,83.2012,38.2099,60.1952
417,3,22.5365,265.476,45.9175,39.1466,147.174
417,4,30.3505,21.4007,18.8142,10.0121,55.2417
417,5,41.4293,32.3263,76.0529,22.6843,211.266
417,6,44.59,25.8335,2.46349,2.24902,25.6001
418,1,10.8682,161.655,310.145,106.267,163.878
418,2,22.6114,401.706,46.3182,41.5297,35.797
418,3,22.919,60.4195,183.95,45.481,139.382
418,4,29.654,23.1268,18.3525,10.2324,50.8044
418,5,41.5905,34.6076,68.9304,23.04,451.481
418,6,44.547,20.0709,3.34394,2.86639,126.748
419,1,10.8648,161.37,309.232,106.036,95.9835
419,2,22.613,285.255,46.743,40.1619,28.3116
419,3,22.9112,60.0915,186.049,45.4211,161.524
419,4,29.6672,23.0395,18.309,10.2018,30.0152
419,5,41.5683,33.9515,59.6087,21.631,619.732
419,6,44.571,19.2845,3.25905,2.7879,95.9806
420,1,10.9914,155.815,322.125,105.017,99.0406
420,2,22.3212,66.5852,95.0243,39.1512,87.344
420,3,22.5413,313.391,47.9276,41.5702,80.7133
420,4,30.3842,21.5108,18.6842,9.99906,16.1471
420,5,41.3696,30.8972,74.0972,21.8049,8684.87
420,6,44.6553,22.1501,2.74635,2.4434,20.4367
421,1,11.2398,148.262,314.941,100.806,100.22
421,2,21.4697,61.8,271.509,50.3415,85.2063
421,3,22.399,222.94,42.8236,35.9233,48.6188
421,4,31.5002,25.2483,14.9131,9.37543,12.3826
421,5,41.0597,26.7497,106.459,21.3781,2674.39
421,6,44.742,20.2212,7.28686,5.35658,156.292
422,1,11.5946,143.062,311.11,97.9981,83.2081
422,2,20.6381,72.6444,359.371,60.4291,37.8779
422,3,22.191,178.581,44.4137,35.5678,46.9521
422,4,32.7633,21.1657,13.8356,8.36656,20.339
422,5,40.7167,23.2651,110.514,19.2192,3936.89
422,6,44.7678,22.4335,7.65529,5.70761,107.339
423,1,12.035,138.962,320.039,96.8915,95.6623
423,2,20.0014,99.4326,491.84,82.7113,710.635
423,3,21.9253,178.394,44.4717,35.5976,82.9488
423,4,34.0334,18.7142,11.5165,7.12923,15.1663
423,5,40.4063,22.9191,15.0006,9.06651,641.969
423,6,44.6865,25.2612,8.2769,6.23424,102.044
424,1,12.5364,134.245,243.296,86.5106,100.436
424,2,19.6703,159.171,521.419,121.946,437.561
424,3,21.6124,142.841,42.9255,33.0066,47.0268
424,4,35.2285,17.0689,8.94952,5.87117,32.1536
424,5,40.179,25.5515,48.998,16.7939,597.568
424,6,44.4701,28.4193,7.38315,5.8606,61.2814
425,1,13.0724,138.099,214.398,83.9955,70.2187
425,2,19.7094,203.924,562.941,149.697,1032.75
425,3,21.2656,172.713,48.3073,37.749,49.481
425,4,36.2917,16.8389,9.40447,6.03432,22.1955
425,5,40.0717,28.2169,62.4457,19.4349,1576.18
425,6,44.1057,30.4268,6.77431,5.54071,55.0243
426,1,13.6154,124.769,251.909,83.4412,88.023
426,2,20.1401,207.65,481.427,145.076,276.494
426,3,20.9013,166.752,57.1574,42.5668,57.4467
426,4,37.1799,17.5203,8.8815,5.89379,60.8776
426,5,40.1024,31.1096,50.3749,19.2324,7688.85
426,6,43.596,23.1116,6.21884,4.90028,33.2707
427,1,14.1381,144.801,218.48,87.0844,135.899
427,2,20.5386,157.545,58.5702,42.6969,63.0597
427,3,20.9426,167.296,300.671,107.488,306.014
427,4,37.871,20.5399,8.96903,6.24295,28.5336
427,5,40.2456,28.9602,24.7329,13.3401,1724.4
427,6,42.9697,15.0565,2.3533,2.0352,10.7015
428,1,14.614,158.382,207.63,89.8465,58.105
428,2,20.1985,151.458,59.8119,42.8787,113.183
428,3,22.0654,137.722,168.149,75.711,843.663
428,4,38.3792,22.6493,8.66877,6.26928,52.8811
428,5,40.3665,19.1887,46.1242,13.5511,403.791
428,6,42.3305,8.48355,6.12021,3.55533,21.9927
429,1,15.0196,187.122,180.365,91.8407,176.713
429,2,19.9021,152.938,66.9142,46.5482,138.223
429,3,23.4372,154.312,82.6941,53.8412,1149.21
429,4,38.7225,30.4364,8.968,6.92698,76.6184
429,5,40.1479,8.20901,17.3816,5.5757,227.795
429,6,41.9642,10.5607,7.68469,4.44802,75.5659
430,1,15.3381,94.7036,752.696,84.1197,0
430,2,19.6668,70.6937,174.722,50.3299,0
430,3,24.9766,88.1714,78.2886,41.4683,0
430,4,38.6917,11.2758,50.9389,9.23216,0
430,5,39.665,4.37602,93.0811,4.17953,0
430,6,41.9985,8.70887,132.673,8.17243,0
432,1,15.5638,150.537,194.849,84.9253,177.678
432,2,19.5006,180.715,68.5805,49.7142,136.741
432,3,26.5943,153.986,43.2754,33.7816,236.077
432,4,37.8168,28.1462,8.70357,6.64787,56.7467
432,5,39.6677,5.66328,11.0246,3.74136,36.0159
432,6,42.1635,15.8643,17.7089,8.36795,2180.28
433,1,15.7052,133.141,228.87,84.1741,163.639
433,2,19.3983,230.198,65.2257,50.8247,87.7939
433,3,28.1768,138.208,37.255,29.3449,105.354
433,4,36.6204,28.9061,7.67799,6.06659,35.3439
433,5,39.8301,6.03777,11.32,3.93758,72.6859
433,6,42.3108,16.445,14.7047,7.76312,5306.62
434,1,15.7809,120.487,243.301,80.5817,91.4197
434,2,19.3448,366.295,62.4608,53.3616,60.6953
434,3,29.5171,144.663,38.949,30.6869,60.568
434,4,35.4985,28.1379,6.20136,5.08145,56.0012
434,5,39.9566,6.26464,11.12,4.00715,70.3321
434,6,42.3995,17.5418,23.2175,9.99225,9851.2
435,1,15.809,114.211,256.001,78.9768,125.179
435,2,19.3249,507.786,60.2878,53.8897,59.0036
435,3,30.1277,168.08,38.6426,31.4191,39.7441
435,4,34.9579,25.6385,6.42104,5.135,59.5871
435,5,40.0075,6.4513,12.6121,4.26809,177.984
435,6,42.4212,19.188,24.8937,10.8358,578.473
436,1,15.7962,120.965,253.46,81.8848,73.688
436,2,19.3324,336.512,60.2891,51.1289,53.4708
436,3,29.5412,146.284,38.9281,30.7461,30.9938
436,4,35.4684,27.4981,6.29225,5.12054,206.898
436,5,39.9715,6.2739,11.2193,4.02378,51.8137
436,6,42.3757,18.1866,24.652,10.4657,385.468
437,1,15.7343,119.271,225.1,77.9622,189.935
437,2,19.3747,258.128,64.3851,51.5316,57.9791
437,3,28.2066,137.933,36.8903,29.1059,31.8332
437,4,36.5832,28.6135,7.57227,5.98769,196.848
437,5,39.8536,6.00629,11.0594,3.89237,46.2653
437,6,42.2652,17.4017,16.2573,8.40501,213.987
438,1,15.6037,141.532,193.786,81.7938,116.981
438,2,19.4688,184.384,67.7415,49.5406,131.706
438,3,26.6217,153.285,42.8567,33.4925,45.4736
438,4,37.797,27.8618,8.37842,6.44141,157.673
438,5,39.6815,5.70791,10.7677,3.73043,46.6971
438,6,42.0991,17.3181,19.6413,9.20336,594.09
439,1,15.3847,92.261,711.031,81.6645,6768.92
439,2,19.6306,68.5653,179.611,49.6223,440.141
439,3,24.9992,87.2993,76.9518,40.8998,1091.41
439,4,38.7526,10.8586,49.6066,8.90858,578.54
439,5,39.6109,4.03148,115.076,3.89502,128.179
439,6,41.9142,8.59424,223.439,8.27592,2011.93
441,1,15.0688,169.226,177.436,86.6168,1366.97
441,2,19.8652,147.417,66.61,45.8795,1729.98
441,3,23.4546,151.811,82.514,53.4579,46.4298
441,4,38.8064,24.6682,8.50506,6.32451,84.2003
441,5,40.0988,7.7605,15.505,5.17189,753.597
441,6,41.8473,11.6727,7.63148,4.61454,115.095
442,1,14.6626,146.31,203.465,85.109,594.629
442,2,20.1635,155.546,60.2984,43.4534,371.607
442,3,22.0783,135.511,165.65,74.5363,126.466
442,4,38.4325,20.4988,8.31011,5.913,59.0197
442,5,40.3749,18.2809,40.392,12.5851,1724.28
442,6,42.1841,8.21539,6.38513,3.59277,103.842
443,1,14.1842,134.785,254.682,88.1391,267.076
443,2,20.5071,156.161,57.9272,42.2535,402.422
443,3,20.9522,165.232,299.007,106.423,96.266
443,4,37.8889,18.8467,8.75657,5.97872,32.0363
443,5,40.2895,29.7566,26.6525,14.0596,114.664
443,6,42.8222,17.0809,2.58067,2.24195,68.961
444,1,13.6579,125.375,276.509,86.2618,276.646
444,2,20.1482,206.758,481.556,144.651,838.557
444,3,20.8739,164.357,57.9997,42.8711,161.484
444,4,37.165,16.736,8.79379,5.76475,24.8012
444,5,40.1751,30.9496,51.2011,19.2896,2078.98
444,6,43.4533,23.4696,6.29537,4.96388,54.0108
445,1,14.0757,135.486,260.89,89.1754,217.362
445,2,20.0921,284.852,503.798,181.966,463.982
445,3,20.5778,146.057,58.0335,41.5316,143.064
445,4,38.1155,16.3908,8.88382,5.76123,66.8689
445,5,40.1043,36.0901,49.0114,20.7849,13572.1
445,6,42.9744,15.3544,5.25824,3.91688,95.8397
446,1,13.6556,126.038,274.266,86.354,203.053
446,2,20.15,207.951,490.489,146.037,207.674
446,3,20.8756,161.153,56.6661,41.9243,135.933
446,4,37.1315,16.963,8.90732,5.84047,94.1946
446,5,40.2137,28.9818,42.5105,17.2331,440.448
446,6,43.4508,23.5202,6.29234,4.96426,75.4796
447,1,13.2272,130.83,315.886,92.5136,108.494
447,2,20.5811,132.007,365.781,97.0002,146.544
447,3,21.1711,185.415,48.5385,38.4682,63.0842
447,4,35.9949,18.6771,10.2938,6.63627,42.5171
447,5,40.4344,17.2944,13.5397,7.59421,99.3381
447,6,43.7878,25.046,7.35359,5.68458,50.1469
448,1,12.8229,131.091,348.177,95.2348,91.5841
448,2,21.3257,83.6255,277.283,64.2488,71.4531
448,3,21.442,160.006,46.6557,36.1228,59.1565
448,4,34.7536,19.2903,10.758,6.90639,180.158
448,5,40.7402,18.7213,109.496,15.9877,1136.04
448,6,43.9834,22.2735,6.67972,5.13866,166.701
449,1,12.4725,138.445,348.313,99.068,56.69
449,2,21.6704,229.502,47.5873,39.4147,33.8281
449,3,22.2881,90.5331,102.193,48.0051,51.2816
449,4,33.4676,22.6949,11.4296,7.60138,166.35
449,5,41.0905,22.9626,102.555,18.7618,861.183
449,6,44.0536,20.2986,3.32701,2.8585,7.85311
450,1,12.201,139.561,378.138,101.938,91.4527
450,2,21.8432,270.44,46.5207,39.6928,64.3423
450,3,23.327,81.4489,106.646,46.18,41.2629
450,4,32.2362,24.1493,13.9621,8.84708,222.024
450,5,41.4289,25.5877,71.4,18.8371,103.592
450,6,44.0337,25.1651,3.72298,3.24318,38.2433
451,1,12.0281,144.195,335.332,100.835,97.585
451,2,21.9511,289.781,48.3704,41.4513,67.2303
451,3,24.2124,86.714,84.7407,42.858,84.0101
451,4,31.2536,19.9659,15.0469,8.58042,197.909
451,5,41.6789,29.0671,47.7004,18.0612,949.218
451,6,43.9831,25.4299,3.95783,3.4248,18.2081
452,1,11.9666,147.695,343.539,103.289,155.385
452,2,21.989,320.9,50.2027,43.4113,161.47
452,3,24.5806,84.8182,79.0067,40.9047,34.0737
452,4,30.8596,20.9536,16.1988,9.13596,47.941
452,5,41.7565,29.8274,76.2934,21.4438,528.265
452,6,43.9742,28.6369,3.90439,3.43593,60.5731
453,1,12.0208,142.976,332.071,99.944,102.924
453,2,21.955,300.12,48.4985,41.7516,77.933
453,3,24.1963,86.162,85.1359,42.823,81.1216
453,4,31.2814,20.0461,14.9235,8.5548,33.3412
453,5,41.6276,27.9038,44.901,17.2092,948.333
453,6,44.0374,24.7439,4.03135,3.46656,97.9267
454,1,12.1865,140.364,380.303,102.524,118.441
454,2,21.851,293.658,48.3522,41.5163,50.5248
454,3,23.305,80.4425,107.119,45.9418,119.175
454,4,32.2812,24.3294,13.9213,8.85465,19.1012
454,5,41.3429,24.4416,67.9777,17.9777,874.196
454,6,44.1257,26.0718,3.60555,3.16751,62.9388
455,1,12.4511,138.975,352.048,99.6407,81.7157
455,2,21.6824,217.17,48.1682,39.424,81.0826
455,3,22.2669,88.3748,99.6089,46.8281,150.089
455,4,33.5217,22.8729,11.2014,7.51912,31.7417
455,5,40.9855,22.1915,97.4431,18.0751,481.893
455,6,44.168,21.5665,2.295,2.07427,63.5268
456,1,12.7949,133.939,362.429,97.797,118.055
456,2,21.3081,84.6807,272.477,64.6032,305.681
456,3,21.4583,160.684,46.9519,36.3348,94.0497
456,4,34.8118,19.5198,10.6916,6.90791,19.7573
456,5,40.626,18.6813,99.4459,15.7269,2277.23
456,6,44.1114,24.7149,7.48348,5.74419,202.491
457,1,13.1928,130.087,323.985,92.8186,52.1086
457,2,20.5677,132.801,354.06,96.5771,327.718
457,3,21.1921,193.449,50.8996,40.2968,84.9261
457,4,36.0521,18.9851,9.55572,6.35638,19.5649
457,5,40.3181,18.7029,18.0478,9.18476,1916.31
457,6,43.9252,26.9644,7.21107,5.68953,28.5587
458,1,13.6154,124.769,251.909,83.4412,176.942
458,2,20.1401,207.65,481.427,145.076,357.432
458,3,20.9013,166.752,57.1574,42.5668,68.8641
458,4,37.1799,17.5203,8.8815,5.89379,21.5184
458,5,40.1024,31.1096,50.3749,19.2324,5352.52
458,6,43.596,23.1116,6.21884,4.90028,25.407
459,1,14.0303,133.884,255.167,87.8107,127.262
459,2,20.0842,281.722,509.939,181.468,151.296
459,3,20.6082,151.144,57.2303,41.5119,57.2442
459,4,38.1403,17.1748,8.97658,5.89532,60.6306
459,5,40.0105,35.9275,51.5087,21.1649,5128.79
459,6,43.1284,13.3919,5.14373,3.71632,25.3801
460,1,14.4039,149.559,226.549,90.087,59.7877
460,2,20.3389,147.465,61.7788,43.5388,80.7001
460,3,20.4202,282.134,402.917,165.939,605.039
460,4,38.8711,20.9135,9.09518,6.33857,41.0263
460,5,40.0535,25.5777,46.516,16.5031,2974.82
460,6,42.5606,12.1873,1.52603,1.35621,31.8264
461,1,14.7051,171.873,184.472,88.9749,205.784
461,2,20.12,134.236,63.9133,43.298,229.887
461,3,21.1291,209.063,256.991,115.281,1172.47
461,4,39.3358,27.8923,10.2171,7.47788,80.3
461,5,40.1194,12.0012,37.8441,9.11168,722.712
461,6,42.0302,5.95284,4.81167,2.66088,47.4252
462,1,14.9118,97.5111,574.183,83.3552,0
462,2,19.9724,61.8004,195.282,46.9441,0
462,3,22.1593,83.626,972.05,77.0015,0
462,4,39.4521,12.0563,55.8063,9.9144,0
462,5,39.9833,6.34964,61.7725,5.75779,0
462,6,41.8348,3.42419,36.2416,3.12859,0
464,1,15.0196,187.122,180.365,91.8407,204.89
464,2,19.9021,152.938,66.9142,46.5482,183.795
464,3,23.4372,154.312,82.6941,53.8412,207.424
464,4,38.7225,30.4364,8.968,6.92698,21.9875
464,5,40.1479,8.20901,17.3816,5.5757,84.9523
464,6,41.9642,10.5607,7.68469,4.44802,218.029
465,1,15.0458,157.236,262.401,98.3203,328.751
465,2,19.896,179.021,62.5962,46.3793,133.68
465,3,24.8755,147.598,56.983,41.1112,257.783
465,4,37.5953,26.1751,8.14258,6.21059,69.281
465,5,40.4432,8.6724,16.3557,5.66735,96.2981
465,6,42.1452,10.6848,9.78012,5.10623,268.095
466,1,15.0228,135.052,288.7,92.0104,155.455
466,2,19.9271,257.67,60.7446,49.1562,59.3446
466,3,26.3701,130.416,46.1902,34.1095,88.7408
466,4,36.3391,26.1234,7.70313,5.94894,51.1112
466,5,40.7417,9.22851,12.7844,5.35963,196.985
466,6,42.2667,12.9915,15.9921,7.16824,333.758
467,1,14.986,124.774,288.025,87.0593,187.956
467,2,19.9658,370.146,56.4556,48.9844,77.3473
467,3,27.7664,120.172,39.5432,29.7528,58.0938
467,4,35.112,25.0437,7.88509,5.99694,30.3839
467,5,40.9986,7.60343,10.9252,4.48328,111.948
467,6,42.3111,14.0377,22.4532,8.63755,2332.62
468,1,14.9631,115.607,302.022,83.6052,126.552
468,2,19.9891,462.295,56.2211,50.1252,57.4812
468,3,28.7442,127.853,40.7934,30.926,65.538
468,4,34.2204,22.9717,6.97457,5.35017,8.28723
468,5,41.1668,8.08619,11.3358,4.71958,41.4509
468,6,42.2983,15.0155,32.0941,10.2295,716.68
469,1,14.9689,116.724,301.484,84.1459,61.2357
469,2,19.9848,453.313,56.3422,50.1136,97.4885
469,3,28.7578,128.18,40.819,30.9599,29.0144
469,4,34.2011,22.5511,6.98138,5.331,29.56
469,5,41.2001,7.77555,12.2878,4.76214,194.227
469,6,42.263,15.6734,36.585,10.9726,1690.96
470,1,15.0033,116.484,286.597,82.8218,158.65
470,2,19.953,357.485,55.4736,48.0217,60.28
470,3,27.7939,120.974,39.3453,29.6893,21.5508
470,4,35.0682,24.6816,7.95406,6.01547,85.1052
470,5,41.0849,7.96827,11.3395,4.67979,154.036
470,6,42.2186,15.0985,28.5121,9.87122,543.445
471,1,15.0511,132.891,285.848,90.7168,191.483
471,2,19.906,257.38,60.0635,48.6989,67.8853
471,3,26.3984,130.479,45.7909,33.8955,31.1075
471,4,36.2864,25.5356,7.87585,6.01933,181.128
471,5,40.8573,8.77582,10.2106,4.71951,159.027
471,6,42.139,13.675,20.0266,8.12613,21376.5
472,1,15.084,147.974,258.758,94.1393,88.8472
472,2,19.8674,170.596,60.5421,44.6843,71.3626
472,3,24.8998,146.987,56.529,40.8274,58.3642
472,4,37.5438,25.0674,8.04491,6.09033,50.6245
472,5,40.5699,8.45806,13.5297,5.2045,53.721
472,6,41.9961,11.6048,11.8615,5.86589,2435.18
473,1,15.0657,166.487,179.265,86.32,133.176
473,2,19.8677,145.881,66.4122,45.6363,137.465
473,3,23.4563,154.614,83.851,54.3666,76.6749
473,4,38.6884,29.1949,8.64992,6.67287,405.917
473,5,40.268,7.98065,14.1805,5.10667,194.748
473,6,41.7984,11.4187,7.1364,4.3917,9217.87
474,1,14.9625,99.239,598.38,85.1219,1945.18
474,2,19.935,59.8871,197.506,45.9533,431.834
474,3,22.1734,84.7149,946.807,77.7576,126.461
474,4,39.5004,11.2634,57.6406,9.42226,70.1088
474,5,40.0345,5.47124,38.8917,4.79648,329.493
474,6,41.6517,3.62605,52.2504,3.39074,886.97
476,1,14.7568,173.862,189.832,90.7482,869.201
476,2,20.0827,131.734,62.9185,42.5811,1215.71
476,3,21.1393,205.963,259.468,114.82,109.861
476,4,39.4235,23.064,9.37341,6.66478,27.1418
476,5,40.131,11.571,34.5645,8.66894,211.039
476,6,41.8453,5.65879,5.11655,2.68701,83.0974
477,1,14.4535,150.878,229.322,91.0037,448.386
477,2,20.3043,120.009,60.1264,40.0571,327.847
477,3,20.4282,284.114,408.543,167.576,228.924
477,4,38.8959,19.859,8.63266,6.01706,68.9939
477,5,40.1097,26.73,48.5866,17.2435,1168.41
477,6,42.3935,13.4485,2.11044,1.82418,64.2905
478,1,14.6551,176.475,202.868,94.3767,219.426
478,2,20.1514,119.389,68.2264,43.4158,705.928
478,3,20.2781,379.207,482.887,212.406,4454.15
478,4,39.609,21.4485,10.8457,7.20327,144.872
478,5,40.0984,21.1049,38.0384,13.5738,799.635
478,6,41.8939,7.61289,0.693736,0.635798,13.8848
479,1,14.4521,150.885,230.162,91.1384,390.621
479,2,20.3054,112.402,61.4115,39.7137,267.386
479,3,20.4292,283.733,406.408,167.084,241.872
479,4,38.8323,19.7006,9.05543,6.20383,45.7979
479,5,40.1891,27.7491,39.9661,16.3778,640.234
479,6,42.379,13.6588,2.07398,1.80058,20.9311
480,1,14.1804,134.002,256.172,87.9802,287.87
480,2,20.51,151.816,58.2104,42.077,92.1263
480,3,20.9549,167.194,304.475,107.928,179.447
480,4,37.8144,20.4044,9.01946,6.25468,215.628
480,5,40.3856,26.6865,17.243,10.4749,354.084
480,6,42.8044,17.2186,2.50381,2.18594,22.2042
481,1,13.8785,134.16,322.389,94.7364,226.717
481,2,20.7335,181.714,55.6874,42.6248,109.584
481,3,21.7994,104.873,198.228,68.5867,100.401
481,4,36.646,19.325,8.57149,5.93781,77.9808
481,5,40.6727,19.7543,75.1896,15.6442,564.353
481,6,43.1025,20.1433,3.36703,2.88482,43.1029
482,1,13.5844,124.263,356.397,92.1381,54.4383
482,2,20.9465,224.529,51.0431,41.5886,138.674
482,3,22.8776,105.283,83.7629,46.6491,46.6518
482,4,35.3833,18.3237,8.27202,5.69919,103.811
482,5,41.0219,18.236,73.3692,14.6057,19104.4
482,6,43.264,28.9021,4.50641,3.89855,6.33657
483,1,13.3314,132.655,360.808,96.994,81.1076
483,2,21.126,204.437,46.427,37.8348,76.3732
483,3,24.0745,104.238,78.6732,44.8346,87.5192
483,4,34.0981,21.2511,9.27706,6.4579,57.1564
483,5,41.3917,17.9456,58.1707,13.7146,291.128
483,6,43.3031,33.5318,5.48492,4.71386,54.4285
484,1,13.146,135.305,365.484,98.7477,91.498
484,2,21.2553,265.826,48.6065,41.0926,39.931
484,3,25.2164,100.492,60.7612,37.866,60.2776
484,4,32.924,23.7132,10.8385,7.43857,60.2529
484,5,41.7212,21.3123,43.7162,14.3275,968.11
484,6,43.2594,20.7513,6.11111,4.72085,21.6341
485,1,13.0464,134.291,354.238,97.3757,92.8453
485,2,21.3237,240.102,48.9084,40.6317,50.4492
485,3,25.9909,100.086,52.8239,34.5754,42.0494
485,4,32.1441,18.188,12.7293,7.48837,97.9312
485,5,41.915,24.8646,56.9693,17.3097,674.33
485,6,43.2131,14.3298,6.56035,4.50013,85.3515
486,1,13.0424,133.9,356.672,97.3526,87.8494
486,2,21.3261,246.151,49.0735,40.9163,40.299
486,3,25.9803,100.293,52.4201,34.4265,49.1994
486,4,32.1609,18.1654,12.8343,7.52072,62.7596
486,5,41.8741,23.7324,51.0968,16.2056,2942.29
486,6,43.2553,16.2347,6.60227,4.69352,36.3219
487,1,13.1338,134.678,365.657,98.4258,65.0099
487,2,21.2626,269.427,49.3437,41.7056,144.976
487,3,25.1935,99.5502,60.8364,37.7605,60.0457
487,4,32.9653,23.9038,10.6923,7.38774,19.8905
487,5,41.6237,19.9658,40.1072,13.33,1934.63
487,6,43.3606,37.694,6.03097,5.19912,225.648
488,1,13.3113,132.132,357.436,96.4703,146.347
488,2,21.1383,225.182,47.9244,39.5147,40.1824
488,3,24.0501,103.173,79.3999,44.8692,94.4538
488,4,34.1523,19.9999,8.60884,6.0183,13.6024
488,5,41.2686,17.2401,53.5957,13.0442,6909.53
488,6,43.4326,32.6196,5.07858,4.39441,36.2355
489,1,13.5565,122.047,354.499,90.7901,188.727
489,2,20.9641,224.514,50.2342,41.0495,61.3824
489,3,22.8564,104.732,84.3999,46.7366,94.2129
489,4,35.4438,18.1763,8.42063,5.75464,20.0465
489,5,40.8877,18.5105,69.1156,14.6003,680.374
489,6,43.4082,27.7057,3.21812,2.88323,27.8241
490,1,13.8431,134.24,332.274,95.6125,124.082
490,2,20.7565,185.673,55.0567,42.4648,48.9655
490,3,21.7827,105.695,191.708,68.1315,486.208
490,4,36.7078,19.5826,8.56697,5.95972,61.877
490,5,40.5336,20.8986,74.854,16.3374,5277.72
490,6,43.2571,18.2961,2.36455,2.09393,22.9363
491,1,14.1381,144.801,218.48,87.0844,115.032
491,2,20.5386,157.545,58.5702,42.6969,136.903
491,3,20.9426,167.296,300.671,107.488,241.711
491,4,37.871,20.5399,8.96903,6.24295,58.4716
491,5,40.2456,28.9602,24.7329,13.3401,854.987
491,6,42.9697,15.0565,2.3533,2.0352,31.6388
492,1,14.4039,149.559,226.549,90.087,82.1675
492,2,20.3389,147.465,61.7788,43.5388,132.944
492,3,20.4202,282.134,402.917,165.939,786.503
492,4,38.8711,20.9135,9.09518,6.33857,26.299
492,5,40.0535,25.5777,46.516,16.5031,4854.47
492,6,42.5606,12.1873,1.52603,1.35621,9.01603
493,1,14.6031,174.215,200.125,93.1366,238.402
493,2,20.1884,123.489,69.1652,44.334,154.555
493,3,20.2705,376.861,469.479,209.051,1811.8
493,4,39.6004,22.6253,10.8918,7.35236,82.2765
493,5,39.9808,22.1915,52.5848,15.6057,3056.99
493,6,42.1062,6.38882,2.69207,1.89399,44.3362
494,1,14.7066,107.124,666.467,92.2902,0
494,2,20.1125,56.2102,213.534,44.4969,0
494,3,20.5132,191.593,2442.18,177.656,0
494,4,39.8408,11.4008,93.1708,10.1579,0
494,5,39.9871,14.7794,892.021,14.5386,0
494,6,41.8606,2.39462,7.85884,1.83538,0
496,1,14.7051,171.873,184.472,88.9749,212.276
496,2,20.12,134.236,63.9133,43.298,135.839
496,3,21.1291,209.063,256.991,115.281,693.891
496,4,39.3358,27.8923,10.2171,7.47788,131.081
496,5,40.1194,12.0012,37.8441,9.11168,625.676
496,6,42.0302,5.95284,4.81167,2.66088,51.1951
497,1,14.614,158.382,207.63,89.8465,130.802
497,2,20.1985,151.458,59.8119,42.8787,105.485
497,3,22.0654,137.722,168.149,75.711,1093.07
497,4,38.3792,22.6493,8.66877,6.26928,54.7601
497,5,40.3665,19.1887,46.1242,13.5511,517.434
497,6,42.3305,8.48355,6.12021,3.55533,34.0714
498,1,14.4668,140.273,300.918,95.6746,125.09
498,2,20.3197,179.522,57.9102,43.7858,137.748
498,3,23.2446,131.582,87.6421,52.6043,101.277
498,4,37.2162,22.8067,8.68953,6.29217,39.4173
498,5,40.6873,18.694,39.2354,12.6614,589.551
498,6,42.5628,9.89587,6.52436,3.93199,95.0137
499,1,14.3034,132.617,342.084,95.5679,115.175
499,2,20.4512,202.639,53.9724,42.6205,127.408
499,3,24.5694,125.33,64.6244,42.6385,187.542
499,4,35.9478,23.1306,8.65901,6.30043,27.9742
499,5,41.0532,16.3428,30.3383,10.6213,382.884
499,6,42.6752,9.97146,6.94164,4.09258,99.2542
500,1,14.1602,126.241,334.885,91.6804,97.8413
500,2,20.5646,276.239,53.1302,44.5598,76.744
500,3,25.9103,111.645,50.9173,34.9691,127.457
500,4,34.6747,24.1542,9.46695,6.80128,23.771
500,5,41.4321,14.3023,22.5079,8.74525,260.364
500,6,42.6609,10.5013,4.14096,2.96986,47.5308
501,1,14.0647,122.377,334.164,89.5738,102.212
501,2,20.6395,214.205,49.5486,40.2404,50.8516
501,3,27.0451,111.769,44.4054,31.7795,66.625
501,4,33.5906,22.7146,9.0493,6.47122,40.3395
501,5,41.7895,12.3488,17.1051,7.17147,863.8
501,6,42.531,11.3587,8.81697,4.96386,88.2243
502,1,14.0341,120.075,326.99,87.8244,98.9143
502,2,20.6638,283.92,48.7762,41.6252,24.2498
502,3,27.5455,108.477,40.3662,29.4189,41.549
502,4,33.105,21.394,9.71404,6.68066,24.0535
502,5,42.0734,13.3778,21.178,8.19876,2072.98
502,6,42.3236,10.8643,9.65404,5.11173,124.235
503,1,14.0741,122.342,334.345,89.568,118.112
503,2,20.6333,237.14,49.7136,41.0979,34.9412
503,3,27.0659,111.949,44.3078,31.744,27.5163
503,4,33.5573,22.807,9.10253,6.50594,32.3773
503,5,41.9501,10.765,20.8533,7.09987,3393.86
503,6,42.3678,10.3498,8.7078,4.72904,130.852
504,1,14.1789,122.923,333.24,89.7988,218.351
504,2,20.552,264.688,52.53,43.8312,59.3354
504,3,25.9372,111.207,50.7945,34.8683,48.5895
504,4,34.6236,23.7446,9.41336,6.74096,57.8664
504,5,41.5995,14.335,23.2874,8.87304,709.195
504,6,42.4882,9.70808,7.35543,4.18478,130.836
505,1,14.3314,131.599,341.101,94.9619,200.067
505,2,20.432,204.583,53.4082,42.3518,39.9034
505,3,24.5945,125.656,64.0892,42.4421,61.9397
505,4,35.8887,22.7281,8.66976,6.27582,65.357
505,5,41.2222,16.4619,30.0253,10.6325,4912.68
505,6,42.497,9.44316,5.6655,3.54103,78.0631
506,1,14.5034,139.636,290.831,94.3405,43.7469
506,2,20.2941,175.595,56.7961,42.9152,110.32
506,3,23.2651,131.387,89.2585,53.1504,49.0944
506,4,37.1552,22.1334,8.70918,6.24992,278.373
506,5,40.8579,18.8942,44.4215,13.2559,867.313
506,6,42.3772,9.33468,6.72891,3.91022,65.077
507,1,14.6584,146.584,195.47,83.7668,42.5256
507,2,20.1669,143.791,59.7889,42.2297,150.797
507,3,22.0809,138.285,165.257,75.2862,130.985
507,4,38.3236,21.8185,8.60394,6.17062,380.469
507,5,40.5394,18.9657,60.6444,14.4474,2647.31
507,6,42.1322,7.57699,5.82582,3.2935,574.895
508,1,14.7553,173.84,190.038,90.7894,166.07
508,2,20.0839,132.078,64.5946,43.3793,50.2414
508,3,21.1403,208.899,258.998,115.633,181.067
508,4,39.297,26.7103,10.0483,7.3015,283.123
508,5,40.2954,11.697,30.6969,8.46965,6396.52
508,6,41.8086,5.24206,4.90489,2.53394,43.3835
509,1,14.7595,108.419,689.797,93.6928,34966.9
509,2,20.0745,54.2257,219.556,43.4857,3.87618
509,3,20.5215,192.466,2522.81,178.824,445.541
509,4,39.8473,11.8576,117.757,10.7728,6699.98
509,5,40.1379,12.6091,254.37,12.0136,842.938
509,6,41.6174,1.72694,8.68573,1.44052,20941.5
511,1,14.6551,176.475,202.868,94.3767,887.355
511,2,20.1514,119.389,68.2264,43.4158,142.449
511,3,20.2781,379.207,482.887,212.406,3280.77
511,4,39.609,21.4485,10.8457,7.20327,146.813
511,5,40.0984,21.1049,38.0384,13.5738,7404.01
511,6,41.8939,7.61289,0.693736,0.635798,20.7856
512,1,14.7595,108.419,689.797,93.6928,499.399
512,2,20.0745,54.2257,219.556,43.4857,1448.19
512,3,20.5215,192.466,2522.81,178.824,1769.8
512,4,39.8473,11.8576,117.757,10.7728,852.331
512,5,40.1379,12.6091,254.37,12.0136,3112.58
512,6,41.6174,1.72694,8.68573,1.44052,2841.41
514,1,14.7553,173.84,190.038,90.7894,232.61
514,2,20.0839,132.078,64.5946,43.3793,311.949
514,3,21.1403,208.899,258.998,115.633,196.115
514,4,39.297,26.7103,10.0483,7.3015,136.295
514,5,40.2954,11.697,30.6969,8.46965,6643.3
514,6,41.8086,5.24206,4.90489,2.53394,76.2504
515,1,14.6584,146.584,195.47,83.7668,49.5219
515,2,20.1669,143.791,59.7889,42.2297,175.08
515,3,22.0809,138.285,165.257,75.2862,89.6707
515,4,38.3236,21.8185,8.60394,6.17062,98.9706
515,5,40.5394,18.9657,60.6444,14.4474,2902.69
515,6,42.1322,7.57699,5.82582,3.2935,87.2072
516,1,14.5034,139.636,290.831,94.3405,169.718
516,2,20.2941,175.595,56.7961,42.9152,90.6823
516,3,23.2651,131.387,89.2585,53.1504,56.8857
516,4,37.1552,22.1334,8.70918,6.24992,59.7196
516,5,40.8579,18.8942,44.4215,13.2559,7670.14
516,6,42.3772,9.33468,6.72891,3.91022,95.7605
517,1,14.3314,131.599,341.101,94.9619,287.003
517,2,20.432,204.583,53.4082,42.3518,87.1714
517,3,24.5945,125.656,64.0892,42.4421,53.4701
517,4,35.8887,22.7281,8.66976,6.27582,129.325
517,5,41.2222,16.4619,30.0253,10.6325,2234.3
517,6,42.497,9.44316,5.6655,3.54103,61.9135
518,1,14.1789,122.923,333.24,89.7988,133.423
518,2,20.552,264.688,52.53,43.8312,58.272
518,3,25.9372,111.207,50.7945,34.8683,50.9614
518,4,34.6236,23.7446,9.41336,6.74096,65.958
518,5,41.5995,14.335,23.2874,8.87304,14194.1
518,6,42.4882,9.70808,7.35543,4.18478,109.765
519,1,14.0741,122.342,334.345,89.568,165.605
519,2,20.6333,237.14,49.7136,41.0979,48.4625
519,3,27.0659,111.949,44.3078,31.744,29.56
519,4,33.5573,22.807,9.10253,6.50594,60.3613
519,5,41.9501,10.765,20.8533,7.09987,1439.02
519,6,42.3678,10.3498,8.7078,4.72904,36.7976
520,1,14.0341,120.075,326.99,87.8244,147.954
520,2,20.6638,283.92,48.7762,41.6252,77.6728
520,3,27.5455,108.477,40.3662,29.4189,45.5745
520,4,33.105,21.394,9.71404,6.68066,47.6988
520,5,42.0734,13.3778,21.178,8.19876,748.019
520,6,42.3236,10.8643,9.65404,5.11173,118.434
521,1,14.0647,122.377,334.164,89.5738,98.4163
521,2,20.6395,214.205,49.5486,40.2404,42.5966
521,3,27.0451,111.769,44.4054,31.7795,55.3435
521,4,33.5906,22.7146,9.0493,6.47122,47.1045
521,5,41.7895,12.3488,17.1051,7.17147,266.902
521,6,42.531,11.3587,8.81697,4.96386,100.043
522,1,14.1602,126.241,334.885,91.6804,53.9642
522,2,20.5646,276.239,53.1302,44.5598,43.6199
522,3,25.9103,111.645,50.9173,34.9691,62.0903
522,4,34.6747,24.1542,9.46695,6.80128,38.6768
522,5,41.4321,14.3023,22.5079,8.74525,387.27
522,6,42.6609,10.5013,4.14096,2.96986,404.409
523,1,14.3034,132.617,342.084,95.5679,51.5974
523,2,20.4512,202.639,53.9724,42.6205,69.0713
523,3,24.5694,125.33,64.6244,42.6385,160.44
523,4,35.9478,23.1306,8.65901,6.30043,35.9524
523,5,41.0532,16.3428,30.3383,10.6213,548.619
523,6,42.6752,9.97146,6.94164,4.09258,146.538
524,1,14.4668,140.273,300.918,95.6746,90.8233
524,2,20.3197,179.522,57.9102,43.7858,96.2477
524,3,23.2446,131.582,87.6421,52.6043,158.112
524,4,37.2162,22.8067,8.68953,6.29217,18.2548
524,5,40.6873,18.694,39.2354,12.6614,976.062
524,6,42.5628,9.89587,6.52436,3.93199,35.6939
525,1,14.614,158.382,207.63,89.8465,56.1709
525,2,20.1985,151.458,59.8119,42.8787,60.9232
525,3,22.0654,137.722,168.149,75.711,287.453
525,4,38.3792,22.6493,8.66877,6.26928,38.9311
525,5,40.3665,19.1887,46.1242,13.5511,963.326
525,6,42.3305,8.48355,6.12021,3.55533,38.7903
526,1,14.7051,171.873,184.472,88.9749,203.213
526,2,20.12,134.236,63.9133,43.298,126.288
526,3,21.1291,209.063,256.991,115.281,529.104
526,4,39.3358,27.8923,10.2171,7.47788,17.8411
526,5,40.1194,12.0012,37.8441,9.11168,387.758
526,6,42.0302,5.95284,4.81167,2.66088,20.9709
527,1,14.7066,107.124,666.467,92.2902,0
527,2,20.1125,56.2102,213.534,44.4969,0
527,3,20.5132,191.593,2442.18,177.656,0
527,4,39.8408,11.4008,93.1708,10.1579,0
527,5,39.9871,14.7794,892.021,14.5386,0
527,6,41.8606,2.39462,7.85884,1.83538,0
529,1,14.6031,174.215,200.125,93.1366,247.375
529,2,20.1884,123.489,69.1652,44.334,152.298
529,3,20.2705,376.861,469.479,209.051,1761.1
529,4,39.6004,22.6253,10.8918,7.35236,72.4485
529,5,39.9808,22.1915,52.5848,15.6057,1674.78
529,6,42.1062,6.38882,2.69207,1.89399,43.3283
530,1,14.4039,149.559,226.549,90.087,66.0344
530,2,20.3389,147.465,61.7788,43.5388,57.6561
530,3,20.4202,282.134,402.917,165.939,985.044
530,4,38.8711,20.9135,9.09518,6.33857,100.644
530,5,40.0535,25.5777,46.516,16.5031,2383.24
530,6,42.5606,12.1873,1.52603,1.35621,19.0422
531,1,14.1381,144.801,218.48,87.0844,112.097
531,2,20.5386,157.545,58.5702,42.6969,112.267
531,3,20.9426,167.296,300.671,107.488,448.147
531,4,37.871,20.5399,8.96903,6.24295,58.7669
531,5,40.2456,28.9602,24.7329,13.3401,1934.55
531,6,42.9697,15.0565,2.3533,2.0352,29.6385
532,1,13.8431,134.24,332.274,95.6125,188.216
532,2,20.7565,185.673,55.0567,42.4648,66.6908
532,3,21.7827,105.695,191.708,68.1315,183.871
532,4,36.7078,19.5826,8.56697,5.95972,33.0158
532,5,40.5336,20.8986,74.854,16.3374,4688.57
532,6,43.2571,18.2961,2.36455,2.09393,38.1713
533,1,13.5565,122.047,354.499,90.7901,152.953
533,2,20.9641,224.514,50.2342,41.0495,44.2337
533,3,22.8564,104.732,84.3999,46.7366,196.711
533,4,35.4438,18.1763,8.42063,5.75464,59.0317
533,5,40.8877,18.5105,69.1156,14.6003,7434.51
533,6,43.4082,27.7057,3.21812,2.88323,22.5887
534,1,13.3113,132.132,357.436,96.4703,90.6385
534,2,21.1383,225.182,47.9244,39.5147,43.0632
534,3,24.0501,103.173,79.3999,44.8692,208.383
534,4,34.1523,19.9999,8.60884,6.0183,21.4204
534,5,41.2686,17.2401,53.5957,13.0442,924.21
534,6,43.4326,32.6196,5.07858,4.39441,223.589
535,1,13.1338,134.678,365.657,98.4258,100.072
535,2,21.2626,269.427,49.3437,41.7056,43.0094
535,3,25.1935,99.5502,60.8364,37.7605,75.7031
535,4,32.9653,23.9038,10.6923,7.38774,46.4863
535,5,41.6237,19.9658,40.1072,13.33,7320.39
535,6,43.3606,37.694,6.03097,5.19912,46.1783
536,1,13.0424,133.9,356.672,97.3526,106.821
536,2,21.3261,246.151,49.0735,40.9163,54.8086
536,3,25.9803,100.293,52.4201,34.4265,35.7716
536,4,32.1609,18.1654,12.8343,7.52072,38.4898
536,5,41.8741,23.7324,51.0968,16.2056,2829.86
536,6,43.2553,16.2347,6.60227,4.69352,29.5304
537,1,13.0464,134.291,354.238,97.3757,106.113
537,2,21.3237,240.102,48.9084,40.6317,64.6491
537,3,25.9909,100.086,52.8239,34.5754,65.4803
537,4,32.1441,18.188,12.7293,7.48837,51.0822
537,5,41.915,24.8646,56.9693,17.3097,706.74
537,6,43.2131,14.3298,6.56035,4.50013,129.014
538,1,13.146,135.305,365.484,98.7477,178.553
538,2,21.2553,265.826,48.6065,41.0926,53.8881
538,3,25.2164,100.492,60.7612,37.866,45.7248
538,4,32.924,23.7132,10.8385,7.43857,41.8972
538,5,41.7212,21.3123,43.7162,14.3275,117.299
538,6,43.2594,20.7513,6.11111,4.72085,32.9441
539,1,13.3314,132.655,360.808,96.994,111.25
539,2,21.126,204.437,46.427,37.8348,111.339
539,3,24.0745,104.238,78.6732,44.8346,57.5119
539,4,34.0981,21.2511,9.27706,6.4579,77.2143
539,5,41.3917,17.9456,58.1707,13.7146,77.1902
539,6,43.3031,33.5318,5.48492,4.71386,20.2239
540,1,13.5844,124.263,356.397,92.1381,85.5641
540,2,20.9465,224.529,51.0431,41.5886,67.7436
540,3,22.8776,105.283,83.7629,46.6491,69.2538
540,4,35.3833,18.3237,8.27202,5.69919,45.2214
540,5,41.0219,18.236,73.3692,14.6057,313.126
540,6,43.264,28.9021,4.50641,3.89855,20.2937
541,1,13.8785,134.16,322.389,94.7364,175.451
541,2,20.7335,181.714,55.6874,42.6248,88.9492
541,3,21.7994,104.873,198.228,68.5867,102.436
541,4,36.646,19.325,8.57149,5.93781,107.216
541,5,40.6727,19.7543,75.1896,15.6442,588.825
541,6,43.1025,20.1433,3.36703,2.88482,41.256
542,1,14.1804,134.002,256.172,87.9802,86.605
542,2,20.51,151.816,58.2104,42.077,102.31
542,3,20.9549,167.194,304.475,107.928,109.855
542,4,37.8144,20.4044,9.01946,6.25468,41.3486
542,5,40.3856,26.6865,17.243,10.4749,118.14
542,6,42.8044,17.2186,2.50381,2.18594,58.274
543,1,14.4521,150.885,230.162,91.1384,135.625
543,2,20.3054,112.402,61.4115,39.7137,97.2972
543,3,20.4292,283.733,406.408,167.084,329.788
543,4,38.8323,19.7006,9.05543,6.20383,131.399
543,5,40.1891,27.7491,39.9661,16.3778,472.468
543,6,42.379,13.6588,2.07398,1.80058,17.4719
544,1,14.0757,135.486,260.89,89.1754,133.342
544,2,20.0921,284.852,503.798,181.966,1277.04
544,3,20.5778,146.057,58.0335,41.5316,116.69
544,4,38.1155,16.3908,8.88382,5.76123,95.3646
544,5,40.1043,36.0901,49.0114,20.7849,14515
544,6,42.9744,15.3544,5.25824,3.91688,36.7179
545,1,14.4535,150.878,229.322,91.0037,143.074
545,2,20.3043,120.009,60.1264,40.0571,216.799
545,3,20.4282,284.114,408.543,167.576,889.245
545,4,38.8959,19.859,8.63266,6.01706,130.587
545,5,40.1097,26.73,48.5866,17.2435,952.276
545,6,42.3935,13.4485,2.11044,1.82418,113.38
546,1,14.7568,173.862,189.832,90.7482,456.862
546,2,20.0827,131.734,62.9185,42.5811,515.048
546,3,21.1393,205.963,259.468,114.82,95.9081
546,4,39.4235,23.064,9.37341,6.66478,31.4889
546,5,40.131,11.571,34.5645,8.66894,786.156
546,6,41.8453,5.65879,5.11655,2.68701,73.6769
547,1,14.9625,99.239,598.38,85.1219,68.2395
547,2,19.935,59.8871,197.506,45.9533,209.749
547,3,22.1734,84.7149,946.807,77.7576,122.455
547,4,39.5004,11.2634,57.6406,9.42226,1898.53
547,5,40.0345,5.47124,38.8917,4.79648,111.572
547,6,41.6517,3.62605,52.2504,3.39074,535.271
549,1,15.0657,166.487,179.265,86.32,186.182
549,2,19.8677,145.881,66.4122,45.6363,80.4419
549,3,23.4563,154.614,83.851,54.3666,127.046
549,4,38.6884,29.1949,8.64992,6.67287,98.9482
549,5,40.268,7.98065,14.1805,5.10667,34.9958
549,6,41.7984,11.4187,7.1364,4.3917,2368.16
550,1,15.084,147.974,258.758,94.1393,207.989
550,2,19.8674,170.596,60.5421,44.6843,89.5192
550,3,24.8998,146.987,56.529,40.8274,35.7287
550,4,37.5438,25.0674,8.04491,6.09033,156.568
550,5,40.5699,8.45806,13.5297,5.2045,289.89
550,6,41.9961,11.6048,11.8615,5.86589,1826.08
551,1,15.0511,132.891,285.848,90.7168,134.795
551,2,19.906,257.38,60.0635,48.6989,64.0654
551,3,26.3984,130.479,45.7909,33.8955,35.2934
551,4,36.2864,25.5356,7.87585,6.01933,102.69
551,5,40.8573,8.77582,10.2106,4.71951,185.481
551,6,42.139,13.675,20.0266,8.12613,8557.51
552,1,15.0033,116.484,286.597,82.8218,133.455
552,2,19.953,357.485,55.4736,48.0217,96.992
552,3,27.7939,120.974,39.3453,29.6893,50.4319
552,4,35.0682,24.6816,7.95406,6.01547,262.932
552,5,41.0849,7.96827,11.3395,4.67979,139.636
552,6,42.2186,15.0985,28.5121,9.87122,2646.07
553,1,14.9689,116.724,301.484,84.1459,134.239
553,2,19.9848,453.313,56.3422,50.1136,42.0813
553,3,28.7578,128.18,40.819,30.9599,41.3838
553,4,34.2011,22.5511,6.98138,5.331,43.4436
553,5,41.2001,7.77555,12.2878,4.76214,71.9048
553,6,42.263,15.6734,36.585,10.9726,2708.85
554,1,14.9631,115.607,302.022,83.6052,146.649
554,2,19.9891,462.295,56.2211,50.1252,57.4927
554,3,28.7442,127.853,40.7934,30.926,40.2774
554,4,34.2204,22.9717,6.97457,5.35017,31.997
554,5,41.1668,8.08619,11.3358,4.71958,87.6238
554,6,42.2983,15.0155,32.0941,10.2295,1374.51
555,1,14.986,124.774,288.025,87.0593,141.211
555,2,19.9658,370.146,56.4556,48.9844,42.2869
555,3,27.7664,120.172,39.5432,29.7528,51.6648
555,4,35.112,25.0437,7.88509,5.99694,16.7651
555,5,40.9986,7.60343,10.9252,4.48328,329.438
555,6,42.3111,14.0377,22.4532,8.63755,4920.6
556,1,15.0228,135.052,288.7,92.0104,125.233
556,2,19.9271,257.67,60.7446,49.1562,53.5581
556,3,26.3701,130.416,46.1902,34.1095,374.805
556,4,36.3391,26.1234,7.70313,5.94894,44.6228
556,5,40.7417,9.22851,12.7844,5.35963,124.258
556,6,42.2667,12.9915,15.9921,7.16824,1037.94
557,1,15.0458,157.236,262.401,98.3203,143.029
557,2,19.896,179.021,62.5962,46.3793,108.187
557,3,24.8755,147.598,56.983,41.1112,169.392
557,4,37.5953,26.1751,8.14258,6.21059,59.476
557,5,40.4432,8.6724,16.3557,5.66735,112.694
557,6,42.1452,10.6848,9.78012,5.10623,801.286
558,1,15.0196,187.122,180.365,91.8407,157.819
558,2,19.9021,152.938,66.9142,46.5482,94.6984
558,3,23.4372,154.312,82.6941,53.8412,428.18
558,4,38.7225,30.4364,8.968,6.92698,29.8588
558,5,40.1479,8.20901,17.3816,5.5757,57.3607
558,6,41.9642,10.5607,7.68469,4.44802,90.2238
559,1,14.9118,97.5111,574.183,83.3552,0
559,2,19.9724,61.8004,195.282,46.9441,0
559,3,22.1593,83.626,972.05,77.0015,0
559,4,39.4521,12.0563,55.8063,9.9144,0
559,5,39.9833,6.34964,61.7725,5.75779,0
559,6,41.8348,3.42419,36.2416,3.12859,0
561,1,14.7051,171.873,184.472,88.9749,94.771
561,2,20.12,134.236,63.9133,43.298,411.893
561,3,21.1291,209.063,256.991,115.281,1011.11
561,4,39.3358,27.8923,10.2171,7.47788,22.5416
561,5,40.1194,12.0012,37.8441,9.11168,320.011
561,6,42.0302,5.95284,4.81167,2.66088,23.2506
562,1,14.4039,149.559,226.549,90.087,51.1265
562,2,20.3389,147.465,61.7788,43.5388,129.289
562,3,20.4202,282.134,402.917,165.939,418.537
562,4,38.8711,20.9135,9.09518,6.33857,28.6355
562,5,40.0535,25.5777,46.516,16.5031,2095.18
562,6,42.5606,12.1873,1.52603,1.35621,24.1926
563,1,14.0303,133.884,255.167,87.8107,63.6909
563,2,20.0842,281.722,509.939,181.468,594.223
563,3,20.6082,151.144,57.2303,41.5119,71.4744
563,4,38.1403,17.1748,8.97658,5.89532,25.5698
563,5,40.0105,35.9275,51.5087,21.1649,924.602
563,6,43.1284,13.3919,5.14373,3.71632,38.3421
564,1,13.6154,124.769,251.909,83.4412,123.115
564,2,20.1401,207.65,481.427,145.076,302.61
564,3,20.9013,166.752,57.1574,42.5668,53.196
564,4,37.1799,17.5203,8.8815,5.89379,28.7627
564,5,40.1024,31.1096,50.3749,19.2324,6398.74
564,6,43.596,23.1116,6.21884,4.90028,49.2203
565,1,13.1928,130.087,323.985,92.8186,80.2821
565,2,20.5677,132.801,354.06,96.5771,280.594
565,3,21.1921,193.449,50.8996,40.2968,43.6887
565,4,36.0521,18.9851,9.55572,6.35638,49.0504
565,5,40.3181,18.7029,18.0478,9.18476,551.671
565,6,43.9252,26.9644,7.21107,5.68953,61.987
566,1,12.7949,133.939,362.429,97.797,67.8585
566,2,21.3081,84.6807,272.477,64.6032,496.875
566,3,21.4583,160.684,46.9519,36.3348,83.8293
566,4,34.8118,19.5198,10.6916,6.90791,56.4604
566,5,40.626,18.6813,99.4459,15.7269,13233.2
566,6,44.1114,24.7149,7.48348,5.74419,40.7512
567,1,12.4511,138.975,352.048,99.6407,86.2373
567,2,21.6824,217.17,48.1682,39.424,55.0383
567,3,22.2669,88.3748,99.6089,46.8281,246.008
567,4,33.5217,22.8729,11.2014,7.51912,36.9299
567,5,40.9855,22.1915,97.4431,18.0751,6341.85
567,6,44.168,21.5665,2.295,2.07427,41.9978
568,1,12.1865,140.364,380.303,102.524,165.564
568,2,21.851,293.658,48.3522,41.5163,45.6921
568,3,23.305,80.4425,107.119,45.9418,134.142
568,4,32.2812,24.3294,13.9213,8.85465,27.3584
568,5,41.3429,24.4416,67.9777,17.9777,4721.2
568,6,44.1257,26.0718,3.60555,3.16751,25.5205
569,1,12.0208,142.976,332.071,99.944,116.054
569,2,21.955,300.12,48.4985,41.7516,128.147
569,3,24.1963,86.162,85.1359,42.823,48.4651
569,4,31.2814,20.0461,14.9235,8.5548,32.8131
569,5,41.6276,27.9038,44.901,17.2092,4512.69
569,6,44.0374,24.7439,4.03135,3.46656,16.6015
570,1,11.9666,147.695,343.539,103.289,149.912
570,2,21.989,320.9,50.2027,43.4113,58.5192
570,3,24.5806,84.8182,79.0067,40.9047,46.475
570,4,30.8596,20.9536,16.1988,9.13596,12.4578
570,5,41.7565,29.8274,76.2934,21.4438,843.463
570,6,43.9742,28.6369,3.90439,3.43593,28.1927
571,1,12.0281,144.195,335.332,100.835,180.963
571,2,21.9511,289.781,48.3704,41.4513,57.6446
571,3,24.2124,86.714,84.7407,42.858,71.8757
571,4,31.2536,19.9659,15.0469,8.58042,64.7381
571,5,41.6789,29.0671,47.7004,18.0612,1452.39
571,6,43.9831,25.4299,3.95783,3.4248,28.4974
572,1,12.201,139.561,378.138,101.938,152.976
572,2,21.8432,270.44,46.5207,39.6928,79.4898
572,3,23.327,81.4489,106.646,46.18,45.5981
572,4,32.2362,24.1493,13.9621,8.84708,94.8673
572,5,41.4289,25.5877,71.4,18.8371,319.891
572,6,44.0337,25.1651,3.72298,3.24318,11.1594
573,1,12.4725,138.445,348.313,99.068,81.1511
573,2,21.6704,229.502,47.5873,39.4147,69.4711
573,3,22.2881,90.5331,102.193,48.0051,50.6325
573,4,33.4676,22.6949,11.4296,7.60138,102.206
573,5,41.0905,22.9626,102.555,18.7618,234.436
573,6,44.0536,20.2986,3.32701,2.8585,68.979
574,1,12.8229,131.091,348.177,95.2348,141.411
574,2,21.3257,83.6255,277.283,64.2488,58.8897
574,3,21.442,160.006,46.6557,36.1228,48.3687
574,4,34.7536,19.2903,10.758,6.90639,65.2204
574,5,40.7402,18.7213,109.496,15.9877,238.061
574,6,43.9834,22.2735,6.67972,5.13866,31.5505
575,1,13.2272,130.83,315.886,92.5136,178.356
575,2,20.5811,132.007,365.781,97.0002,271.298
575,3,21.1711,185.415,48.5385,38.4682,82.1475
575,4,35.9949,18.6771,10.2938,6.63627,215.845
575,5,40.4344,17.2944,13.5397,7.59421,1034.87
575,6,43.7878,25.046,7.35359,5.68458,52.2242
576,1,13.6556,126.038,274.266,86.354,270.608
576,2,20.15,207.951,490.489,146.037,142.454
576,3,20.8756,161.153,56.6661,41.9243,226.135
576,4,37.1315,16.963,8.90732,5.84047,147.993
576,5,40.2137,28.9818,42.5105,17.2331,2364.15
576,6,43.4508,23.5202,6.29234,4.96426,42.3047
577,1,13.1106,138.526,248.478,88.9414,123.458
577,2,19.718,206.076,563.594,150.9,547.743
577,3,21.2424,167.668,46.5844,36.4557,128.327
577,4,36.2542,16.428,9.4053,5.98105,23.94
577,5,40.1641,28.2076,57.7309,18.949,14625.7
577,6,43.9681,31.3152,6.86964,5.63376,34.5909
578,1,13.6579,125.375,276.509,86.2618,245.815
578,2,20.1482,206.758,481.556,144.651,511.178
578,3,20.8739,164.357,57.9997,42.8711,74.7811
578,4,37.165,16.736,8.79379,5.76475,85.3369
578,5,40.1751,30.9496,51.2011,19.2896,1721.08
578,6,43.4533,23.4696,6.29537,4.96388,63.7742
579,1,14.1842,134.785,254.682,88.1391,377.559
579,2,20.5071,156.161,57.9272,42.2535,122.014
579,3,20.9522,165.232,299.007,106.423,194.187
579,4,37.8889,18.8467,8.75657,5.97872,58.3282
579,5,40.2895,29.7566,26.6525,14.0596,89.0549
579,6,42.8222,17.0809,2.58067,2.24195,62.4341
580,1,14.6626,146.31,203.465,85.109,445.779
580,2,20.1635,155.546,60.2984,43.4534,675.706
580,3,22.0783,135.511,165.65,74.5363,144.152
580,4,38.4325,20.4988,8.31011,5.913,30.4585
580,5,40.3749,18.2809,40.392,12.5851,121.031
580,6,42.1841,8.21539,6.38513,3.59277,54.6459
581,1,15.0688,169.226,177.436,86.6168,710.583
581,2,19.8652,147.417,66.61,45.8795,1014.04
581,3,23.4546,151.811,82.514,53.4579,62.237
581,4,38.8064,24.6682,8.50506,6.32451,15.9962
581,5,40.0988,7.7605,15.505,5.17189,377.539
581,6,41.8473,11.6727,7.63148,4.61454,484.805
582,1,15.3847,92.261,711.031,81.6645,853.142
582,2,19.6306,68.5653,179.611,49.6223,215.808
582,3,24.9992,87.2993,76.9518,40.8998,57.0197
582,4,38.7526,10.8586,49.6066,8.90858,1351.54
582,5,39.6109,4.03148,115.076,3.89502,798.389
582,6,41.9142,8.59424,223.439,8.27592,2926.9
584,1,15.6037,141.532,193.786,81.7938,100.52
584,2,19.4688,184.384,67.7415,49.5406,69.0797
584,3,26.6217,153.285,42.8567,33.4925,29.1826
584,4,37.797,27.8618,8.37842,6.44141,245.931
584,5,39.6815,5.70791,10.7677,3.73043,100.195
584,6,42.0991,17.3181,19.6413,9.20336,364.66
585,1,15.7343,119.271,225.1,77.9622,128.262
585,2,19.3747,258.128,64.3851,51.5316,62.6992
585,3,28.2066,137.933,36.8903,29.1059,31.9403
585,4,36.5832,28.6135,7.57227,5.98769,149.029
585,5,39.8536,6.00629,11.0594,3.89237,119.744
585,6,42.2652,17.4017,16.2573,8.40501,826.387
586,1,15.7962,120.965,253.46,81.8848,194.089
586,2,19.3324,336.512,60.2891,51.1289,44.3451
586,3,29.5412,146.284,38.9281,30.7461,25.1079
586,4,35.4684,27.4981,6.29225,5.12054,47.2857
586,5,39.9715,6.2739,11.2193,4.02378,152.235
586,6,42.3757,18.1866,24.652,10.4657,1231.6
587,1,15.809,114.211,256.001,78.9768,106.611
587,2,19.3249,507.786,60.2878,53.8897,94.6175
587,3,30.1277,168.08,38.6426,31.4191,59.7489
587,4,34.9579,25.6385,6.42104,5.135,64.5589
587,5,40.0075,6.4513,12.6121,4.26809,56.1875
587,6,42.4212,19.188,24.8937,10.8358,1391.01
588,1,15.7809,120.487,243.301,80.5817,157.019
588,2,19.3448,366.295,62.4608,53.3616,38.5407
588,3,29.5171,144.663,38.949,30.6869,42.659
588,4,35.4985,28.1379,6.20136,5.08145,29.7525
588,5,39.9566,6.26464,11.12,4.00715,60.2856
588,6,42.3995,17.5418,23.2175,9.99225,1379.22
589,1,15.7052,133.141,228.87,84.1741,84.1012
589,2,19.3983,230.198,65.2257,50.8247,107.988
589,3,28.1768,138.208,37.255,29.3449,102.319
589,4,36.6204,28.9061,7.67799,6.06659,41.241
589,5,39.8301,6.03777,11.32,3.93758,70.0818
589,6,42.3108,16.445,14.7047,7.76312,5031.53
590,1,15.5638,150.537,194.849,84.9253,353.441
590,2,19.5006,180.715,68.5805,49.7142,158.146
590,3,26.5943,153.986,43.2754,33.7816,399.751
590,4,37.8168,28.1462,8.70357,6.64787,33.1713
590,5,39.6677,5.66328,11.0246,3.74136,34.6075
590,6,42.1635,15.8643,17.7089,8.36795,9799.7
591,1,15.3381,94.7036,752.696,84.1197,0
591,2,19.6668,70.6937,174.722,50.3299,0
591,3,24.9766,88.1714,78.2886,41.4683,0
591,4,38.6917,11.2758,50.9389,9.23216,0
591,5,39.665,4.37602,93.0811,4.17953,0
591,6,41.9985,8.70887,132.673,8.17243,0
593,1,15.0196,187.122,180.365,91.8407,243.8
593,2,19.9021,152.938,66.9142,46.5482,125.12
593,3,23.4372,154.312,82.6941,53.8412,726.883
593,4,38.7225,30.4364,8.968,6.92698,91.2835
593,5,40.1479,8.20901,17.3816,5.5757,319.558
593,6,41.9642,10.5607,7.68469,4.44802,33.3097
594,1,14.614,158.382,207.63,89.8465,65.4344
594,2,20.1985,151.458,59.8119,42.8787,67.8252
594,3,22.0654,137.722,168.149,75.711,232.84
594,4,38.3792,22.6493,8.66877,6.26928,20.6082
594,5,40.3665,19.1887,46.1242,13.5511,297.627
594,6,42.3305,8.48355,6.12021,3.55533,47.0621
595,1,14.1381,144.801,218.48,87.0844,52.0106
595,2,20.5386,157.545,58.5702,42.6969,111.529
595,3,20.9426,167.296,300.671,107.488,954.819
595,4,37.871,20.5399,8.96903,6.24295,49.7229
595,5,40.2456,28.9602,24.7329,13.3401,2277.56
595,6,42.9697,15.0565,2.3533,2.0352,27.881
596,1,13.6154,124.769,251.909,83.4412,58.3381
596,2,20.1401,207.65,481.427,145.076,1136.43
596,3,20.9013,166.752,57.1574,42.5668,33.6102
596,4,37.1799,17.5203,8.8815,5.89379,33.6357
596,5,40.1024,31.1096,50.3749,19.2324,1996.79
596,6,43.596,23.1116,6.21884,4.90028,27.1581
597,1,13.0724,138.099,214.398,83.9955,63.748
597,2,19.7094,203.924,562.941,149.697,539.707
597,3,21.2656,172.713,48.3073,37.749,35.7279
597,4,36.2917,16.8389,9.40447,6.03432,18.7553
597,5,40.0717,28.2169,62.4457,19.4349,806.312
597,6,44.1057,30.4268,6.77431,5.54071,26.7572
598,1,12.5364,134.245,243.296,86.5106,107.084
598,2,19.6703,159.171,521.419,121.946,334.654
598,3,21.6124,142.841,42.9255,33.0066,68.6799
598,4,35.2285,17.0689,8.94952,5.87117,33.5464
598,5,40.179,25.5515,48.998,16.7939,651.396
598,6,44.4701,28.4193,7.38315,5.8606,57.8672
599,1,12.035,138.962,320.039,96.8915,68.3799
599,2,20.0014,99.4326,491.84,82.7113,145.84
599,3,21.9253,178.394,44.4717,35.5976,38.7261
599,4,34.0334,18.7142,11.5165,7.12923,62.9243
599,5,40.4063,22.9191,15.0006,9.06651,380.219
599,6,44.6865,25.2612,8.2769,6.23424,447.611
600,1,11.5946,143.062,311.11,97.9981,83.8213
600,2,20.6381,72.6444,359.371,60.4291,126.102
600,3,22.191,178.581,44.4137,35.5678,36.2451
600,4,32.7633,21.1657,13.8356,8.36656,16.518
600,5,40.7167,23.2651,110.514,19.2192,825.235
600,6,44.7678,22.4335,7.65529,5.70761,81.9017
601,1,11.2398,148.262,314.941,100.806,76.3776
601,2,21.4697,61.8,271.509,50.3415,78.0533
601,3,22.399,222.94,42.8236,35.9233,50.2477
601,4,31.5002,25.2483,14.9131,9.37543,34.2651
601,5,41.0597,26.7497,106.459,21.3781,917.79
601,6,44.742,20.2212,7.28686,5.35658,115.218
602,1,10.9914,155.815,322.125,105.017,79.0878
602,2,22.3212,66.5852,95.0243,39.1512,78.2294
602,3,22.5413,313.391,47.9276,41.5702,80.7519
602,4,30.3842,21.5108,18.6842,9.99906,25.5719
602,5,41.3696,30.8972,74.0972,21.8049,17790.6
602,6,44.6553,22.1501,2.74635,2.4434,18.1982
603,1,10.8648,161.37,309.232,106.036,91.3979
603,2,22.613,285.255,46.743,40.1619,55.4059
603,3,22.9112,60.0915,186.049,45.4211,427.263
603,4,29.6672,23.0395,18.309,10.2018,74.9403
603,5,41.5683,33.9515,59.6087,21.631,2075.89
603,6,44.571,19.2845,3.25905,2.7879,45.9296
604,1,10.8682,161.655,310.145,106.267,87.784
604,2,22.6114,401.706,46.3182,41.5297,70.945
604,3,22.919,60.4195,183.95,45.481,196.404
604,4,29.654,23.1268,18.3525,10.2324,52.9359
604,5,41.5905,34.6076,68.9304,23.04,673.438
604,6,44.547,20.0709,3.34394,2.86639,57.9409
605,1,11.0015,156.028,319.069,104.786,57.8436
605,2,22.3389,70.6607,83.2012,38.2099,42.4953
605,3,22.5365,265.476,45.9175,39.1466,182.836
605,4,30.3505,21.4007,18.8142,10.0121,67.167
605,5,41.4293,32.3263,76.0529,22.6843,281.292
605,6,44.59,25.8335,2.46349,2.24902,9.47107
606,1,11.2564,147.996,305.594,99.7085,59.8225
606,2,21.4896,61.1124,242.805,48.8237,138.387
606,3,22.3908,211.032,42.5583,35.416,77.5714
606,4,31.4547,25.1457,15.084,9.4283,80.5694
606,5,41.1439,27.8732,111.328,22.2919,270.557
606,6,44.6483,20.2401,6.87422,5.13142,190.983
607,1,11.6173,143.28,312.512,98.2394,97.1459
607,2,20.6559,71.6824,405.026,60.9036,333.403
607,3,22.1794,156.215,44.465,34.6128,81.0635
607,4,32.7117,20.9167,14.0068,8.38906,83.5801
607,5,40.8145,23.679,117.213,19.6993,187.271
607,6,44.656,23.3706,8.10159,6.01607,438.156
608,1,12.0632,138.712,294.53,94.3001,216.514
608,2,20.0157,99.2193,506.829,82.9756,139.003
608,3,21.9101,155.711,43.8051,34.1874,60.5388
608,4,33.9803,18.4223,11.6398,7.13298,282.668
608,5,40.5096,20.2511,6.5201,4.93214,137.662
608,6,44.563,25.5021,8.39115,6.3137,97.8375
609,1,12.5699,135.771,268.281,90.1487,160.402
609,2,19.6812,160.162,522.228,122.571,222.266
609,3,21.5933,156.716,44.4211,34.6107,38.8221
609,4,35.1793,16.7715,9.01778,5.86453,57.7362
609,5,40.2809,24.6441,39.4484,15.1682,1810.34
609,6,44.3385,28.0483,7.88609,6.15542,53.6073
610,1,11.9288,139.841,303.772,95.7587,101.428
610,2,19.1528,152.689,600.443,121.733,2040.31
610,3,21.9868,96.7962,41.7268,29.1576,44.7335
610,4,34.1955,17.3398,11.5372,6.92776,53.642
610,5,40.2606,26.9574,54.0299,17.9844,3332.16
610,6,44.7337,27.2244,7.47268,5.86329,25.2999
611,1,12.5727,133.054,257.206,87.691,179.486
611,2,19.6787,159.774,521.551,122.306,1021.33
611,3,21.5913,140.518,43.54,33.2403,105.403
611,4,35.2004,16.2887,8.9685,5.7839,126.039
611,5,40.2614,25.8904,46.307,16.6059,994.624
611,6,44.333,28.0779,7.91231,6.17282,146.309
612,1,13.2324,130.919,312.194,92.2387,110.898
612,2,20.5769,130.599,348.6,95.0061,581.469
612,3,21.1674,191.022,51.0631,40.2923,155.177
612,4,36.0427,18.1902,9.41855,6.20547,89.9971
612,5,40.3836,20.1185,19.2482,9.83687,346.267
612,6,43.7845,25.585,7.39967,5.73965,561.066
613,1,13.8855,134.62,330.388,95.6473,344.596
613,2,20.7282,178.085,53.9529,41.4079,89.345
613,3,21.7945,106.745,191.947,68.5971,132.085
613,4,36.7206,18.552,8.52102,5.8391,24.4659
613,5,40.578,21.2938,68.048,16.2186,709.612
613,6,43.1152,19.6185,3.43534,2.92343,65.0162
614,1,14.5114,139.357,297.931,94.9458,752.881
614,2,20.2879,172.605,55.998,42.2809,180.101
614,3,23.2603,130.336,87.842,52.4753,54.593
614,4,37.2513,21.3603,8.5041,6.0825,35.756
614,5,40.7005,17.3971,36.1679,11.7468,1028.07
614,6,42.4313,10.0831,7.23031,4.21085,232.199
615,1,15.0916,148.919,258.708,94.514,11249.3
615,2,19.8613,173.782,60.9498,45.1238,2361.4
615,3,24.8959,144.254,56.4592,40.5776,37.5358
615,4,37.6519,23.9919,7.87974,5.9316,14.2529
615,5,40.3887,7.93612,14.986,5.18847,505.498
615,6,42.0637,12.1686,10.8828,5.74491,1047.31
616,1,15.609,145.289,192.616,82.819,282.864
616,2,19.4644,177.012,69.8906,50.1067,157.305
616,3,26.6193,152.605,43.1499,33.6385,45.0426
616,4,37.8971,27.659,8.30294,6.38595,10.9624
616,5,39.5552,6.26838,11.0496,3.99949,473.832
616,6,42.1221,17.7734,19.253,9.2418,792.17
617,1,16.0449,90.0541,850.064,81.4278,74.8596
617,2,19.1163,76.6811,167.657,52.6161,554.074
617,3,28.3378,88.3719,42.8177,28.8429,33.8989
617,4,37.7026,8.79005,20.5055,6.15262,96.4971
617,5,38.8215,3.88169,56.6821,3.6329,20.112
617,6,42.292,11.121,140.151,10.3034,245.435
619,1,16.3729,139.187,178.106,78.1299,453.727
619,2,18.8449,264.107,70.7969,55.8308,127.405
619,3,29.911,184.711,24.7868,21.8542,28.6513
619,4,36.7667,33.2814,6.08718,5.14598,320.544
619,5,38.7128,6.47737,11.1306,4.09457,75.0261
619,6,42.4363,17.8895,15.3651,8.26573,580.932
620,1,16.5514,110.887,194.894,70.6756,67.7041
620,2,18.6935,390.668,57.6113,50.2073,69.9084
620,3,31.0122,281.797,38.588,33.9403,39.3818
620,4,35.8996,25.5701,3.90631,3.38863,46.6924
620,5,38.7475,6.50374,11.1254,4.10438,75.9091
620,6,42.5167,15.5857,23.5046,9.37154,1167.46
621,1,16.5393,109.671,187.811,69.239,217.129
621,2,18.7042,380.254,59.6921,51.593,63.6061
621,3,30.9984,272.722,38.5045,33.7408,95.8166
621,4,35.9078,24.2038,4.62257,3.8813,23.1262
621,5,38.7555,6.5511,11.2881,4.14534,239.769
621,6,42.5217,15.5002,23.7429,9.37794,338.82
622,1,16.3419,139.593,176.65,77.9751,263.942
622,2,18.8718,263.463,71.7876,56.4156,116.411
622,3,29.8837,182.363,27.842,24.1543,387.611
622,4,36.7654,30.551,6.31833,5.23555,55.184
622,5,38.7486,6.49209,10.6182,4.02883,171.214
622,6,42.4512,17.3775,14.6052,7.9356,2645.97
623,1,16.0037,85.7815,861.295,78.0119,0
623,2,19.1508,77.3553,171.083,53.2695,0
623,3,28.3095,89.0913,42.9911,28.9981,0
623,4,37.6342,9.30906,22.9818,6.62538,0
623,5,38.9288,3.94092,49.7854,3.65184,0
623,6,42.3174,10.9073,150.271,10.1692,0
625,1,15.5638,150.537,194.849,84.9253,512.698
625,2,19.5006,180.715,68.5805,49.7142,152.919
625,3,26.5943,153.986,43.2754,33.7816,387.159
625,4,37.8168,28.1462,8.70357,6.64787,34.5557
625,5,39.6677,5.66328,11.0246,3.74136,104.71
625,6,42.1635,15.8643,17.7089,8.36795,1160.35
626,1,15.0458,157.236,262.401,98.3203,175.534
626,2,19.896,179.021,62.5962,46.3793,82.3606
626,3,24.8755,147.598,56.983,41.1112,105.565
626,4,37.5953,26.1751,8.14258,6.21059,25.2573
626,5,40.4432,8.6724,16.3557,5.66735,239.128
626,6,42.1452,10.6848,9.78012,5.10623,539.093
627,1,14.4668,140.273,300.918,95.6746,71.3313
627,2,20.3197,179.522,57.9102,43.7858,183.25
627,3,23.2446,131.582,87.6421,52.6043,238.1
627,4,37.2162,22.8067,8.68953,6.29217,12.6086
627,5,40.6873,18.694,39.2354,12.6614,803.766
627,6,42.5628,9.89587,6.52436,3.93199,44.034
628,1,13.8431,134.24,332.274,95.6125,147.973
628,2,20.7565,185.673,55.0567,42.4648,33.4945
628,3,21.7827,105.695,191.708,68.1315,324.319
628,4,36.7078,19.5826,8.56697,5.95972,10.9631
628,5,40.5336,20.8986,74.854,16.3374,4359.02
628,6,43.2571,18.2961,2.36455,2.09393,26.4633
629,1,13.1928,130.087,323.985,92.8186,73.5161
629,2,20.5677,132.801,354.06,96.5771,305.129
629,3,21.1921,193.449,50.8996,40.2968,29.6096
629,4,36.0521,18.9851,9.55572,6.35638,42.0703
629,5,40.3181,18.7029,18.0478,9.18476,1232.15
629,6,43.9252,26.9644,7.21107,5.68953,68.1814
630,1,12.5364,134.245,243.296,86.5106,157.92
630,2,19.6703,159.171,521.419,121.946,292.654
630,3,21.6124,142.841,42.9255,33.0066,46.449
630,4,35.2285,17.0689,8.94952,5.87117,13.42
630,5,40.179,25.5515,48.998,16.7939,1015.48
630,6,44.4701,28.4193,7.38315,5.8606,50.7859
631,1,11.8962,139.016,309.029,95.883,75.7912
631,2,19.1434,152.44,592.875,121.262,204.081
631,3,22.0044,152.084,45.119,34.796,47.8999
631,4,34.236,17.7244,11.3423,6.91637,54.2098
631,5,40.1674,26.9814,54.6157,18.0596,2071.78
631,6,44.8658,27.781,7.62724,5.98427,192.823
632,1,11.296,138.919,384.343,102.038,70.5199
632,2,19.008,121.766,535.027,99.1912,188.659
632,3,22.3563,207.769,44.2126,36.4551,54.9071
632,4,33.099,20.5784,12.9969,7.96584,24.2258
632,5,40.2891,24.9126,31.762,13.9617,449.331
632,6,45.1096,23.4262,7.18285,5.49729,180.008
633,1,10.7603,145.793,411.909,107.68,125.56
633,2,19.2414,82.7164,439.847,69.6232,227.683
633,3,22.658,252.118,43.5654,37.1465,67.3664
633,4,31.8636,21.9613,15.3333,9.02917,18.932
633,5,40.5212,25.5538,25.4079,12.7403,831.384
633,6,45.2127,21.7407,6.3338,4.90486,34.2645
634,1,10.3129,148.278,389.642,107.405,124.822
634,2,19.7699,66.2455,416.025,57.1459,414.917
634,3,22.901,269.776,40.7335,35.39,28.729
634,4,30.599,23.9635,14.8708,9.17633,34.0314
634,5,40.8215,25.835,118.513,21.2111,635.582
634,6,45.1997,20.1767,6.8294,5.10236,170.475
635,1,9.9758,157.672,379.495,111.391,148.928
635,2,20.4597,57.8856,311.177,48.8065,84.6731
635,3,23.0788,243.178,43.4484,36.8623,32.7887
635,4,29.4145,23.1415,20.2755,10.807,69.7717
635,5,41.1307,30.3271,110.271,23.7855,744.621
635,6,45.1111,17.3046,4.81946,3.7696,224.848
636,1,9.7669,172.739,379.475,118.704,106.654
636,2,21.0932,57.1023,146.397,41.0793,53.3371
636,3,23.1869,175.535,44.7491,35.6587,25.3272
636,4,28.4977,24.4667,23.9684,12.1075,9.39774
636,5,41.3757,35.523,75.6589,24.1733,35374.5
636,6,45.0048,14.1234,4.05127,3.14821,99.64
637,1,9.69808,178.541,389.226,122.397,120.782
637,2,21.3688,71.2148,92.7207,40.2786,91.3586
637,3,23.2223,221.091,47.6644,39.211,51.2989
637,4,28.1274,25.8321,23.1678,12.2137,28.8585
637,5,41.4826,39.0717,74.5659,25.6378,294.596
637,6,44.9438,9.06804,1.74894,1.46617,38.3447
638,1,9.77342,172.915,381.54,118.989,161.84
638,2,21.1053,57.2687,104.678,37.017,28.9764
638,3,23.1841,155.583,44.8664,34.824,80.7699
638,4,28.4762,24.2862,23.9836,12.067,114.902
638,5,41.414,36.3317,79.382,24.9243,822.358
638,6,44.962,14.2227,4.1755,3.22787,113.278
639,1,9.98858,157.707,375.125,111.029,123.099
639,2,20.477,57.7989,299.891,48.4592,219.181
639,3,23.0733,239.432,45.1471,37.9847,32.7423
639,4,29.3786,23.1043,20.2575,10.7937,107.706
639,5,41.1981,31.2328,115.692,24.5935,39.4105
639,6,45.0347,17.9819,4.96919,3.8933,12.0681
640,1,10.3315,148.053,386.778,107.069,229.577
640,2,19.7873,66.4187,411.035,57.1792,130.706
640,3,22.8927,257.688,41.1509,35.4843,109.473
640,4,30.555,23.8958,14.9441,9.19419,83.0191
640,5,40.9069,26.4146,124.586,21.7939,74.9986
640,6,45.1002,20.2103,7.07263,5.23917,422.846
641,1,10.7841,146.222,402.881,107.284,235.515
641,2,19.2563,83.5024,460.477,70.6846,103.691
641,3,22.6467,241.639,43.7932,37.0741,51.8948
641,4,31.8162,22.2227,15.5158,9.13663,222.47
641,5,40.616,23.9059,28.7924,13.0613,885.787
641,6,45.098,22.4401,5.84058,4.63438,18.9477
642,1,11.3245,139.597,379.216,102.036,207.317
642,2,19.0198,122.699,522.439,99.3631,158.595
642,3,22.3419,197.521,44.1322,36.0725,56.8326
642,4,33.0525,20.3302,13.1215,7.97456,97.3648
642,5,40.3863,23.7256,27.2717,12.6877,1552.41
642,6,44.9846,22.9314,7.49883,5.65091,366.717
643,1,10.6282,138.404,500.902,108.441,114.557
643,2,18.3941,117.129,839.989,102.795,338.939
643,3,22.7292,252.507,45.3708,38.4602,103.009
643,4,31.9783,20.4589,15.4219,8.79342,64.5827
643,5,40.3947,26.6013,32.7987,14.6883,3699.85
643,6,45.248,20.3586,6.24646,4.77989,4617.59
644,1,11.3277,139.838,378.315,102.099,95.3071
644,2,19.0171,122.33,563.51,100.511,1747.72
644,3,22.34,181.553,43.5939,35.1531,66.569
644,4,33.0663,20.1841,13.0718,7.93369,55.2355
644,5,40.379,25.0845,29.4909,13.5549,714.219
644,6,44.973,23.1559,7.55362,5.69566,194.653
645,1,12.0693,139.223,297.789,94.8696,460.397
645,2,20.0107,98.4153,481.728,81.7202,189.562
645,3,21.9061,191.707,45.7683,36.9474,167.019
645,4,34.0123,18.1868,11.495,7.04329,79.2
645,5,40.4863,21.8851,13.3471,8.29079,258.618
645,6,44.5453,25.6968,8.45363,6.36101,242.027
646,1,12.8315,132.021,360.844,96.6574,167.609
646,2,21.3192,82.5284,271.35,63.2818,273.404
646,3,21.4361,150.352,48.0644,36.4213,87.1589
646,4,34.8058,18.8739,10.6219,6.79678,54.9438
646,5,40.6928,19.4782,92.4551,16.0887,1365.49
646,6,43.9672,22.6797,6.62466,5.12706,140.433
647,1,13.595,124.553,355.728,92.2525,275.492
647,2,20.9388,221.709,49.0023,40.1322,254.679
647,3,22.8705,103.888,84.6367,46.6397,115.022
647,4,35.4546,17.7984,8.46733,5.7377,36.7788
647,5,40.9384,18.4337,61.83,14.2001,70.3735
647,6,43.2639,28.427,4.77414,4.08764,431.114
648,1,14.3434,132.955,339.48,95.5384,1057.38
648,2,20.4228,201.472,54.2925,42.7675,96.1059
648,3,24.5874,122.483,64.6042,42.2954,47.7095
648,4,35.9756,22.0334,8.53024,6.14947,62.2824
648,5,41.0734,15.4405,26.5851,9.76757,220.975
648,6,42.5472,10.0764,7.38941,4.26311,5754.45
649,1,15.0639,134.819,287.848,91.8154,634.97
649,2,19.8958,245.475,60.1152,48.2894,614.254
649,3,26.3918,127.663,46.0974,33.8681,31.7296
649,4,36.3843,24.5479,8.03658,6.05446,16.1364
649,5,40.6797,8.20947,12.5829,4.96811,322.355
649,6,42.2091,13.8886,17.7532,7.79245,848.533
650,1,15.7466,115.319,212.148,74.709,828.138
650,2,19.3644,236.321,64.7358,50.8157,390.868
650,3,28.2012,136.185,37.2209,29.2316,31.9488
650,4,36.6857,27.289,7.78124,6.05477,53.8352
650,5,39.7166,5.79909,11.2763,3.82962,933.317
650,6,42.2931,17.3666,14.6544,7.94781,1312.33
651,1,16.3824,139.316,179.422,78.4229,220.809
651,2,18.8365,255.125,73.3458,56.9681,66.3776
651,3,29.9077,183.471,24.6328,21.7171,18.4388
651,4,36.8571,30.2036,6.83866,5.57613,39.1766
651,5,38.6115,6.40593,10.7756,4.01755,2415.61
651,6,42.4441,18.3254,14.9596,8.23616,4644.62
652,1,16.9453,77.4314,634.242,69.0067,50.0523
652,2,18.3376,109.856,139.668,61.4904,95.7844
652,3,31.3057,156.626,44.4042,34.5961,103.647
652,4,36.7621,8.22861,13.8048,5.15555,264.29
652,5,37.7737,4.55407,42.6989,4.11516,209.273
652,6,42.5526,10.7266,63.2161,9.17051,5621.98
654,1,17.2444,106.196,150.581,62.2763,172.459
654,2,18.059,411.1,75.4839,63.774,76.9176
654,3,31.9122,588.454,55.9309,51.0763,53.8263
654,4,36.4895,25.0639,5.24998,4.34075,45.536
654,5,37.5997,8.34744,8.82264,4.28923,96.7405
654,6,42.5917,18.63,16.8788,8.85561,2056.81
655,1,16.9103,78.5224,623.305,69.7371,0
655,2,18.37,110.977,142.802,62.4471,0
655,3,31.2887,157.077,44.0416,34.3972,0
655,4,36.6731,8.00405,13.5976,5.03832,0
655,5,37.8915,4.37606,41.0954,3.95492,0
655,6,42.5556,10.5673,65.6032,9.10127,0
657,1,16.3419,139.593,176.65,77.9751,169.534
657,2,18.8718,263.463,71.7876,56.4156,146.807
657,3,29.8837,182.363,27.842,24.1543,242.594
657,4,36.7654,30.551,6.31833,5.23555,38.804
657,5,38.7486,6.49209,10.6182,4.02883,50.9563
657,6,42.4512,17.3775,14.6052,7.9356,9648.5
658,1,15.7052,133.141,228.87,84.1741,256.3
658,2,19.3983,230.198,65.2257,50.8247,106.402
658,3,28.1768,138.208,37.255,29.3449,93.3112
658,4,36.6204,28.9061,7.67799,6.06659,26.3312
658,5,39.8301,6.03777,11.32,3.93758,34.1966
658,6,42.3108,16.445,14.7047,7.76312,8809.38
659,1,15.0228,135.052,288.7,92.0104,93.7226
659,2,19.9271,257.67,60.7446,49.1562,143.301
659,3,26.3701,130.416,46.1902,34.1095,128.468
659,4,36.3391,26.1234,7.70313,5.94894,23.546
659,5,40.7417,9.22851,12.7844,5.35963,246.113
659,6,42.2667,12.9915,15.9921,7.16824,1050.01
660,1,14.3034,132.617,342.084,95.5679,69.0298
660,2,20.4512,202.639,53.9724,42.6205,40.3284
660,3,24.5694,125.33,64.6244,42.6385,164.877
660,4,35.9478,23.1306,8.65901,6.30043,29.9885
660,5,41.0532,16.3428,30.3383,10.6213,101.639
660,6,42.6752,9.97146,6.94164,4.09258,52.9099
661,1,13.5565,122.047,354.499,90.7901,159.621
661,2,20.9641,224.514,50.2342,41.0495,44.3182
661,3,22.8564,104.732,84.3999,46.7366,122.459
661,4,35.4438,18.1763,8.42063,5.75464,15.9382
661,5,40.8877,18.5105,69.1156,14.6003,1735.98
661,6,43.4082,27.7057,3.21812,2.88323,59.1291
662,1,12.7949,133.939,362.429,97.797,129.412
662,2,21.3081,84.6807,272.477,64.6032,454.057
662,3,21.4583,160.684,46.9519,36.3348,50.3832
662,4,34.8118,19.5198,10.6916,6.90791,47.5108
662,5,40.626,18.6813,99.4459,15.7269,959.408
662,6,44.1114,24.7149,7.48348,5.74419,49.6638
663,1,12.035,138.962,320.039,96.8915,61.7229
663,2,20.0014,99.4326,491.84,82.7113,189.676
663,3,21.9253,178.394,44.4717,35.5976,81.2233
663,4,34.0334,18.7142,11.5165,7.12923,49.3057
663,5,40.4063,22.9191,15.0006,9.06651,737.401
663,6,44.6865,25.2612,8.2769,6.23424,232.199
664,1,11.296,138.919,384.343,102.038,72.5431
664,2,19.008,121.766,535.027,99.1912,187.911
664,3,22.3563,207.769,44.2126,36.4551,44.0783
664,4,33.099,20.5784,12.9969,7.96584,30.7124
664,5,40.2891,24.9126,31.762,13.9617,955.393
664,6,45.1096,23.4262,7.18285,5.49729,415.742
665,1,10.5997,137.138,504.665,107.835,170.425
665,2,18.3838,117.115,834.805,102.706,78.5648
665,3,22.7427,268.986,44.9713,38.5296,34.5923
665,4,32.0181,20.8452,15.313,8.82796,52.6611
665,5,40.2997,26.9405,47.7742,17.2264,454.648
665,6,45.378,20.9941,5.82419,4.55934,88.5007
666,1,9.96883,142.558,538.509,112.718,90.3483
666,2,18.1523,96.8906,945.732,87.8866,354.065
666,3,23.0768,268.404,42.8005,36.9141,75.2706
666,4,30.8224,24.1695,18.4582,10.4656,45.9092
666,5,40.4343,23.4545,27.2996,12.6157,457.231
666,6,45.5012,17.5966,4.97671,3.8795,275.695
667,1,9.427,146.348,501.368,113.282,127.115
667,2,18.2881,70.7108,669.674,63.9575,152.723
667,3,23.3519,243.941,40.7701,34.9319,30.5437
667,4,29.5678,23.9258,17.2539,10.0247,42.9574
667,5,40.6649,24.3042,47.5109,16.079,891.941
667,6,45.5003,16.6084,4.10307,3.29023,113.754
668,1,8.99676,162.875,495.702,122.594,156.838
668,2,18.7042,61.7838,730.267,56.9643,109.393
668,3,23.5626,228.794,44.6421,37.3537,78.8467
668,4,28.3428,23.0917,25.0277,12.0104,20.5519
668,5,40.9435,27.2069,106.078,21.6533,1068.04
668,6,45.4107,14.6724,2.68856,2.2722,49.5716
669,1,8.69813,167.186,500.11,125.299,103.724
669,2,19.2374,52.7461,816.435,49.5452,314.111
669,3,23.705,174.63,46.7845,36.899,52.9167
669,4,27.2909,24.1347,28.0456,12.9718,16.7327
669,5,41.2048,33.399,82.4006,23.766,6934.49
669,6,45.2841,12.8093,2.65894,2.20188,256.827
670,1,8.54631,170.034,502.417,127.04,135.791
670,2,19.6349,47.3507,983.315,45.1753,196.041
670,3,23.7762,128.822,46.8204,34.3396,154.149
670,4,26.64,26.1713,32.2977,14.4568,67.9358
670,5,41.3741,40.361,48.1139,21.9489,32130.3
670,6,45.1839,13.6707,38.4388,10.0842,375.449
671,1,8.54952,170.026,500.951,126.941,128.187
671,2,19.6407,47.2688,1009.46,45.1544,53.338
671,3,23.775,114.536,45.5884,32.6091,70.3222
671,4,26.63,26.0578,32.335,14.4295,44.9235
671,5,41.393,40.9313,53.8163,23.2488,8808.24
671,6,45.1624,13.294,38.6542,9.89194,916.669
672,1,8.70759,167.112,502.43,125.402,116.527
672,2,19.2511,52.5898,861.616,49.5645,153.654
672,3,23.7014,160.493,45.8173,35.6422,142.449
672,4,27.2648,26.6363,28.1043,13.6753,40.1433
672,5,41.2567,34.4322,85.6109,24.5559,730.134
672,6,45.2243,12.4915,3.19346,2.54327,204.143
673,1,9.01201,163.435,503.441,123.381,71.1625
673,2,18.7202,62.188,807.434,57.7408,168.643
673,3,23.5567,235.294,45.0033,37.7778,152.848
673,4,28.3068,22.9805,25.3233,12.0475,119.469
673,5,41.0183,28.0875,114.58,22.5578,176.011
673,6,45.3226,15.6958,3.57695,2.91308,956.485
674,1,9.44737,148.876,505.056,114.982,110.181
674,2,18.303,72.816,726.985,66.1867,161.936
674,3,23.3435,233.137,41.0327,34.8917,108.285
674,4,29.5267,23.6581,17.342,10.0068,23.0305
674,5,40.7533,24.4267,59.0741,17.2811,1195.32
674,6,45.3927,17.5884,3.51848,2.93195,181.952
675,1,9.99362,144.562,541.827,114.116,157.96
675,2,18.1648,97.865,962.712,88.8345,261.614
675,3,23.0659,256.246,42.8633,36.7208,97.2527
675,4,30.7799,23.8574,18.6099,10.4547,34.4487
675,5,40.5289,24.5466,25.6225,12.5365,6280.6
675,6,45.3803,17.8871,5.74954,4.35098,20.9736
676,1,9.268,148.178,671.88,121.403,197.594
676,2,17.4423,99.0117,1350.89,92.2503,940.451
676,3,23.431,217.036,39.2819,33.2618,290.925
676,4,29.621,24.3035,17.7311,10.2517,32.4058
676,5,40.5658,12.672,20.2466,7.79393,1831.4
676,6,45.5125,14.9797,4.78235,3.62504,30.7137
677,1,9.9971,143.356,542.018,113.371,234.87
677,2,18.162,97.5463,969.272,88.627,2152.95
677,3,23.064,257.105,42.1809,36.236,113.23
677,4,30.7884,23.7029,18.5806,10.4157,94.4773
677,5,40.5308,26.3463,27.8597,13.5409,332.436
677,6,45.3635,17.9781,5.90378,4.44432,662.199
678,1,10.7908,146.93,402.985,107.672,238.67
678,2,19.2511,79.1652,479.028,67.9376,329.422
678,3,22.6428,222.98,43.2953,36.2557,107.435
678,4,31.8369,21.6031,15.4248,8.99925,118.09
678,5,40.6127,25.4548,27.4018,13.1962,517.75
678,6,45.0689,22.5682,5.99768,4.73841,2396.37
679,1,11.6268,143.608,317.094,98.8429,246.777
679,2,20.6488,72.3158,357.656,60.1532,87.8967
679,3,22.1735,220.689,44.8519,37.2761,209.516
679,4,32.7473,20.5996,13.8115,8.26802,36.4397
679,5,40.7999,24.0897,95.3085,19.2293,169.114
679,6,44.6196,24.0588,8.26064,6.14927,10783
680,1,12.4846,139.029,361.024,100.375,477.065
680,2,21.6623,213.278,48.5267,39.5321,111.435
680,3,22.2799,87.1808,98.0927,46.1577,64.3207
680,4,33.5189,22.1688,11.2053,7.44316,76.9098
680,5,41.0584,22.8119,87.1602,18.0799,329.335
680,6,44.0168,20.682,3.44649,2.9542,5027.28
681,1,13.3459,133.141,365.318,97.5785,1354.54
681,2,21.1158,158.916,47.6726,36.6716,79.3809
681,3,24.0657,102.313,78.9981,44.5783,63.7698
681,4,34.1643,21.1907,9.0111,6.32252,28.7772
681,5,41.3297,17.6259,48.8763,12.9543,156.981
681,6,43.2807,32.7285,5.84805,4.96151,1303.53
682,1,14.1955,126.342,334.708,91.7202,633.717
682,2,20.5397,273.934,53.5885,44.8205,219.264
682,3,25.9282,110.066,50.6462,34.6858,61.4967
682,4,34.703,23.2887,9.43606,6.71521,31.9196
682,5,41.461,13.6259,20.1032,8.1213,885.212
682,6,42.5302,10.3608,6.88522,4.1364,987.294
683,1,15.0216,118.1,290.791,83.989,4279.6
683,2,19.9385,357.385,56.4129,48.7222,1188.47
683,3,27.7851,119.079,39.3382,29.5697,71.7311
683,4,35.1585,23.7844,7.71838,5.82733,70.6176
683,5,40.9197,8.06868,10.7578,4.61059,298.182
683,6,42.2789,15.0595,25.6892,9.49395,4271.61
684,1,15.8164,122.696,252.735,82.5974,2087.32
684,2,19.3154,362.892,59.7666,51.3152,329.124
684,3,29.5333,142.947,38.4837,30.3208,30.4802
684,4,35.567,27.2692,5.90294,4.85252,9.17186
684,5,39.8386,6.48193,10.9569,4.07263,2192.14
684,6,42.3986,18.3292,23.1956,10.2386,3387.96
685,1,16.5742,111.139,198.577,71.2578,969.679
685,2,18.6731,417.063,65.2472,56.4205,74.4239
685,3,31.0077,270.075,38.378,33.603,48.274
685,4,36.0032,24.3595,5.13264,4.23939,106.992
685,5,38.6271,6.57791,10.9478,4.10903,3234.23
685,6,42.5244,15.8981,23.331,9.45521,2145.6
686,1,17.2752,106.917,151.107,62.6141,0
686,2,18.0294,397.545,75.7093,63.5976,0
686,3,31.9141,581.702,55.7599,50.8825,0
686,4,36.6044,24.4192,4.63611,3.89637,0
686,5,37.4746,7.913,10.1238,4.44144,0
686,6,42.5929,18.8629,16.7122,8.86127,0
687,1,17.2444,106.196,150.581,62.2763,171.203
687,2,18.059,411.1,75.4839,63.774,68.8311
687,3,31.9122,588.454,55.9309,51.0763,45.9558
687,4,36.4895,25.0639,5.24998,4.34075,49.8212
687,5,37.5997,8.34744,8.82264,4.28923,159.625
687,6,42.5917,18.63,16.8788,8.85561,4472.31
688,1,16.5393,109.671,187.811,69.239,168.453
688,2,18.7042,380.254,59.6921,51.593,93.3484
688,3,30.9984,272.722,38.5045,33.7408,44.5215
688,4,35.9078,24.2038,4.62257,3.8813,55.3773
688,5,38.7555,6.5511,11.2881,4.14534,66.7039
688,6,42.5217,15.5002,23.7429,9.37794,2523.2
689,1,15.7809,120.487,243.301,80.5817,221.081
689,2,19.3448,366.295,62.4608,53.3616,64.6641
689,3,29.5171,144.663,38.949,30.6869,196.477
689,4,35.4985,28.1379,6.20136,5.08145,52.4662
689,5,39.9566,6.26464,11.12,4.00715,67.9756
689,6,42.3995,17.5418,23.2175,9.99225,2592.44
690,1,14.986,124.774,288.025,87.0593,38.8432
690,2,19.9658,370.146,56.4556,48.9844,93.4534
690,3,27.7664,120.172,39.5432,29.7528,89.0981
690,4,35.112,25.0437,7.88509,5.99694,87.3606
690,5,40.9986,7.60343,10.9252,4.48328,56.5231
690,6,42.3111,14.0377,22.4532,8.63755,9294.84
691,1,14.1602,126.241,334.885,91.6804,47.7319
691,2,20.5646,276.239,53.1302,44.5598,39.3696
691,3,25.9103,111.645,50.9173,34.9691,181.67
691,4,34.6747,24.1542,9.46695,6.80128,74.444
691,5,41.4321,14.3023,22.5079,8.74525,152.867
691,6,42.6609,10.5013,4.14096,2.96986,45.1148
692,1,13.3113,132.132,357.436,96.4703,62.5898
692,2,21.1383,225.182,47.9244,39.5147,40.9471
692,3,24.0501,103.173,79.3999,44.8692,116.325
692,4,34.1523,19.9999,8.60884,6.0183,22.9546
692,5,41.2686,17.2401,53.5957,13.0442,12552.1
692,6,43.4326,32.6196,5.07858,4.39441,21.3992
693,1,12.4511,138.975,352.048,99.6407,160.181
693,2,21.6824,217.17,48.1682,39.424,30.4976
693,3,22.2669,88.3748,99.6089,46.8281,338.746
693,4,33.5217,22.8729,11.2014,7.51912,20.387
693,5,40.9855,22.1915,97.4431,18.0751,1332.58
693,6,44.168,21.5665,2.295,2.07427,20.7178
694,1,11.5946,143.062,311.11,97.9981,84.6422
694,2,20.6381,72.6444,359.371,60.4291,161.852
694,3,22.191,178.581,44.4137,35.5678,42.8199
694,4,32.7633,21.1657,13.8356,8.36656,34.1822
694,5,40.7167,23.2651,110.514,19.2192,3507.83
694,6,44.7678,22.4335,7.65529,5.70761,110.287
695,1,10.7603,145.793,411.909,107.68,136.169
695,2,19.2414,82.7164,439.847,69.6232,129.41
695,3,22.658,252.118,43.5654,37.1465,73.6205
695,4,31.8636,21.9613,15.3333,9.02917,61.4556
695,5,40.5212,25.5538,25.4079,12.7403,598.838
695,6,45.2127,21.7407,6.3338,4.90486,207.142
696,1,9.96883,142.558,538.509,112.718,194.592
696,2,18.1523,96.8906,945.732,87.8866,171.786
696,3,23.0768,268.404,42.8005,36.9141,51.9178
696,4,30.8224,24.1695,18.4582,10.4656,65.9709
696,5,40.4343,23.4545,27.2996,12.6157,1228.8
696,6,45.5012,17.5966,4.97671,3.8795,99.7271
697,1,9.24254,147.211,668.31,120.638,162.852
697,2,17.4313,100.06,1291.04,92.8627,129.765
697,3,23.4416,226.064,39.4705,33.6034,24.1687
697,4,29.6586,24.6392,17.566,10.2549,14.7737
697,5,40.4685,16.5237,22.8122,9.58264,79.4806
697,6,45.6416,15.7484,3.63853,2.95565,364.506
698,1,8.60457,138.177,576.807,111.473,149.917
698,2,17.1054,84.9657,1001.85,78.3232,173.977
698,3,23.7469,193.738,37.9541,31.7367,103.098
698,4,28.4146,23.6786,21.556,11.2838,45.1935
698,5,40.6131,25.8462,23.7673,12.3816,657.749
698,6,45.6525,11.6689,2.84361,2.28643,1685.31
699,1,8.07789,159.884,616.04,126.939,44.375
699,2,17.1455,71.8765,959.547,66.8676,47.7367
699,3,23.9886,182.621,42.2301,34.2987,41.5028
699,4,27.1612,24.9446,28.4805,13.2978,48.7797
699,5,40.8351,22.5742,97.3251,18.324,261.022
699,6,45.5639,13.351,32.5068,9.46398,6856.72
700,1,7.68394,161.898,761.859,133.523,168.596
700,2,17.4468,61.3676,820.715,57.0982,96.4386
700,3,24.1633,127.16,44.0567,32.7203,74.8309
700,4,26.0118,22.6272,41.2004,14.6057,31.5159
700,5,41.0818,28.4408,136.114,23.5252,74.4446
700,6,45.421,14.5493,59.4092,11.6871,5176.54
701,1,7.44073,163.493,905.817,138.496,72.6068
701,2,17.814,53.142,1221.01,50.9256,118.074
701,3,24.2687,116.722,46.9837,33.4993,128.898
701,4,25.1473,20.3665,58.2486,15.0902,33.658
701,5,41.2846,38.0544,77.9715,25.5732,1383.45
701,6,45.2835,16.5531,147.815,14.8861,4868.23
702,1,7.36038,162.486,1018.98,140.14,108.825
702,2,17.9877,50.3693,1615.45,48.8462,368.411
702,3,24.3032,106.45,49.5412,33.8075,271.198
702,4,24.8081,23.5835,50.9009,16.1164,43.3967
702,5,41.3756,42.0854,81.1217,27.7098,27345
702,6,45.2132,17.6728,302.594,16.6976,6117.97
703,1,7.44708,164.174,901.185,138.874,99.839
703,2,17.8233,53.1424,1386.59,51.1808,141.154
703,3,24.2666,116.388,47.3436,33.654,39.9746
703,4,25.1307,20.3527,58.6732,15.111,93.2225
703,5,41.3209,38.9937,82.0225,26.4292,7279.46
703,6,45.2415,14.9608,138.736,13.5045,5442.86
704,1,7.69623,162.724,758.178,133.971,134.406
704,2,17.4607,61.3556,1067.13,58.0198,113.985
704,3,24.1592,122.73,43.6616,32.2047,163.908
704,4,25.9836,22.5361,41.1984,14.5675,94.6436
704,5,41.1463,29.4558,161.447,24.9108,1655.84
704,6,45.3449,14.545,52.363,11.3831,4858.55
705,1,8.0954,160.677,619.668,127.593,182.116
705,2,17.1599,72.6407,1018.79,67.8061,176.92
705,3,23.9824,186.815,41.9031,34.2261,80.7877
705,4,27.1264,24.7003,28.5781,13.249,59.1569
705,5,40.918,22.8451,99.7924,18.5895,216.366
705,6,45.4635,12.8893,23.454,8.31807,304.383
706,1,8.62647,136.783,582.048,110.755,73.3397
706,2,17.1183,85.5542,1070.28,79.2215,342.196
706,3,23.7386,194.172,37.9193,31.724,113.658
706,4,28.3767,23.342,21.7095,11.2481,72.7302
706,5,40.7063,26.1504,17.7973,10.59,7332.76
706,6,45.5352,11.2798,2.40361,1.9814,150.112
707,1,7.89189,129.864,602.593,106.839,191.418
707,2,16.3017,91.7736,1617.53,86.8462,272.187
707,3,24.0737,185.302,40.059,32.9383,67.0562
707,4,27.1336,22.5064,29.9962,12.8585,87.9713
707,5,40.7706,40.3499,20.8104,13.7294,333.531
707,6,45.5439,12.4516,31.284,8.90661,372.132
708,1,8.63022,141.227,580.765,113.602,203.6
708,2,17.1158,85.0894,1042.08,78.6661,672.587
708,3,23.7368,193.473,38.079,31.8169,39.8746
708,4,28.381,23.4237,21.3217,11.1617,79.0636
708,5,40.7159,24.8936,21.61,11.5679,337.716
708,6,45.5135,11.6343,2.38419,1.9787,428.599
709,1,9.45456,147.901,504.037,114.348,319.066
709,2,18.2981,73.344,675.865,66.164,381.493
709,3,23.3398,235.719,41.114,35.0079,82.6869
709,4,29.5385,23.5282,17.0848,9.89768,66.1677
709,5,40.7663,24.6336,52.6151,16.7783,1351.1
709,6,45.3536,18.0776,3.37114,2.84129,315.669
710,1,10.3418,149.387,382.86,107.458,440.364
710,2,19.7806,67.2018,419.347,57.9199,275.327
710,3,22.8869,233.342,39.8619,34.0458,162.769
710,4,30.577,23.6624,15.1836,9.24883,64.2524
710,5,40.9181,26.5465,100.648,21.006,3844.68
710,6,45.0474,19.9804,7.18915,5.28688,1079.58
711,1,11.2696,148.349,321.655,101.525,279.313
711,2,21.4818,60.6113,260.354,49.1654,135.9
711,3,22.3829,241.327,43.8043,37.0747,74.5953
711,4,31.4887,24.6548,14.9049,9.28919,83.1514
711,5,41.149,27.7408,91.8655,21.3068,357.327
711,6,44.5859,21.3372,6.7067,5.1028,1357.87
712,1,12.2169,140.546,381.732,102.725,751.286
712,2,21.833,282.698,49.3515,42.0166,104.295
712,3,23.3185,79.4071,107.205,45.6179,119.73
712,4,32.2829,23.7296,13.7745,8.7154,32.5933
712,5,41.4237,25.3781,61.5136,17.966,1201.98
712,6,43.9667,25.1547,4.04773,3.48668,371.397
713,1,13.1645,133.819,365.529,97.9574,865.879
713,2,21.2427,272.162,49.8674,42.1452,312.076
713,3,25.2076,97.5507,61.1661,37.594,85.3059
713,4,32.983,23.2851,10.5658,7.26791,74.225
713,5,41.6963,20.6022,37.8776,13.3441,466.147
713,6,43.1991,15.8626,6.48539,4.60333,166.934
714,1,14.0952,122.561,332.978,89.5865,1412.39
714,2,20.6178,252.81,51.4608,42.7573,291.016
714,3,27.0575,110.348,44.2403,31.5796,43.2313
714,4,33.6278,21.4826,8.92291,6.30436,52.8589
714,5,41.8305,11.1376,15.2815,6.44229,404.856
714,6,42.3916,11.485,9.43653,5.18025,171.864
715,1,14.993,117.615,308.149,85.1245,12178.3
715,2,19.966,450.081,57.6093,51.0722,860.745
715,3,28.7512,125.905,40.7508,30.7864,80.5578
715,4,34.2814,22.7073,6.32338,4.94604,43.6411
715,5,41.0593,7.87919,11.7166,4.71108,538.592
715,6,42.2992,15.4478,34.522,10.6722,34651
716,1,15.8371,116.8,247.823,79.3855,0
716,2,19.3013,519.547,61.6886,55.1413,0
716,3,30.1268,163.36,38.5303,31.1769,0
716,4,35.0449,24.7942,6.51615,5.16004,0
716,5,39.8821,6.2065,13.7405,4.27535,0
716,6,42.4339,19.5969,24.8288,10.9524,0
717,1,16.5742,111.139,198.577,71.2578,802.008
717,2,18.6731,417.063,65.2472,56.4205,281.524
717,3,31.0077,270.075,38.378,33.603,47.6474
717,4,36.0032,24.3595,5.13264,4.23939,47.6297
717,5,38.6271,6.57791,10.9478,4.10903,2585.93
717,6,42.5244,15.8981,23.331,9.45521,3165.54
718,1,16.9453,77.4314,634.242,69.0067,352.442
718,2,18.3376,109.856,139.668,61.4904,42.7171
718,3,31.3057,156.626,44.4042,34.5961,48.3672
718,4,36.7621,8.22861,13.8048,5.15555,207.056
718,5,37.7737,4.55407,42.6989,4.11516,329.592
718,6,42.5526,10.7266,63.2161,9.17051,4944.7
720,1,16.5514,110.887,194.894,70.6756,90.7611
720,2,18.6935,390.668,57.6113,50.2073,47.9862
720,3,31.0122,281.797,38.588,33.9403,55.0066
720,4,35.8996,25.5701,3.90631,3.38863,144.877
720,5,38.7475,6.50374,11.1254,4.10438,42.149
720,6,42.5167,15.5857,23.5046,9.37154,290.188
721,1,15.809,114.211,256.001,78.9768,190.992
721,2,19.3249,507.786,60.2878,53.8897,58.9639
721,3,30.1277,168.08,38.6426,31.4191,23.7323
721,4,34.9579,25.6385,6.42104,5.135,62.3461
721,5,40.0075,6.4513,12.6121,4.26809,66.6892
721,6,42.4212,19.188,24.8937,10.8358,1923.74
722,1,14.9631,115.607,302.022,83.6052,126.98
722,2,19.9891,462.295,56.2211,50.1252,48.2883
722,3,28.7442,127.853,40.7934,30.926,23.0323
722,4,34.2204,22.9717,6.97457,5.35017,81.3889
722,5,41.1668,8.08619,11.3358,4.71958,339.497
722,6,42.2983,15.0155,32.0941,10.2295,493.811
723,1,14.0647,122.377,334.164,89.5738,223.617
723,2,20.6395,214.205,49.5486,40.2404,37.8029
723,3,27.0451,111.769,44.4054,31.7795,62.266
723,4,33.5906,22.7146,9.0493,6.47122,29.9646
723,5,41.7895,12.3488,17.1051,7.17147,327.238
723,6,42.531,11.3587,8.81697,4.96386,106.326
724,1,13.1338,134.678,365.657,98.4258,143.015
724,2,21.2626,269.427,49.3437,41.7056,91.4093
724,3,25.1935,99.5502,60.8364,37.7605,74.9323
724,4,32.9653,23.9038,10.6923,7.38774,25.8929
724,5,41.6237,19.9658,40.1072,13.33,7608.2
724,6,43.3606,37.694,6.03097,5.19912,17.8031
725,1,12.1865,140.364,380.303,102.524,95.8519
725,2,21.851,293.658,48.3522,41.5163,74.8317
725,3,23.305,80.4425,107.119,45.9418,81.9209
725,4,32.2812,24.3294,13.9213,8.85465,13.0348
725,5,41.3429,24.4416,67.9777,17.9777,1437.37
725,6,44.1257,26.0718,3.60555,3.16751,189.507
726,1,11.2398,148.262,314.941,100.806,135.96
726,2,21.4697,61.8,271.509,50.3415,94.1986
726,3,22.399,222.94,42.8236,35.9233,68.8465
726,4,31.5002,25.2483,14.9131,9.37543,42.7812
726,5,41.0597,26.7497,106.459,21.3781,1645.52
726,6,44.742,20.2212,7.28686,5.35658,461.455
727,1,10.3129,148.278,389.642,107.405,78.7441
727,2,19.7699,66.2455,416.025,57.1459,323.061
727,3,22.901,269.776,40.7335,35.39,29.8744
727,4,30.599,23.9635,14.8708,9.17633,13.1606
727,5,40.8215,25.835,118.513,21.2111,1490.12
727,6,45.1997,20.1767,6.8294,5.10236,287.217
728,1,9.427,146.348,501.368,113.282,128.734
728,2,18.2881,70.7108,669.674,63.9575,275.361
728,3,23.3519,243.941,40.7701,34.9319,40.7624
728,4,29.5678,23.9258,17.2539,10.0247,50.8498
728,5,40.6649,24.3042,47.5109,16.079,562.306
728,6,45.5003,16.6084,4.10307,3.29023,158.346
729,1,8.60457,138.177,576.807,111.473,137.901
729,2,17.1054,84.9657,1001.85,78.3232,195.994
729,3,23.7469,193.738,37.9541,31.7367,31.1837
729,4,28.4146,23.6786,21.556,11.2838,24.4536
729,5,40.6131,25.8462,23.7673,12.3816,154.633
729,6,45.6525,11.6689,2.84361,2.28643,732.617
730,1,7.86888,129.185,601.329,106.34,65.9334
730,2,16.2902,91.4184,1579.16,86.4157,128.078
730,3,24.0819,177.274,39.8181,32.5149,57.2169
730,4,27.1684,22.7531,30.0311,12.9452,61.3616
730,5,40.6705,41.9031,21.1332,14.0482,175.743
730,6,45.6723,13.5208,47.8066,10.5399,139.564
731,1,7.24317,131.051,823.125,113.052,56.424
731,2,15.8742,77.319,1491.57,73.5085,161.476
731,3,24.3535,169.415,42.2404,33.8104,63.4622
731,4,25.8846,18.9694,70.7582,14.959,40.0081
731,5,40.8208,32.5227,20.1494,12.4414,496.931
731,6,45.5857,14.9555,83.4734,12.6831,406.301
732,1,6.7498,142.248,1080.1,125.694,197.893
732,2,15.8231,68.3349,1472.05,65.3034,213.427
732,3,24.5591,112.53,43.7266,31.4902,33.5729
732,4,24.6536,19.7847,95.9023,16.4012,43.7367
732,5,41.0268,28.9133,62.9873,19.8167,286.04
732,6,45.4311,15.5405,172.61,14.257,211.389
733,1,6.40879,150.875,1325.93,135.461,135.418
733,2,16.0108,59.5997,1734.52,57.6199,133.752
733,3,23.6195,22.3984,41.8029,14.5841,33.1834
733,4,24.6969,92.3145,45.1716,30.3303,131.794
733,5,41.2329,34.5772,93.3005,25.2278,545.074
733,6,45.2615,17.0475,578.611,16.5596,987.076
734,1,6.23565,151.565,1801.48,139.803,81.1759
734,2,16.2164,55.0065,2738.36,53.9233,150.584
734,3,22.995,18.4603,88.2698,15.2673,133.283
734,4,24.7656,64.26,45.1777,26.5276,37.2788
734,5,41.3721,40.5818,63.5315,24.7636,1122.55
734,6,45.1402,20.6249,1413.12,20.3282,131.323
735,1,6.2389,151.663,1800.23,139.878,165.903
735,2,16.2209,54.6731,2899.91,53.6614,63.4395
735,3,22.9872,18.0095,97.4298,15.1999,21.2593
735,4,24.7647,58.0593,44.9936,25.3491,94.5958
735,5,41.3914,40.6223,67.2741,25.3283,3105.11
735,6,45.1178,21.3838,1339.86,21.0479,382.768
736,1,6.41826,150.873,1337.61,135.58,203.345
736,2,16.0218,59.5967,1899.49,57.7838,141.161
736,3,23.5989,22.2594,40.2486,14.3327,28.4628
736,4,24.6942,95.652,44.7255,30.4756,89.6463
736,5,41.2861,34.5681,88.0761,24.8248,12810.2
736,6,45.1992,16.2293,493.881,15.7129,510.508
737,1,6.76476,142.718,1075.07,125.992,72.3892
737,2,15.8363,68.9992,1613.28,66.1692,429.808
737,3,24.5546,108.855,42.1706,30.3954,51.0357
737,4,24.6248,19.6974,97.2035,16.3785,158.466
737,5,41.1041,28.8341,70.0994,20.4304,10833.7
737,6,45.3387,15.1311,143.868,13.6912,868.267
738,1,7.26265,130.998,814.23,112.843,226.872
738,2,15.887,78.1558,1489.96,74.2605,141.951
738,3,24.3471,172.135,41.8309,33.6528,221.029
738,4,25.8513,18.8084,71.3818,14.8861,208.435
738,5,40.9128,28.93,21.5777,12.3594,945.907
738,6,45.4721,14.3355,65.5442,11.7628,3230.78
739,1,6.53739,152.049,1199.64,134.945,202.402
739,2,14.9809,84.8494,1612.88,80.6088,207.46
739,3,24.5212,20.7964,96.9847,17.1244,376.116
739,4,24.6484,127.558,39.1782,29.9724,612.481
739,5,41.0018,34.7152,17.1243,11.4676,321.939
739,6,45.3712,14.5779,198.092,13.5787,95.2188
740,1,7.26669,133.58,811.358,114.696,136.23
740,2,15.8849,78.0775,1446.73,74.0796,1106.64
740,3,24.3455,162.289,41.4666,33.0276,108.527
740,4,25.8522,18.7124,72.1637,14.8593,92.5215
740,5,40.9297,30.7401,20.4234,12.2708,518.825
740,6,45.4455,14.0375,61.0925,11.4147,1469.64
741,1,8.1031,160.148,617.015,127.146,196.05
741,2,17.1559,72.7513,956.301,67.608,635.311
741,3,23.979,188.637,41.3449,33.9121,281.01
741,4,27.1308,24.4659,28.4155,13.1466,49.43
741,5,40.9456,22.9532,84.3478,18.0432,3811.2
741,6,45.4146,12.6308,18.0994,7.43926,634.859
742,1,9.02304,164.528,501.532,123.887,285.63
742,2,18.715,62.469,745.901,57.6415,904.899
742,3,23.5513,222.806,43.6845,36.5235,215.622
742,4,28.3173,22.6187,25.1397,11.9063,153.654
742,5,41.0515,28.13,96.1871,21.7649,616.892
742,6,45.2552,15.1926,4.02855,3.18421,141.748
743,1,10.0027,159.535,379.144,112.287,582.104
743,2,20.4711,58.1385,311.892,49.0039,427.052
743,3,23.0659,162.304,43.1947,34.1154,172.624
743,4,29.3971,22.7561,20.2014,10.7014,63.5083
743,5,41.2331,31.3295,96.5698,23.6552,348.919
743,6,44.9518,20.8948,6.1327,4.74115,26.71
744,1,11.0185,157.104,317.259,105.073,354.607
744,2,22.3329,69.899,88.3589,39.0262,92.0963
744,3,22.5268,311.185,47.361,41.105,152.665
744,4,30.3785,21.0892,18.576,9.8765,90.32
744,5,41.4634,32.5966,65.5256,21.7679,514.42
744,6,44.4943,24.656,3.10683,2.75915,234.597
745,1,12.0479,144.392,341.078,101.446,1168.16
745,2,21.9389,292.56,46.2158,39.9111,95.7378
745,3,24.2068,85.2559,84.5377,42.4476,153.057
745,4,31.2915,19.5892,14.7964,8.4294,78.9593
745,5,41.7109,29.5648,43.9101,17.6685,1463.34
745,6,43.8766,27.2813,3.89017,3.40468,108.423
746,1,13.069,134.382,354.374,97.434,1439.78
746,2,21.3087,264.654,50.4927,42.4027,1016.95
746,3,25.9869,98.3965,52.697,34.3178,147
746,4,32.1915,16.8115,12.5637,7.19023,113.79
746,5,41.9461,25.4623,51.2205,17.0076,493.845
746,6,43.0959,13.9407,6.83389,4.58585,18.9407
747,1,14.0599,117.679,328.528,86.6431,0
747,2,20.6452,248.45,50.1834,41.7504,0
747,3,27.5454,106.344,39.6046,28.8575,0
747,4,33.1602,21.0306,9.33827,6.4668,0
747,5,42.1464,15.3095,23.956,9.34038,0
747,6,42.154,9.42459,9.48477,4.72729,0
748,1,14.993,117.615,308.149,85.1245,5151.91
748,2,19.966,450.081,57.6093,51.0722,2019.27
748,3,28.7512,125.905,40.7508,30.7864,66.4015
748,4,34.2814,22.7073,6.32338,4.94604,69.8743
748,5,41.0593,7.87919,11.7166,4.71108,2092.96
748,6,42.2992,15.4478,34.522,10.6722,12748.2
749,1,15.8164,122.696,252.735,82.5974,4572.48
749,2,19.3154,362.892,59.7666,51.3152,471.234
749,3,29.5333,142.947,38.4837,30.3208,33.8132
749,4,35.567,27.2692,5.90294,4.85252,124.13
749,5,39.8386,6.48193,10.9569,4.07263,1638.52
749,6,42.3986,18.3292,23.1956,10.2386,1147.88
750,1,16.3824,139.316,179.422,78.4229,313.204
750,2,18.8365,255.125,73.3458,56.9681,95.3889
750,3,29.9077,183.471,24.6328,21.7171,20.0156
750,4,36.8571,30.2036,6.83866,5.57613,45.9062
750,5,38.6115,6.40593,10.7756,4.01755,6829.72
750,6,42.4441,18.3254,14.9596,8.23616,810.9
751,1,16.3729,139.187,178.106,78.1299,138.055
751,2,18.8449,264.107,70.7969,55.8308,144.721
751,3,29.911,184.711,24.7868,21.8542,22.0248
751,4,36.7667,33.2814,6.08718,5.14598,60.819
751,5,38.7128,6.47737,11.1306,4.09457,40.6294
751,6,42.4363,17.8895,15.3651,8.26573,2009.14
752,1,15.7962,120.965,253.46,81.8848,239.598
752,2,19.3324,336.512,60.2891,51.1289,89.5798
752,3,29.5412,146.284,38.9281,30.7461,27.9197
752,4,35.4684,27.4981,6.29225,5.12054,95.5402
752,5,39.9715,6.2739,11.2193,4.02378,15.0305
752,6,42.3757,18.1866,24.652,10.4657,865.78
753,1,14.9689,116.724,301.484,84.1459,140.004
753,2,19.9848,453.313,56.3422,50.1136,36.7213
753,3,28.7578,128.18,40.819,30.9599,112.57
753,4,34.2011,22.5511,6.98138,5.331,17.0621
753,5,41.2001,7.77555,12.2878,4.76214,44.0294
753,6,42.263,15.6734,36.585,10.9726,869.111
754,1,14.0341,120.075,326.99,87.8244,122.503
754,2,20.6638,283.92,48.7762,41.6252,44.4563
754,3,27.5455,108.477,40.3662,29.4189,91.2166
754,4,33.105,21.394,9.71404,6.68066,56.5265
754,5,42.0734,13.3778,21.178,8.19876,807.278
754,6,42.3236,10.8643,9.65404,5.11173,320.579
755,1,13.0424,133.9,356.672,97.3526,115.781
755,2,21.3261,246.151,49.0735,40.9163,84.555
755,3,25.9803,100.293,52.4201,34.4265,55.3642
755,4,32.1609,18.1654,12.8343,7.52072,19.7812
755,5,41.8741,23.7324,51.0968,16.2056,9086.26
755,6,43.2553,16.2347,6.60227,4.69352,93.9214
756,1,12.0208,142.976,332.071,99.944,108.731
756,2,21.955,300.12,48.4985,41.7516,23.4463
756,3,24.1963,86.162,85.1359,42.823,76.5665
756,4,31.2814,20.0461,14.9235,8.5548,18.752
756,5,41.6276,27.9038,44.901,17.2092,2453.59
756,6,44.0374,24.7439,4.03135,3.46656,4.07734
757,1,10.9914,155.815,322.125,105.017,119.569
757,2,22.3212,66.5852,95.0243,39.1512,97.9752
757,3,22.5413,313.391,47.9276,41.5702,47.5117
757,4,30.3842,21.5108,18.6842,9.99906,20.6869
757,5,41.3696,30.8972,74.0972,21.8049,22350.4
757,6,44.6553,22.1501,2.74635,2.4434,43.0582
758,1,9.9758,157.672,379.495,111.391,99.5774
758,2,20.4597,57.8856,311.177,48.8065,93.1451
758,3,23.0788,243.178,43.4484,36.8623,76.7865
758,4,29.4145,23.1415,20.2755,10.807,56.3939
758,5,41.1307,30.3271,110.271,23.7855,1752.69
758,6,45.1111,17.3046,4.81946,3.7696,141.966
759,1,8.99676,162.875,495.702,122.594,81.3011
759,2,18.7042,61.7838,730.267,56.9643,213.079
759,3,23.5626,228.794,44.6421,37.3537,57.2586
759,4,28.3428,23.0917,25.0277,12.0104,18.9943
759,5,40.9435,27.2069,106.078,21.6533,518.27
759,6,45.4107,14.6724,2.68856,2.2722,309.667
760,1,8.07789,159.884,616.04,126.939,139.515
760,2,17.1455,71.8765,959.547,66.8676,154.656
760,3,23.9886,182.621,42.2301,34.2987,124.063
760,4,27.1612,24.9446,28.4805,13.2978,36.4715
760,5,40.8351,22.5742,97.3251,18.324,610.285
760,6,45.5639,13.351,32.5068,9.46398,2844.68
761,1,7.24317,131.051,823.125,113.052,153.701
761,2,15.8742,77.319,1491.57,73.5085,461.611
761,3,24.3535,169.415,42.2404,33.8104,34.9145
761,4,25.8846,18.9694,70.7582,14.959,52.7757
761,5,40.8208,32.5227,20.1494,12.4414,146.218
761,6,45.5857,14.9555,83.4734,12.6831,66.0698
762,1,6.51642,150.728,1215.63,134.1,133.513
762,2,14.9693,84.4796,1572.33,80.172,193.157
762,3,24.553,21.088,96.7103,17.3129,70.8768
762,4,24.6548,134.756,41.086,31.4861,137.612
762,5,40.8989,36.8002,18.3205,12.2313,120.627
762,6,45.4985,15.1222,251.981,14.266,474.758
763,1,5.92064,153.261,1616.88,139.992,202.089
763,2,14.47,74.5479,1581.25,71.1915,290.589
763,3,23.2376,24.5318,24.8613,12.3477,55.6716
763,4,24.8904,96.7073,44.0404,30.26,46.6893
763,5,41.0492,24.5898,34.6486,14.3826,1947.65
763,6,45.3347,15.6235,706.869,15.2856,134.602
764,1,5.47716,152.433,2304.97,142.977,160.615
764,2,14.336,68.8587,2453.39,66.9788,137.342
764,3,22.0537,18.3888,282.306,17.2642,102.294
764,4,25.0593,79.6531,47.5792,29.7867,67.9272
764,5,41.2323,28.468,56.7715,18.9603,114.819
764,6,45.1394,17.5772,1677.54,17.395,172.31
765,1,5.20406,147.622,2477.09,139.319,122.074
765,2,14.4184,60.6371,3582.69,59.6279,140.182
765,3,21.1801,19.4788,684.758,18.94,68.8695
765,4,25.1606,61.4408,48.8052,27.1995,247.924
765,5,41.392,33.6807,66.4301,22.3494,239.435
765,6,44.9709,24.8542,3823.13,24.6937,65.2374
766,1,5.1138,126.493,2474.39,120.341,161.429
766,2,14.4908,57.1107,3913.65,56.2893,180.118
766,3,20.8433,18.5013,880.431,18.1205,128.768
766,4,25.1939,65.3193,54.3222,29.6577,594.433
766,5,41.4689,35.9593,73.8686,24.1857,297.373
766,6,44.8891,27.2752,8881.56,27.1917,83.615
767,1,5.21066,148.618,2457.98,140.144,260.464
767,2,14.4259,60.623,3775.27,59.6649,95.5814
767,3,21.1668,19.5667,812.896,19.1068,501.999
767,4,25.159,63.5679,50.464,28.1315,261.165
767,5,41.4318,33.8206,68.133,22.6014,15158
767,6,44.9251,25.2075,3253.15,25.0136,856.138
768,1,5.48967,153.27,2294.77,143.674,159.082
768,2,14.3475,68.8332,2591.61,67.0523,178.51
768,3,22.0307,18.3523,355.874,17.4523,169.945
768,4,25.0561,65.893,43.6186,26.2453,77.3863
768,5,41.3029,28.4396,58.0499,19.0881,632.186
768,6,45.0567,18.2836,1284.39,18.027,852.931
769,1,5.93798,154.482,1608.08,140.942,143.034
769,2,14.4822,76.7051,1642.15,73.2821,961.892
769,3,23.2089,24.0801,22.4571,11.6202,38.5171
769,4,24.8857,94.3863,42.7328,29.4153,358.778
769,5,41.1401,23.7097,37.8018,14.5708,2503.65
769,6,45.2256,14.8982,476.69,14.4466,459.299
770,1,5.23952,163.126,2486.18,153.082,188.432
770,2,13.493,81.1727,1894.64,77.8378,321.593
770,3,21.7871,18.5529,493.486,17.8807,139.35
770,4,25.1512,76.9539,45.885,28.7452,158.094
770,5,41.2492,21.0616,25.1927,11.4713,388.005
770,6,45.0335,15.9271,607.506,15.5202,311.915
771,1,5.94235,154.771,1611.5,141.209,302.821
771,2,14.4808,77.1847,1590.86,73.6131,948.093
771,3,23.207,24.057,22.1774,11.5395,81.8168
771,4,24.8842,97.6889,42.7442,29.734,201.712
771,5,41.1641,24.5615,32.181,13.9298,271.914
771,6,45.1936,14.6459,432.257,14.1659,855.825
772,1,6.77302,143.621,1070.6,126.633,286.056
772,2,15.8337,69.3949,1510.96,66.3477,3392.78
772,3,24.5515,117.025,42.073,30.947,180.279
772,4,24.6233,19.5898,97.972,16.3255,162.343
772,5,41.1454,29.9199,58.8165,19.8316,956.443
772,6,45.2799,14.6774,125.463,13.1402,592.913
773,1,7.70795,164.584,755.245,135.135,481.107
773,2,17.4575,61.6882,915.04,57.7921,4039.64
773,3,24.1543,136.906,43.4488,32.9817,226.308
773,4,25.9843,22.2046,41.6063,14.4779,66.607
773,5,41.1994,30.1814,161.23,25.4224,418.635
773,6,45.2636,13.9356,39.6288,10.31,180.213
774,1,8.72244,169.22,497.76,126.287,520.325
774,2,19.2482,52.8574,850.751,49.7654,440.118
774,3,23.6946,175.159,44.9297,35.7576,71.0933
774,4,27.2697,23.7542,28.0675,12.8657,205.063
774,5,41.3171,35.1052,72.0243,23.6016,364.522
774,6,45.1238,13.4167,3.82205,2.97465,101.566
775,1,9.79119,174.418,377.732,119.321,772.432
775,2,21.1032,57.1157,109.046,37.483,100.137
775,3,23.1751,222.926,45.7055,37.9291,225.27
775,4,28.4868,24.292,23.8101,12.0243,108.958
775,5,41.4784,37.4574,70.662,24.4805,208.668
775,6,44.8452,14.6009,5.34454,3.91243,838.152
776,1,10.8888,162.847,304.466,106.099,1455.99
776,2,22.6,394.086,47.0774,42.0537,1523.51
776,3,22.9186,59.8369,184.495,45.1828,416.156
776,4,29.6712,22.6861,18.1618,10.0867,224.771
776,5,41.6568,36.2803,67.685,23.6197,6169.72
776,6,44.4163,19.5744,3.40449,2.90009,205.585
777,1,11.9901,148.954,344.711,104.01,0
777,2,21.9748,318.514,50.6329,43.688,0
777,3,24.583,83.9718,78.2102,40.4943,0
777,4,30.8836,20.4991,16.0097,8.98918,0
777,5,41.8242,31.7227,74.2925,22.2304,0
777,6,43.8303,32.2495,3.68205,3.30473,0
778,1,13.069,134.382,354.374,97.434,2843
778,2,21.3087,264.654,50.4927,42.4027,911.233
778,3,25.9869,98.3965,52.697,34.3178,328.717
778,4,32.1915,16.8115,12.5637,7.19023,98.1811
778,5,41.9461,25.4623,51.2205,17.0076,645.144
778,6,43.0959,13.9407,6.83389,4.58585,2431.03
779,1,14.0952,122.561,332.978,89.5865,2569.64
779,2,20.6178,252.81,51.4608,42.7573,231.931
779,3,27.0575,110.348,44.2403,31.5796,38.4525
779,4,33.6278,21.4826,8.92291,6.30436,53.0505
779,5,41.8305,11.1376,15.2815,6.44229,77.9307
779,6,42.3916,11.485,9.43653,5.18025,158.147
780,1,15.0216,118.1,290.791,83.989,2724.1
780,2,19.9385,357.385,56.4129,48.7222,788.295
780,3,27.7851,119.079,39.3382,29.5697,25.7552
780,4,35.1585,23.7844,7.71838,5.82733,88.7272
780,5,40.9197,8.06868,10.7578,4.61059,455.865
780,6,42.2789,15.0595,25.6892,9.49395,5207.33
781,1,15.7466,115.319,212.148,74.709,743.14
781,2,19.3644,236.321,64.7358,50.8157,148.756
781,3,28.2012,136.185,37.2209,29.2316,29.0921
781,4,36.6857,27.289,7.78124,6.05477,14.8901
781,5,39.7166,5.79909,11.2763,3.82962,902.558
781,6,42.2931,17.3666,14.6544,7.94781,2111.6
782,1,16.0449,90.0541,850.064,81.4278,525.897
782,2,19.1163,76.6811,167.657,52.6161,1021.81
782,3,28.3378,88.3719,42.8177,28.8429,27.9603
782,4,37.7026,8.79005,20.5055,6.15262,271.69
782,5,38.8215,3.88169,56.6821,3.6329,55.9675
782,6,42.292,11.121,140.151,10.3034,1431.33
784,1,15.7343,119.271,225.1,77.9622,109.456
784,2,19.3747,258.128,64.3851,51.5316,75.6702
784,3,28.2066,137.933,36.8903,29.1059,29.4665
784,4,36.5832,28.6135,7.57227,5.98769,122.19
784,5,39.8536,6.00629,11.0594,3.89237,165.84
784,6,42.2652,17.4017,16.2573,8.40501,515.115
785,1,15.0033,116.484,286.597,82.8218,274.16
785,2,19.953,357.485,55.4736,48.0217,50.607
785,3,27.7939,120.974,39.3453,29.6893,24.5542
785,4,35.0682,24.6816,7.95406,6.01547,74.4923
785,5,41.0849,7.96827,11.3395,4.67979,62.1521
785,6,42.2186,15.0985,28.5121,9.87122,1985
786,1,14.0741,122.342,334.345,89.568,149.415
786,2,20.6333,237.14,49.7136,41.0979,44.2186
786,3,27.0659,111.949,44.3078,31.744,36.5356
786,4,33.5573,22.807,9.10253,6.50594,102.669
786,5,41.9501,10.765,20.8533,7.09987,1016.13
786,6,42.3678,10.3498,8.7078,4.72904,297.931
787,1,13.0464,134.291,354.238,97.3757,166.924
787,2,21.3237,240.102,48.9084,40.6317,53.5084
787,3,25.9909,100.086,52.8239,34.5754,47.4949
787,4,32.1441,18.188,12.7293,7.48837,112.415
787,5,41.915,24.8646,56.9693,17.3097,1264.1
787,6,43.2131,14.3298,6.56035,4.50013,56.5188
788,1,11.9666,147.695,343.539,103.289,100.137
788,2,21.989,320.9,50.2027,43.4113,51.7457
788,3,24.5806,84.8182,79.0067,40.9047,127.515
788,4,30.8596,20.9536,16.1988,9.13596,35.5593
788,5,41.7565,29.8274,76.2934,21.4438,889.422
788,6,43.9742,28.6369,3.90439,3.43593,69.6418
789,1,10.8648,161.37,309.232,106.036,98.2204
789,2,22.613,285.255,46.743,40.1619,52.4711
789,3,22.9112,60.0915,186.049,45.4211,297.033
789,4,29.6672,23.0395,18.309,10.2018,52.8871
789,5,41.5683,33.9515,59.6087,21.631,2899.14
789,6,44.571,19.2845,3.25905,2.7879,305.525
790,1,9.7669,172.739,379.475,118.704,96.8487
790,2,21.0932,57.1023,146.397,41.0793,52.6617
790,3,23.1869,175.535,44.7491,35.6587,87.5501
790,4,28.4977,24.4667,23.9684,12.1075,39.2096
790,5,41.3757,35.523,75.6589,24.1733,225865
790,6,45.0048,14.1234,4.05127,3.14821,14.5484
791,1,8.69813,167.186,500.11,125.299,143.687
791,2,19.2374,52.7461,816.435,49.5452,102.658
791,3,23.705,174.63,46.7845,36.899,93.19
791,4,27.2909,24.1347,28.0456,12.9718,21.4547
791,5,41.2048,33.399,82.4006,23.766,896.869
791,6,45.2841,12.8093,2.65894,2.20188,362.833
792,1,7.68394,161.898,761.859,133.523,132.397
792,2,17.4468,61.3676,820.715,57.0982,73.2537
792,3,24.1633,127.16,44.0567,32.7203,60.5818
792,4,26.0118,22.6272,41.2004,14.6057,52.7429
792,5,41.0818,28.4408,136.114,23.5252,781.829
792,6,45.421,14.5493,59.4092,11.6871,1475.16
793,1,6.7498,142.248,1080.1,125.694,77.367
793,2,15.8231,68.3349,1472.05,65.3034,317.078
793,3,24.5591,112.53,43.7266,31.4902,36.4589
793,4,24.6536,19.7847,95.9023,16.4012,100.073
793,5,41.0268,28.9133,62.9873,19.8167,514.016
793,6,45.4311,15.5405,172.61,14.257,964.79
794,1,5.92064,153.261,1616.88,139.992,69.3514
794,2,14.47,74.5479,1581.25,71.1915,285.872
794,3,23.2376,24.5318,24.8613,12.3477,21.2885
794,4,24.8904,96.7073,44.0404,30.26,112.046
794,5,41.0492,24.5898,34.6486,14.3826,419.589
794,6,45.3347,15.6235,706.869,15.2856,182.727
795,1,5.22033,161.584,2507.42,151.802,273.213
795,2,13.4817,80.5232,1789.04,77.055,327.752
795,3,21.8158,18.6483,378.593,17.7729,145.324
795,4,25.1561,80.7013,46.9021,29.6627,57.0584
795,5,41.1435,23.3539,18.0307,10.175,106.145
795,6,45.1595,16.5468,1181.31,16.3182,32.0845
796,1,4.67114,165.801,3503.04,158.308,200.127
796,2,12.9086,76.7645,2829.86,74.7371,259.285
796,3,20.4786,20.166,1300.84,19.8582,87.8798
796,4,25.3553,63.9686,51.3322,28.479,165.646
796,5,41.2877,22.616,29.6502,12.8299,412.854
796,6,44.9427,31.7273,5170.3,31.5338,31.7386
797,1,4.29286,148.965,6643.26,145.698,255.953
797,2,12.7053,70.3214,4703.62,69.2856,240.581
797,3,19.3731,22.0636,2447.06,21.8664,69.8874
797,4,25.488,58.9877,57.3648,29.0825,793.899
797,5,41.4423,28.7608,38.4553,16.4545,1504.58
797,6,44.734,23.6791,11660.1,23.6311,53.8341
798,1,4.10112,159.148,21582.7,157.984,469.241
798,2,12.7035,63.468,8076.87,62.9732,179.666
798,3,18.7141,22.8436,3196.05,22.6815,78.6472
798,4,25.554,56.162,63.3498,29.7699,371.776
798,5,41.554,33.6925,41.0836,18.5114,259.137
798,6,44.5923,22.6545,20028.9,22.6289,520.185
799,1,4.10462,158.873,21663,157.717,405.384
799,2,12.7073,63.3799,8356.09,62.9028,96.8859
799,3,18.7076,22.8863,3284.94,22.728,190.339
799,4,25.5533,56.1261,62.016,29.4621,121.66
799,5,41.5766,33.8037,41.5666,18.6427,1064.19
799,6,44.5668,22.661,19044.6,22.6341,74.5637
800,1,4.30288,150.864,6602.14,147.494,181.427
800,2,12.7145,70.2811,4865.75,69.2804,259.815
800,3,19.3558,22.0762,2568.3,21.8881,45.0103
800,4,25.4859,60.4787,59.5296,30.0002,215.218
800,5,41.5041,28.7967,39.3447,16.6271,3507.81
800,6,44.6634,22.5029,8459.76,22.4432,110.309
801,1,4.68647,167.296,3463.44,159.587,476.59
801,2,12.9198,76.5346,2939.21,74.5923,187.045
801,3,20.4542,20.2973,786.093,19.7864,146.673
801,4,25.3519,65.4326,50.2075,28.4089,343.551
801,5,41.3768,22.781,29.9063,12.9309,1117.39
801,6,44.8391,34.2255,3609.8,33.904,2361.85
802,1,4.03167,172.57,10688.9,169.828,433.852
802,2,11.8542,79.0982,2903.01,77.0001,552.874
802,3,18.935,22.9262,3209.76,22.7636,901.035
802,4,25.5813,63.4384,83.3349,36.019,247.579
802,5,41.5006,16.9837,170.975,15.4491,675.965
802,6,44.5785,12.4509,968.439,12.2929,504.152
803,1,4.69126,167.698,3430.3,159.882,177.671
803,2,12.9191,75.9286,2810.03,73.931,944.677
803,3,20.4503,20.324,822.016,19.8337,300.462
803,4,25.3506,57.1953,50.7201,26.8817,776.822
803,5,41.4083,22.9907,22.9001,11.4727,262.562
803,6,44.801,33.4399,3203.42,33.0944,1399.91
804,1,5.49859,153.78,2274.07,144.04,327.044
804,2,14.3464,68.8314,2477.66,66.9709,85150.7
804,3,22.0244,18.2855,356.021,17.3922,133.379
804,4,25.0534,81.9194,45.2726,29.1583,209.861
804,5,41.3579,29.399,45.7444,17.897,89.5145
804,6,44.9873,21.1397,1018.91,20.71,1676.72
805,1,6.43073,152.799,1317.21,136.916,397.901
805,2,16.0211,59.583,1770.54,57.6432,1657.9
805,3,23.5917,22.1547,40.3206,14.2983,111.996
805,4,24.6898,102.883,45.3926,31.4963,144.353
805,5,41.3578,35.6425,72.1688,23.8591,187.759
805,6,45.1041,14.7196,355.47,14.1343,220.742
806,1,7.46269,166.177,895.574,140.168,860.16
806,2,17.8238,53.1674,1331.18,51.1255,573.944
806,3,24.2604,122.985,46.0579,33.5089,339.038
806,4,25.1241,19.8506,58.626,14.8294,157.695
806,5,41.4035,41.2882,76.9937,26.8759,643.51
806,6,45.1254,13.0579,104.917,11.6126,4118.39
807,1,8.56799,171.988,502.389,128.125,1402.54
807,2,19.643,47.4938,960.567,45.2561,366.46
807,3,23.7668,149.723,46.1119,35.2542,1690.78
807,4,26.6257,25.7611,32.2989,14.331,134.966
807,5,41.4816,42.563,57.9286,24.5355,3923.94
807,6,45.0297,10.6181,24.3412,7.3931,1015.43
808,1,9.7193,180.687,393.28,123.806,0
808,2,21.3734,70.7854,93.39,40.2658,0
808,3,23.2118,220.299,48.5041,39.7518,0
808,4,28.1267,25.4938,23.1867,12.1428,0
808,5,41.5729,41.1933,67.573,25.5921,0
808,6,44.7983,19.5292,2.42461,2.15683,0
809,1,10.8888,162.847,304.466,106.099,844.088
809,2,22.6,394.086,47.0774,42.0537,921.8
809,3,22.9186,59.8369,184.495,45.1828,593.186
809,4,29.6712,22.6861,18.1618,10.0867,153.329
809,5,41.6568,36.2803,67.685,23.6197,1193.5
809,6,44.4163,19.5744,3.40449,2.90009,399.922
810,1,12.0479,144.392,341.078,101.446,648.489
810,2,21.9389,292.56,46.2158,39.9111,378.81
810,3,24.2068,85.2559,84.5377,42.4476,219.505
810,4,31.2915,19.5892,14.7964,8.4294,48.0252
810,5,41.7109,29.5648,43.9101,17.6685,655.244
810,6,43.8766,27.2813,3.89017,3.40468,1253.72
811,1,13.1645,133.819,365.529,97.9574,1067.56
811,2,21.2427,272.162,49.8674,42.1452,308.435
811,3,25.2076,97.5507,61.1661,37.594,43.5625
811,4,32.983,23.2851,10.5658,7.26791,78.8821
811,5,41.6963,20.6022,37.8776,13.3441,571.546
811,6,43.1991,15.8626,6.48539,4.60333,188.712
812,1,14.1955,126.342,334.708,91.7202,780.877
812,2,20.5397,273.934,53.5885,44.8205,322.985
812,3,25.9282,110.066,50.6462,34.6858,77.7711
812,4,34.703,23.2887,9.43606,6.71521,21.8262
812,5,41.461,13.6259,20.1032,8.1213,576.918
812,6,42.5302,10.3608,6.88522,4.1364,6018.96
813,1,15.0639,134.819,287.848,91.8154,2399.16
813,2,19.8958,245.475,60.1152,48.2894,94.955
813,3,26.3918,127.663,46.0974,33.8681,39.0062
813,4,36.3843,24.5479,8.03658,6.05446,14.2487
813,5,40.6797,8.20947,12.5829,4.96811,168.195
813,6,42.2091,13.8886,17.7532,7.79245,1294.94
814,1,15.609,145.289,192.616,82.819,527.124
814,2,19.4644,177.012,69.8906,50.1067,159.785
814,3,26.6193,152.605,43.1499,33.6385,65.0339
814,4,37.8971,27.659,8.30294,6.38595,36.2405
814,5,39.5552,6.26838,11.0496,3.99949,1763.17
814,6,42.1221,17.7734,19.253,9.2418,349.353
815,1,15.6037,141.532,193.786,81.7938,95.4212
815,2,19.4688,184.384,67.7415,49.5406,151.393
815,3,26.6217,153.285,42.8567,33.4925,33.5461
815,4,37.797,27.8618,8.37842,6.44141,355.821
815,5,39.6815,5.70791,10.7677,3.73043,246.111
815,6,42.0991,17.3181,19.6413,9.20336,941.734
816,1,15.0511,132.891,285.848,90.7168,84.7499
816,2,19.906,257.38,60.0635,48.6989,90.1518
816,3,26.3984,130.479,45.7909,33.8955,33.681
816,4,36.2864,25.5356,7.87585,6.01933,99.9045
816,5,40.8573,8.77582,10.2106,4.71951,295.815
816,6,42.139,13.675,20.0266,8.12613,14768.7
817,1,14.1789,122.923,333.24,89.7988,118.271
817,2,20.552,264.688,52.53,43.8312,48.065
817,3,25.9372,111.207,50.7945,34.8683,51.6703
817,4,34.6236,23.7446,9.41336,6.74096,47.0975
817,5,41.5995,14.335,23.2874,8.87304,6010.61
817,6,42.4882,9.70808,7.35543,4.18478,74.2648
818,1,13.146,135.305,365.484,98.7477,39.1606
818,2,21.2553,265.826,48.6065,41.0926,144.049
818,3,25.2164,100.492,60.7612,37.866,41.4073
818,4,32.924,23.7132,10.8385,7.43857,45.9654
818,5,41.7212,21.3123,43.7162,14.3275,2269
818,6,43.2594,20.7513,6.11111,4.72085,14.1241
819,1,12.0281,144.195,335.332,100.835,104.663
819,2,21.9511,289.781,48.3704,41.4513,17.5242
819,3,24.2124,86.714,84.7407,42.858,55.4644
819,4,31.2536,19.9659,15.0469,8.58042,82.9848
819,5,41.6789,29.0671,47.7004,18.0612,754.411
819,6,43.9831,25.4299,3.95783,3.4248,9.00219
820,1,10.8682,161.655,310.145,106.267,73.5039
820,2,22.6114,401.706,46.3182,41.5297,45.5753
820,3,22.919,60.4195,183.95,45.481,161.482
820,4,29.654,23.1268,18.3525,10.2324,53.1413
820,5,41.5905,34.6076,68.9304,23.04,1290.09
820,6,44.547,20.0709,3.34394,2.86639,30.8725
821,1,9.69808,178.541,389.226,122.397,132.946
821,2,21.3688,71.2148,92.7207,40.2786,44.5331
821,3,23.2223,221.091,47.6644,39.211,40.3248
821,4,28.1274,25.8321,23.1678,12.2137,22.614
821,5,41.4826,39.0717,74.5659,25.6378,1625.8
821,6,44.9438,9.06804,1.74894,1.46617,53.4027
822,1,8.54631,170.034,502.417,127.04,155.64
822,2,19.6349,47.3507,983.315,45.1753,73.9037
822,3,23.7762,128.822,46.8204,34.3396,38.0295
822,4,26.64,26.1713,32.2977,14.4568,43.9039
822,5,41.3741,40.361,48.1139,21.9489,36909.6
822,6,45.1839,13.6707,38.4388,10.0842,261.654
823,1,7.44073,163.493,905.817,138.496,108.772
823,2,17.814,53.142,1221.01,50.9256,140.939
823,3,24.2687,116.722,46.9837,33.4993,105.596
823,4,25.1473,20.3665,58.2486,15.0902,63.1704
823,5,41.2846,38.0544,77.9715,25.5732,325.296
823,6,45.2835,16.5531,147.815,14.8861,670.051
824,1,6.40879,150.875,1325.93,135.461,163.936
824,2,16.0108,59.5997,1734.52,57.6199,274.261
824,3,23.6195,22.3984,41.8029,14.5841,48.6436
824,4,24.6969,92.3145,45.1716,30.3303,49.8524
824,5,41.2329,34.5772,93.3005,25.2278,1139.26
824,6,45.2615,17.0475,578.611,16.5596,189.197
825,1,5.47716,152.433,2304.97,142.977,79.204
825,2,14.336,68.8587,2453.39,66.9788,120.162
825,3,22.0537,18.3888,282.306,17.2642,76.1828
825,4,25.0593,79.6531,47.5792,29.7867,246.647
825,5,41.2323,28.468,56.7715,18.9603,153.612
825,6,45.1394,17.5772,1677.54,17.395,367.766
826,1,4.67114,165.801,3503.04,158.308,244.227
826,2,12.9086,76.7645,2829.86,74.7371,150.852
826,3,20.4786,20.166,1300.84,19.8582,127.853
826,4,25.3553,63.9686,51.3322,28.479,56.2693
826,5,41.2877,22.616,29.6502,12.8299,312.126
826,6,44.9427,31.7273,5170.3,31.5338,3405.04
827,1,4.01411,170.664,10725.9,167.991,316.324
827,2,11.8436,77.8093,3015.34,75.8519,107.917
827,3,18.9604,22.8432,3137.81,22.6781,73.3824
827,4,25.5849,64.4768,84.9325,36.6522,286.272
827,5,41.3922,17.0071,115.96,14.8318,1779.57
827,6,44.7028,22.4535,1264.52,22.0618,227.853
828,1,3.52711,176.284,66157.7,175.815,344.2
828,2,11.2096,79.5798,4936.13,78.3172,128.823
828,3,17.6154,24.4645,4167.15,24.3217,132.948
828,4,25.7482,58.7251,87.8373,35.1949,234.643
828,5,41.5243,19.8494,58.594,14.8267,131.794
828,6,44.4597,19.5288,11958.7,19.497,155.787
829,1,3.22798,191.465,143648,191.21,346.937
829,2,10.959,73.9883,11488.2,73.5148,140.692
829,3,16.6321,26.1676,5767.88,26.0494,150.052
829,4,25.8457,52.1263,95.2259,33.6865,574.75
829,5,41.6469,28.2702,20.6835,11.9445,429.155
829,6,44.2641,23.4828,36219.3,23.4676,66.999
830,1,3.1293,201.079,185547,200.861,798.707
830,2,10.9171,68.7626,16341.3,68.4745,931.855
830,3,16.2552,27.6982,6779.1,27.5855,168.264
830,4,25.8778,53.1814,94.4717,34.0266,272.024
830,5,41.7136,28.4002,33.5204,15.3743,137.927
830,6,44.1704,25.4198,35902,25.4018,595.201
831,1,3.23527,192.081,144010,191.825,536.36
831,2,10.9654,73.9295,12188.9,73.4838,542.147
831,3,16.6204,26.2714,6005.31,26.157,445.865
831,4,25.8445,50.4086,94.1159,32.8266,185.69
831,5,41.696,28.417,24.9349,13.2812,11.13
831,6,44.2096,22.9009,26994.8,22.8815,320.387
832,1,3.54044,176.957,67533,176.494,606.584
832,2,11.2194,79.6462,5517.48,78.5129,633.836
832,3,17.5953,24.4934,4506.53,24.361,125.286
832,4,25.7458,58.5181,90.119,35.4797,333.273
832,5,41.6102,20.047,69.5512,15.5616,254.003
832,6,44.3632,20.0765,6817.12,20.0176,3029.91
833,1,2.94524,195.867,180845,195.655,845.858
833,2,10.0836,68.9653,6256.37,68.2134,970.775
833,3,15.9716,26.6105,4898.02,26.4667,538.085
833,4,25.9395,52.6949,98.769,34.3621,2120.74
833,5,41.7424,17.5062,3418.66,17.417,229.476
833,6,44.0595,20.9814,14844.8,20.9518,220.161
834,1,3.54577,177.756,65117.4,177.272,876.26
834,2,11.2193,79.5735,5103.96,78.3519,269.849
834,3,17.5899,24.4566,4270.77,24.3173,765.973
834,4,25.7447,60.3693,90.1326,36.154,648.194
834,5,41.6504,19.3763,87.1045,15.8504,631.864
834,6,44.3176,20.0539,6783.47,19.9948,194.783
835,1,4.3126,150.962,6495.27,147.533,965.424
835,2,12.7149,70.3987,4586.52,69.3345,5730.76
835,3,19.3459,22.0402,2428.89,21.842,527.154
835,4,25.4836,61.7173,59.3854,30.2645,616.138
835,5,41.5735,28.4059,31.4072,14.9156,310.48
835,6,44.5821,19.3231,5900.01,19.2601,612.731
836,1,5.22398,149.222,2438.99,140.619,1240.25
836,2,14.4276,60.7151,3508.45,59.6823,5667.42
836,3,21.1535,19.4825,751.79,18.9904,250.314
836,4,25.1552,59.9541,48.1816,26.7135,1087.41
836,5,41.5212,34.7418,39.1718,18.412,706.058
836,6,44.8163,26.764,2097.35,26.4268,793.687
837,1,6.25527,153.364,1770.9,141.141,1101.64
837,2,16.2246,55.2052,2686.12,54.0935,1924.01
837,3,22.9719,17.9344,100.118,15.2098,631.994
837,4,24.7592,66.7077,46.62,27.4418,2541.46
837,5,41.4931,41.8127,62.1067,24.9891,931.184
837,6,44.9883,21.2297,789.649,20.6739,3187.89
838,1,7.37949,165.446,1006.31,142.086,0
838,2,17.9937,50.4167,1607.66,48.8837,0
838,3,24.2959,112.058,48.7315,33.9621,0
838,4,24.7924,23.2005,51.1065,15.9567,0
838,5,41.483,44.5454,79.1779,28.5073,0
838,6,45.0687,14.1571,202.16,13.2306,0
839,1,8.56799,171.988,502.389,128.125,1469.18
839,2,19.643,47.4938,960.567,45.2561,873.798
839,3,23.7668,149.723,46.1119,35.2542,953.04
839,4,26.6257,25.7611,32.2989,14.331,248.818
839,5,41.4816,42.563,57.9286,24.5355,1995.8
839,6,45.0297,10.6181,24.3412,7.3931,382.15
840,1,9.79119,174.418,377.732,119.321,462.008
840,2,21.1032,57.1157,109.046,37.483,311.921
840,3,23.1751,222.926,45.7055,37.9291,537.699
840,4,28.4868,24.292,23.8101,12.0243,216.9
840,5,41.4784,37.4574,70.662,24.4805,519.356
840,6,44.8452,14.6009,5.34454,3.91243,176.476
841,1,11.0185,157.104,317.259,105.073,383.842
841,2,22.3329,69.899,88.3589,39.0262,122.237
841,3,22.5268,311.185,47.361,41.105,152.547
841,4,30.3785,21.0892,18.576,9.8765,71.2806
841,5,41.4634,32.5966,65.5256,21.7679,276.32
841,6,44.4943,24.656,3.10683,2.75915,158.427
842,1,12.2169,140.546,381.732,102.725,578.73
842,2,21.833,282.698,49.3515,42.0166,424.257
842,3,23.3185,79.4071,107.205,45.6179,93.55
842,4,32.2829,23.7296,13.7745,8.7154,40.7608
842,5,41.4237,25.3781,61.5136,17.966,584.098
842,6,43.9667,25.1547,4.04773,3.48668,153.617
843,1,13.3459,133.141,365.318,97.5785,408.878
843,2,21.1158,158.916,47.6726,36.6716,63.4618
843,3,24.0657,102.313,78.9981,44.5783,59.4376
843,4,34.1643,21.1907,9.0111,6.32252,46.7097
843,5,41.3297,17.6259,48.8763,12.9543,833.755
843,6,43.2807,32.7285,5.84805,4.96151,326.451
844,1,14.3434,132.955,339.48,95.5384,766.86
844,2,20.4228,201.472,54.2925,42.7675,173.82
844,3,24.5874,122.483,64.6042,42.2954,82.5073
844,4,35.9756,22.0334,8.53024,6.14947,51.4558
844,5,41.0734,15.4405,26.5851,9.76757,285.053
844,6,42.5472,10.0764,7.38941,4.26311,789.321
845,1,15.0916,148.919,258.708,94.514,12654
845,2,19.8613,173.782,60.9498,45.1238,1625.02
845,3,24.8959,144.254,56.4592,40.5776,41.4113
845,4,37.6519,23.9919,7.87974,5.9316,14.6233
845,5,40.3887,7.93612,14.986,5.18847,269.48
845,6,42.0637,12.1686,10.8828,5.74491,2248.6
846,1,15.3847,92.261,711.031,81.6645,465.096
846,2,19.6306,68.5653,179.611,49.6223,68.3095
846,3,24.9992,87.2993,76.9518,40.8998,25.5843
846,4,38.7526,10.8586,49.6066,8.90858,146.969
846,5,39.6109,4.03148,115.076,3.89502,3200.68
846,6,41.9142,8.59424,223.439,8.27592,82.5289
848,1,15.084,147.974,258.758,94.1393,184.32
848,2,19.8674,170.596,60.5421,44.6843,115.87
848,3,24.8998,146.987,56.529,40.8274,41.1733
848,4,37.5438,25.0674,8.04491,6.09033,187.629
848,5,40.5699,8.45806,13.5297,5.2045,83.2782
848,6,41.9961,11.6048,11.8615,5.86589,2201.1
849,1,14.3314,131.599,341.101,94.9619,162.331
849,2,20.432,204.583,53.4082,42.3518,49.3918
849,3,24.5945,125.656,64.0892,42.4421,53.1532
849,4,35.8887,22.7281,8.66976,6.27582,44.8203
849,5,41.2222,16.4619,30.0253,10.6325,1838.42
849,6,42.497,9.44316,5.6655,3.54103,242.812
850,1,13.3314,132.655,360.808,96.994,39.4011
850,2,21.126,204.437,46.427,37.8348,39.2054
850,3,24.0745,104.238,78.6732,44.8346,53.4358
850,4,34.0981,21.2511,9.27706,6.4579,172.556
850,5,41.3917,17.9456,58.1707,13.7146,550.934
850,6,43.3031,33.5318,5.48492,4.71386,14.4013
851,1,12.201,139.561,378.138,101.938,96.8048
851,2,21.8432,270.44,46.5207,39.6928,81.9269
851,3,23.327,81.4489,106.646,46.18,67.8049
851,4,32.2362,24.1493,13.9621,8.84708,176.699
851,5,41.4289,25.5877,71.4,18.8371,563.518
851,6,44.0337,25.1651,3.72298,3.24318,22.669
852,1,11.0015,156.028,319.069,104.786,139.371
852,2,22.3389,70.6607,83.2012,38.2099,68
852,3,22.5365,265.476,45.9175,39.1466,62.328
852,4,30.3505,21.4007,18.8142,10.0121,88.7182
852,5,41.4293,32.3263,76.0529,22.6843,645.15
852,6,44.59,25.8335,2.46349,2.24902,21.6046
853,1,9.77342,172.915,381.54,118.989,143.909
853,2,21.1053,57.2687,104.678,37.017,52.373
853,3,23.1841,155.583,44.8664,34.824,42.2626
853,4,28.4762,24.2862,23.9836,12.067,34.1876
853,5,41.414,36.3317,79.382,24.9243,809.732
853,6,44.962,14.2227,4.1755,3.22787,88.6893
854,1,8.54952,170.026,500.951,126.941,71.3741
854,2,19.6407,47.2688,1009.46,45.1544,116.905
854,3,23.775,114.536,45.5884,32.6091,15.465
854,4,26.63,26.0578,32.335,14.4295,112.807
854,5,41.393,40.9313,53.8163,23.2488,403.278
854,6,45.1624,13.294,38.6542,9.89194,729.545
855,1,7.36038,162.486,1018.98,140.14,146.758
855,2,17.9877,50.3693,1615.45,48.8462,118.866
855,3,24.3032,106.45,49.5412,33.8075,67.962
855,4,24.8081,23.5835,50.9009,16.1164,268.183
855,5,41.3756,42.0854,81.1217,27.7098,20727.1
855,6,45.2132,17.6728,302.594,16.6976,3149.72
856,1,6.23565,151.565,1801.48,139.803,167.104
856,2,16.2164,55.0065,2738.36,53.9233,56.9246
856,3,22.995,18.4603,88.2698,15.2673,38.9278
856,4,24.7656,64.26,45.1777,26.5276,168.513
856,5,41.3721,40.5818,63.5315,24.7636,1666.19
856,6,45.1402,20.6249,1413.12,20.3282,95.2806
857,1,5.20406,147.622,2477.09,139.319,260.155
857,2,14.4184,60.6371,3582.69,59.6279,73.2157
857,3,21.1801,19.4788,684.758,18.94,52.5718
857,4,25.1606,61.4408,48.8052,27.1995,127.277
857,5,41.392,33.6807,66.4301,22.3494,354.262
857,6,44.9709,24.8542,3823.13,24.6937,330.596
858,1,4.29286,148.965,6643.26,145.698,255.116
858,2,12.7053,70.3214,4703.62,69.2856,268.91
858,3,19.3731,22.0636,2447.06,21.8664,187.352
858,4,25.488,58.9877,57.3648,29.0825,860.604
858,5,41.4423,28.7608,38.4553,16.4545,843.439
858,6,44.734,23.6791,11660.1,23.6311,84.5016
859,1,3.52711,176.284,66157.7,175.815,503.032
859,2,11.2096,79.5798,4936.13,78.3172,634.873
859,3,17.6154,24.4645,4167.15,24.3217,58.3732
859,4,25.7482,58.7251,87.8373,35.1949,190.408
859,5,41.5243,19.8494,58.594,14.8267,644.429
859,6,44.4597,19.5288,11958.7,19.497,331.822
860,1,2.92921,194.822,177265,194.608,302.029
860,2,10.0741,72.0436,6328.34,71.2327,161.36
860,3,15.9935,26.6217,4780.62,26.4742,324.275
860,4,25.942,53.8613,96.4355,34.5592,109.737
860,5,41.6318,17.6862,3216.05,17.5895,529.555
860,6,44.1817,21.1977,22135.2,21.1774,516.534
861,1,2.51861,231.569,407050,231.438,501.936
861,2,9.39662,84.7968,10197.8,84.0975,155.907
861,3,14.6622,29.0121,6345.31,28.88,16.5197
861,4,26.0703,47.4915,109.284,33.1051,768.536
861,5,41.7466,20.0335,312.543,18.8267,75.9119
861,6,43.9395,22.9934,34476.6,22.978,113.996
862,1,2.3109,254.237,676978,254.141,621.845
862,2,9.1358,79.2193,16480.7,78.8404,70.6153
862,3,13.867,31.2656,9470.63,31.1628,219.572
862,4,26.134,43.6007,127.173,32.4689,630.082
862,5,41.8369,20.3764,61.1874,15.2859,102.63
862,6,43.7804,25.3759,22909.8,25.3479,275.16
863,1,2.31497,254.874,672094,254.778,1505.4
863,2,9.13917,79.2291,17036.6,78.8624,244.691
863,3,13.861,31.2746,9568.83,31.1727,191.704
863,4,26.1335,43.9147,126.166,32.576,380.216
863,5,41.8669,21.6095,56.7392,15.6493,203.267
863,6,43.7481,24.9794,18158.2,24.9451,106.518
864,1,2.52979,232.791,415296,232.661,943.218
864,2,9.40458,84.9064,10128.9,84.2005,63.2469
864,3,14.6464,29.0808,6351.47,28.9482,172.457
864,4,26.0688,47.3462,111.439,33.2287,1003.71
864,5,41.8264,20.1713,279.833,18.815,110.981
864,6,43.8527,22.0333,20992.9,22.0102,82.7434
865,1,2.00847,300.037,1.06747e+06,299.953,5426.81
865,2,8.20166,90.2094,14460,89.6501,459.754
865,3,12.9077,32.4929,9532.11,32.3825,164.027
865,4,26.2277,44.3908,122.941,32.6145,532.494
865,5,41.9611,21.8965,6632,21.8244,4982.99
865,6,43.5324,22.5071,8499.18,22.4477,140.488
866,1,2.53586,233.871,412480,233.739,490.736
866,2,9.40503,84.9881,9988.25,84.271,990.766
866,3,14.64,29.1116,6274.71,28.9771,194.361
866,4,26.0679,45.9149,107.888,32.2079,1448.88
866,5,41.8777,20.218,386.148,19.2121,266.163
866,6,43.797,21.6356,19290.7,21.6113,261.601
867,1,3.24599,193.663,141522,193.398,1294.27
867,2,10.9671,74.0393,11809.9,73.578,7578.83
867,3,16.6081,26.2635,5752.07,26.1442,854.846
867,4,25.8425,56.4257,90.6378,34.7761,1184.2
867,5,41.7815,26.2475,25.7688,13.003,3747.2
867,6,44.1144,21.9125,24159.5,21.8927,693.494
868,1,4.11889,159.573,20996.8,158.369,5973.76
868,2,12.7111,63.4564,7912.97,62.9516,7892.45
868,3,18.6903,22.8406,3193.89,22.6785,108.321
868,4,25.55,55.8152,61.9563,29.3628,2052.15
868,5,41.6829,33.1367,46.8626,19.4111,2594.66
868,6,44.4444,22.215,21346.3,22.1919,668.416
869,1,5.13093,128.086,2441.64,121.701,0
869,2,14.4969,57.1593,3897.97,56.3332,0
869,3,20.8223,18.3768,843.91,17.9852,0
869,4,25.1892,64.8408,53.5003,29.3136,0
869,5,41.5863,37.911,66.2198,24.1087,0
869,6,44.7486,23.7656,6727.08,23.6819,0
870,1,6.25527,153.364,1770.9,141.141,1713.8
870,2,16.2246,55.2052,2686.12,54.0935,831.734
870,3,22.9719,17.9344,100.118,15.2098,230.106
870,4,24.7592,66.7077,46.62,27.4418,1464.64
870,5,41.4931,41.8127,62.1067,24.9891,1501.59
870,6,44.9883,21.2297,789.649,20.6739,880.22
871,1,7.46269,166.177,895.574,140.168,1038.66
871,2,17.8238,53.1674,1331.18,51.1255,561.954
871,3,24.2604,122.985,46.0579,33.5089,140.167
871,4,25.1241,19.8506,58.626,14.8294,121.009
871,5,41.4035,41.2882,76.9937,26.8759,389.727
871,6,45.1254,13.0579,104.917,11.6126,871.81
872,1,8.72244,169.22,497.76,126.287,475.11
872,2,19.2482,52.8574,850.751,49.7654,383.107
872,3,23.6946,175.159,44.9297,35.7576,387.899
872,4,27.2697,23.7542,28.0675,12.8657,63.1525
872,5,41.3171,35.1052,72.0243,23.6016,72.8053
872,6,45.1238,13.4167,3.82205,2.97465,178.477
873,1,10.0027,159.535,379.144,112.287,544.989
873,2,20.4711,58.1385,311.892,49.0039,125.641
873,3,23.0659,162.304,43.1947,34.1154,397.939
873,4,29.3971,22.7561,20.2014,10.7014,85.5662
873,5,41.2331,31.3295,96.5698,23.6552,408.206
873,6,44.9518,20.8948,6.1327,4.74115,335.03
874,1,11.2696,148.349,321.655,101.525,245
874,2,21.4818,60.6113,260.354,49.1654,274.568
874,3,22.3829,241.327,43.8043,37.0747,170.152
874,4,31.4887,24.6548,14.9049,9.28919,34.0538
874,5,41.149,27.7408,91.8655,21.3068,557.433
874,6,44.5859,21.3372,6.7067,5.1028,139.901
875,1,12.4846,139.029,361.024,100.375,418.532
875,2,21.6623,213.278,48.5267,39.5321,59.5575
875,3,22.2799,87.1808,98.0927,46.1577,95.1212
875,4,33.5189,22.1688,11.2053,7.44316,32.2294
875,5,41.0584,22.8119,87.1602,18.0799,1169.4
875,6,44.0168,20.682,3.44649,2.9542,3136.79
876,1,13.595,124.553,355.728,92.2525,357.715
876,2,20.9388,221.709,49.0023,40.1322,152.186
876,3,22.8705,103.888,84.6367,46.6397,45.7538
876,4,35.4546,17.7984,8.46733,5.7377,62.6646
876,5,40.9384,18.4337,61.83,14.2001,375.541
876,6,43.2639,28.427,4.77414,4.08764,150.216
877,1,14.5114,139.357,297.931,94.9458,525.121
877,2,20.2879,172.605,55.998,42.2809,122.668
877,3,23.2603,130.336,87.842,52.4753,58.643
877,4,37.2513,21.3603,8.5041,6.0825,26.3152
877,5,40.7005,17.3971,36.1679,11.7468,276.07
877,6,42.4313,10.0831,7.23031,4.21085,738.336
878,1,15.0688,169.226,177.436,86.6168,765.519
878,2,19.8652,147.417,66.61,45.8795,576.389
878,3,23.4546,151.811,82.514,53.4579,101.595
878,4,38.8064,24.6682,8.50506,6.32451,33.9594
878,5,40.0988,7.7605,15.505,5.17189,721.963
878,6,41.8473,11.6727,7.63148,4.61454,456.862
879,1,15.0657,166.487,179.265,86.32,126.879
879,2,19.8677,145.881,66.4122,45.6363,159.276
879,3,23.4563,154.614,83.851,54.3666,93.1364
879,4,38.6884,29.1949,8.64992,6.67287,130.319
879,5,40.268,7.98065,14.1805,5.10667,95.5133
879,6,41.7984,11.4187,7.1364,4.3917,3014.38
880,1,14.5034,139.636,290.831,94.3405,86.6024
880,2,20.2941,175.595,56.7961,42.9152,308.33
880,3,23.2651,131.387,89.2585,53.1504,73.9818
880,4,37.1552,22.1334,8.70918,6.24992,31.0288
880,5,40.8579,18.8942,44.4215,13.2559,1544.15
880,6,42.3772,9.33468,6.72891,3.91022,69.6536
881,1,13.5844,124.263,356.397,92.1381,182.701
881,2,20.9465,224.529,51.0431,41.5886,70.4275
881,3,22.8776,105.283,83.7629,46.6491,72.6016
881,4,35.3833,18.3237,8.27202,5.69919,94.6528
881,5,41.0219,18.236,73.3692,14.6057,5037.08
881,6,43.264,28.9021,4.50641,3.89855,70.3482
882,1,12.4725,138.445,348.313,99.068,92.0324
882,2,21.6704,229.502,47.5873,39.4147,89.6877
882,3,22.2881,90.5331,102.193,48.0051,53.4741
882,4,33.4676,22.6949,11.4296,7.60138,49.6405
882,5,41.0905,22.9626,102.555,18.7618,236.946
882,6,44.0536,20.2986,3.32701,2.8585,83.779
883,1,11.2564,147.996,305.594,99.7085,71.9219
883,2,21.4896,61.1124,242.805,48.8237,85.1479
883,3,22.3908,211.032,42.5583,35.416,72.4642
883,4,31.4547,25.1457,15.084,9.4283,85.7417
883,5,41.1439,27.8732,111.328,22.2919,1251.86
883,6,44.6483,20.2401,6.87422,5.13142,416.715
884,1,9.98858,157.707,375.125,111.029,85.6983
884,2,20.477,57.7989,299.891,48.4592,95.8542
884,3,23.0733,239.432,45.1471,37.9847,103.262
884,4,29.3786,23.1043,20.2575,10.7937,73.6331
884,5,41.1981,31.2328,115.692,24.5935,986.463
884,6,45.0347,17.9819,4.96919,3.8933,182.961
885,1,8.70759,167.112,502.43,125.402,137.353
885,2,19.2511,52.5898,861.616,49.5645,80.4088
885,3,23.7014,160.493,45.8173,35.6422,22.7482
885,4,27.2648,26.6363,28.1043,13.6753,80.0931
885,5,41.2567,34.4322,85.6109,24.5559,3777.37
885,6,45.2243,12.4915,3.19346,2.54327,29.1006
886,1,7.44708,164.174,901.185,138.874,141.865
886,2,17.8233,53.1424,1386.59,51.1808,89.9229
886,3,24.2666,116.388,47.3436,33.654,84.563
886,4,25.1307,20.3527,58.6732,15.111,127.569
886,5,41.3209,38.9937,82.0225,26.4292,3985.56
886,6,45.2415,14.9608,138.736,13.5045,3002.84
887,1,6.2389,151.663,1800.23,139.878,91.4452
887,2,16.2209,54.6731,2899.91,53.6614,39.0348
887,3,22.9872,18.0095,97.4298,15.1999,71.881
887,4,24.7647,58.0593,44.9936,25.3491,93.8753
887,5,41.3914,40.6223,67.2741,25.3283,3108.48
887,6,45.1178,21.3838,1339.86,21.0479,199.355
888,1,5.1138,126.493,2474.39,120.341,107.786
888,2,14.4908,57.1107,3913.65,56.2893,98.7762
888,3,20.8433,18.5013,880.431,18.1205,110.136
888,4,25.1939,65.3193,54.3222,29.6577,107.335
888,5,41.4689,35.9593,73.8686,24.1857,818.61
888,6,44.8891,27.2752,8881.56,27.1917,224.269
889,1,4.10112,159.148,21582.7,157.984,100.654
889,2,12.7035,63.468,8076.87,62.9732,342.052
889,3,18.7141,22.8436,3196.05,22.6815,209.939
889,4,25.554,56.162,63.3498,29.7699,169.108
889,5,41.554,33.6925,41.0836,18.5114,369.945
889,6,44.5923,22.6545,20028.9,22.6289,229.08
890,1,3.22798,191.465,143648,191.21,551.636
890,2,10.959,73.9883,11488.2,73.5148,908.421
890,3,16.6321,26.1676,5767.88,26.0494,123.951
890,4,25.8457,52.1263,95.2259,33.6865,349.322
890,5,41.6469,28.2702,20.6835,11.9445,436.512
890,6,44.2641,23.4828,36219.3,23.4676,285.043
891,1,2.51861,231.569,407050,231.438,929.703
891,2,9.39662,84.7968,10197.8,84.0975,186.8
891,3,14.6622,29.0121,6345.31,28.88,72.6061
891,4,26.0703,47.4915,109.284,33.1051,265.781
891,5,41.7466,20.0335,312.543,18.8267,363.066
891,6,43.9395,22.9934,34476.6,22.978,548.645
892,1,1.99398,298.531,1.03328e+06,298.444,3219.74
892,2,8.1936,90.0113,15013.6,89.4748,428.906
892,3,12.9259,32.3518,9808.88,32.2454,97.9252
892,4,26.2293,44.4148,134.779,33.4062,193.896
892,5,41.8491,21.7667,16662.2,21.7383,653.551
892,6,43.6521,21.4578,16321.5,21.4296,10.2712
893,1,1.672,376.401,2.13682e+06,376.335,1295.32
893,2,7.49845,89.3265,13907.9,88.7565,136.933
893,3,11.6437,34.9264,17263.5,34.8559,68.5488
893,4,26.3239,39.7791,140.643,31.0087,868.996
893,5,41.9431,23.4391,535.297,22.4558,520.504
893,6,43.4363,26.1865,13912,26.1373,204.523
894,1,1.56611,418.277,2.59413e+06,418.21,335.806
894,2,7.29657,88.4701,11667.7,87.8043,180.448
894,3,11.145,34.8617,21706.7,34.8058,127.585
894,4,26.3551,38.1767,157.326,30.7217,490.227
894,5,42.0055,23.1948,1431.7,22.825,95.3127
894,6,43.3303,24.7492,9195.84,24.6827,203.56
895,1,1.68063,378.369,2.2162e+06,378.305,3512.28
895,2,7.50419,89.4333,13561.5,88.8474,367.199
895,3,11.6327,35.0346,16634.5,34.961,471.223
895,4,26.3231,40.4472,122.123,30.384,461.848
895,5,42.0114,24.2051,612.289,23.2846,236.062
895,6,43.3641,25.7535,10441.9,25.6902,37.9166
896,1,1.24456,634.492,6.10042e+06,634.426,4376.28
896,2,6.23007,101.182,17788,100.61,369.869
896,3,9.75872,39.5764,22389.6,39.5065,293.069
896,4,26.4483,39.032,276.72,34.207,2072.11
896,5,42.1438,26.4419,1363.2,25.9387,826.818
896,6,43.0528,23.0082,7312.33,22.936,190.515
897,1,1.68768,381.653,2.21774e+06,381.587,3592.81
897,2,7.5051,89.4972,13605.8,88.9123,494.039
897,3,11.6256,35.2036,16800.5,35.13,515.751
897,4,26.3224,39.2841,152.249,31.2268,4929.91
897,5,42.0785,23.806,964.471,23.2326,1150.3
897,6,43.2936,24.938,8843.39,24.8679,507.833
898,1,2.32687,257.17,671361,257.071,7608.49
898,2,9.14196,79.2269,15351.2,78.8201,9487.71
898,3,13.8473,31.3952,9225.01,31.2887,986.099
898,4,26.1319,43.6841,125.707,32.4185,4617.92
898,5,41.9708,22.3356,81.4837,17.5303,688.953
898,6,43.6364,25.7035,14004.4,25.6564,263.35
899,1,3.14454,202.816,180358,202.588,0
899,2,10.9223,68.6983,15610.6,68.3973,0
899,3,16.2358,27.7785,6591.78,27.662,0
899,4,25.8751,55.6556,92.476,34.7448,0
899,5,41.8355,28.8697,22.3577,12.5999,0
899,6,44.0354,24.0086,24592.4,23.9852,0
900,1,4.11889,159.573,20996.8,158.369,1351.12
900,2,12.7111,63.4564,7912.97,62.9516,7389.29
900,3,18.6903,22.8406,3193.89,22.6785,512.69
900,4,25.55,55.8152,61.9563,29.3628,1776.25
900,5,41.6829,33.1367,46.8626,19.4111,3147.1
900,6,44.4444,22.215,21346.3,22.1919,8482.92
901,1,5.22398,149.222,2438.99,140.619,1450.89
901,2,14.4276,60.7151,3508.45,59.6823,1525.1
901,3,21.1535,19.4825,751.79,18.9904,355.493
901,4,25.1552,59.9541,48.1816,26.7135,231.899
901,5,41.5212,34.7418,39.1718,18.412,666.136
901,6,44.8163,26.764,2097.35,26.4268,771.655
902,1,6.43073,152.799,1317.21,136.916,336.57
902,2,16.0211,59.583,1770.54,57.6432,2214.73
902,3,23.5917,22.1547,40.3206,14.2983,93.0934
902,4,24.6898,102.883,45.3926,31.4963,404.674
902,5,41.3578,35.6425,72.1688,23.8591,354.601
902,6,45.1041,14.7196,355.47,14.1343,684.975
903,1,7.70795,164.584,755.245,135.135,85.9968
903,2,17.4575,61.6882,915.04,57.7921,752.716
903,3,24.1543,136.906,43.4488,32.9817,98.0548
903,4,25.9843,22.2046,41.6063,14.4779,64.6742
903,5,41.1994,30.1814,161.23,25.4224,217.145
903,6,45.2636,13.9356,39.6288,10.31,307.666
904,1,9.02304,164.528,501.532,123.887,142.06
904,2,18.715,62.469,745.901,57.6415,372.128
904,3,23.5513,222.806,43.6845,36.5235,180.312
904,4,28.3173,22.6187,25.1397,11.9063,115.903
904,5,41.0515,28.13,96.1871,21.7649,102.097
904,6,45.2552,15.1926,4.02855,3.18421,84.2649
905,1,10.3418,149.387,382.86,107.458,184.849
905,2,19.7806,67.2018,419.347,57.9199,236.525
905,3,22.8869,233.342,39.8619,34.0458,259.916
905,4,30.577,23.6624,15.1836,9.24883,56.8806
905,5,40.9181,26.5465,100.648,21.006,111.776
905,6,45.0474,19.9804,7.18915,5.28688,1116.44
906,1,11.6268,143.608,317.094,98.8429,104.461
906,2,20.6488,72.3158,357.656,60.1532,324.141
906,3,22.1735,220.689,44.8519,37.2761,64.5732
906,4,32.7473,20.5996,13.8115,8.26802,58.6301
906,5,40.7999,24.0897,95.3085,19.2293,236.576
906,6,44.6196,24.0588,8.26064,6.14927,10551
907,1,12.8315,132.021,360.844,96.6574,290.019
907,2,21.3192,82.5284,271.35,63.2818,378.425
907,3,21.4361,150.352,48.0644,36.4213,221.721
907,4,34.8058,18.8739,10.6219,6.79678,43.9724
907,5,40.6928,19.4782,92.4551,16.0887,256.548
907,6,43.9672,22.6797,6.62466,5.12706,299.372
908,1,13.8855,134.62,330.388,95.6473,153.971
908,2,20.7282,178.085,53.9529,41.4079,116.605
908,3,21.7945,106.745,191.947,68.5971,158.648
908,4,36.7206,18.552,8.52102,5.8391,54.8569
908,5,40.578,21.2938,68.048,16.2186,423.63
908,6,43.1152,19.6185,3.43534,2.92343,112.384
909,1,14.6626,146.31,203.465,85.109,258.58
909,2,20.1635,155.546,60.2984,43.4534,504.667
909,3,22.0783,135.511,165.65,74.5363,54.3574
909,4,38.4325,20.4988,8.31011,5.913,69.4039
909,5,40.3749,18.2809,40.392,12.5851,2947.29
909,6,42.1841,8.21539,6.38513,3.59277,345.594
910,1,14.9625,99.239,598.38,85.1219,2947.67
910,2,19.935,59.8871,197.506,45.9533,1766.48
910,3,22.1734,84.7149,946.807,77.7576,186.05
910,4,39.5004,11.2634,57.6406,9.42226,2884.46
910,5,40.0345,5.47124,38.8917,4.79648,219.142
910,6,41.6517,3.62605,52.2504,3.39074,2897.84
912,1,14.6584,146.584,195.47,83.7668,112.94
912,2,20.1669,143.791,59.7889,42.2297,117.668
912,3,22.0809,138.285,165.257,75.2862,127.65
912,4,38.3236,21.8185,8.60394,6.17062,97.0255
912,5,40.5394,18.9657,60.6444,14.4474,3485.93
912,6,42.1322,7.57699,5.82582,3.2935,156.121
913,1,13.8785,134.16,322.389,94.7364,243.548
913,2,20.7335,181.714,55.6874,42.6248,96.4555
913,3,21.7994,104.873,198.228,68.5867,69.7439
913,4,36.646,19.325,8.57149,5.93781,68.5814
913,5,40.6727,19.7543,75.1896,15.6442,424.622
913,6,43.1025,20.1433,3.36703,2.88482,51.5813
914,1,12.8229,131.091,348.177,95.2348,141.885
914,2,21.3257,83.6255,277.283,64.2488,136.479
914,3,21.442,160.006,46.6557,36.1228,41.4102
914,4,34.7536,19.2903,10.758,6.90639,216.863
914,5,40.7402,18.7213,109.496,15.9877,940.161
914,6,43.9834,22.2735,6.67972,5.13866,38.8739
915,1,11.6173,143.28,312.512,98.2394,38.5108
915,2,20.6559,71.6824,405.026,60.9036,119.724
915,3,22.1794,156.215,44.465,34.6128,79.3477
915,4,32.7117,20.9167,14.0068,8.38906,117.99
915,5,40.8145,23.679,117.213,19.6993,912.659
915,6,44.656,23.3706,8.10159,6.01607,11.9152
916,1,10.3315,148.053,386.778,107.069,172.366
916,2,19.7873,66.4187,411.035,57.1792,309.854
916,3,22.8927,257.688,41.1509,35.4843,65.6825
916,4,30.555,23.8958,14.9441,9.19419,32.1473
916,5,40.9069,26.4146,124.586,21.7939,222.173
916,6,45.1002,20.2103,7.07263,5.23917,905.01
917,1,9.01201,163.435,503.441,123.381,173.572
917,2,18.7202,62.188,807.434,57.7408,146.61
917,3,23.5567,235.294,45.0033,37.7778,146.163
917,4,28.3068,22.9805,25.3233,12.0475,37.0334
917,5,41.0183,28.0875,114.58,22.5578,982.901
917,6,45.3226,15.6958,3.57695,2.91308,27.3992
918,1,7.69623,162.724,758.178,133.971,216.535
918,2,17.4607,61.3556,1067.13,58.0198,255.394
918,3,24.1592,122.73,43.6616,32.2047,142.989
918,4,25.9836,22.5361,41.1984,14.5675,82.5144
918,5,41.1463,29.4558,161.447,24.9108,636.999
918,6,45.3449,14.545,52.363,11.3831,8925.59
919,1,6.41826,150.873,1337.61,135.58,114.072
919,2,16.0218,59.5967,1899.49,57.7838,455.283
919,3,23.5989,22.2594,40.2486,14.3327,57.248
919,4,24.6942,95.652,44.7255,30.4756,38.9201
919,5,41.2861,34.5681,88.0761,24.8248,12541.2
919,6,45.1992,16.2293,493.881,15.7129,2189.57
920,1,5.21066,148.618,2457.98,140.144,239.315
920,2,14.4259,60.623,3775.27,59.6649,300.154
920,3,21.1668,19.5667,812.896,19.1068,88.1395
920,4,25.159,63.5679,50.464,28.1315,127.461
920,5,41.4318,33.8206,68.133,22.6014,461.4
920,6,44.9251,25.2075,3253.15,25.0136,172.792
921,1,4.10462,158.873,21663,157.717,131.683
921,2,12.7073,63.3799,8356.09,62.9028,689.425
921,3,18.7076,22.8863,3284.94,22.728,108.061
921,4,25.5533,56.1261,62.016,29.4621,371.412
921,5,41.5766,33.8037,41.5666,18.6427,7255.8
921,6,44.5668,22.661,19044.6,22.6341,54.2752
922,1,3.1293,201.079,185547,200.861,562.709
922,2,10.9171,68.7626,16341.3,68.4745,168.862
922,3,16.2552,27.6982,6779.1,27.5855,83.59
922,4,25.8778,53.1814,94.4717,34.0266,1020.15
922,5,41.7136,28.4002,33.5204,15.3743,337.2
922,6,44.1704,25.4198,35902,25.4018,70.8013
923,1,2.3109,254.237,676978,254.141,554.31
923,2,9.1358,79.2193,16480.7,78.8404,199.382
923,3,13.867,31.2656,9470.63,31.1628,170.103
923,4,26.134,43.6007,127.173,32.4689,323.135
923,5,41.8369,20.3764,61.1874,15.2859,249.975
923,6,43.7804,25.3759,22909.8,25.3479,759.132
924,1,1.672,376.401,2.13682e+06,376.335,1027.16
924,2,7.49845,89.3265,13907.9,88.7565,172.558
924,3,11.6437,34.9264,17263.5,34.8559,32.1176
924,4,26.3239,39.7791,140.643,31.0087,735.936
924,5,41.9431,23.4391,535.297,22.4558,861.678
924,6,43.4363,26.1865,13912,26.1373,38.1357
925,1,1.23183,626.1,5.40502e+06,626.027,699.088
925,2,6.22375,100.816,18685.4,100.275,347.046
925,3,9.7728,39.29,23134,39.2233,252.296
925,4,26.4492,38.3765,272.957,33.646,1417.06
925,5,42.0321,23.9373,1192.74,23.4664,636.892
925,6,43.1689,24.4644,10271.6,24.4062,115.192
926,1,1.00795,729.026,1.03073e+07,728.974,2048.84
926,2,5.55593,99.5677,14382.9,98.8831,251.718
926,3,8.60704,41.6615,24961.2,41.592,106.108
926,4,26.5113,33.6626,656.06,32.0196,407.213
926,5,42.1049,24.8607,4082.8,24.7102,1092
926,6,43.0002,27.2527,8074.04,27.161,38.5896
927,1,1.01315,734.833,1.04764e+07,734.781,1535.53
927,2,5.55903,99.1672,15172.1,98.5232,84.8366
927,3,8.60121,41.7798,24252.1,41.708,134.616
927,4,26.511,33.6725,706.985,32.1417,1287.21
927,5,42.1505,25.3399,4729.56,25.2049,903.125
927,6,42.953,27.6608,6442.05,27.5426,161.908
928,1,0.667555,1523.96,3.77621e+07,1523.9,9603.03
928,2,4.19096,113.793,72356.1,113.614,367.293
928,3,6.54345,46.9704,22253.1,46.8715,262.559
928,4,26.6038,35.8677,674.102,34.0557,1141.3
928,5,42.2766,24.3798,7626.53,24.3021,262.217
928,6,42.6743,29.1116,5827.86,28.9669,429.382
929,1,1.02144,746.172,1.07385e+07,746.12,9331.73
929,2,5.56037,99.3814,13577.2,98.6593,1626.79
929,3,8.59384,42.0136,26010.9,41.9459,536.941
929,4,26.5105,36.056,696.753,34.282,3467.94
929,5,42.2427,26.0745,4809.13,25.9339,32505.5
929,6,42.8584,26.8554,5210.87,26.7177,1320.73
930,1,1.57922,425.557,2.63265e+06,425.488,0
930,2,7.30027,88.5594,11798.3,87.8996,0
930,3,11.1309,35.0995,21313,35.0418,0
930,4,26.3539,39.4135,170.708,32.0206,0
930,5,42.1298,22.8888,2039.79,22.6349,0
930,6,43.2001,24.0263,7129.45,23.9456,0
931,1,2.32687,257.17,671361,257.071,7331.8
931,2,9.14196,79.2269,15351.2,78.8201,987.628
931,3,13.8473,31.3952,9225.01,31.2887,780.741
931,4,26.1319,43.6841,125.707,32.4185,5229.24
931,5,41.9708,22.3356,81.4837,17.5303,618.396
931,6,43.6364,25.7035,14004.4,25.6564,209.196
932,1,3.24599,193.663,141522,193.398,927.383
932,2,10.9671,74.0393,11809.9,73.578,3916.34
932,3,16.6081,26.2635,5752.07,26.1442,470.237
932,4,25.8425,56.4257,90.6378,34.7761,1331.1
932,5,41.7815,26.2475,25.7688,13.003,550.802
932,6,44.1144,21.9125,24159.5,21.8927,1220.58
933,1,4.3126,150.962,6495.27,147.533,796.706
933,2,12.7149,70.3987,4586.52,69.3345,2088
933,3,19.3459,22.0402,2428.89,21.842,217.419
933,4,25.4836,61.7173,59.3854,30.2645,695.241
933,5,41.5735,28.4059,31.4072,14.9156,746.103
933,6,44.5821,19.3231,5900.01,19.2601,57.8872
934,1,5.49859,153.78,2274.07,144.04,776.62
934,2,14.3464,68.8314,2477.66,66.9709,38641
934,3,22.0244,18.2855,356.021,17.3922,98.4832
934,4,25.0534,81.9194,45.2726,29.1583,147.431
934,5,41.3579,29.399,45.7444,17.897,22.217
934,6,44.9873,21.1397,1018.91,20.71,530.536
935,1,6.77302,143.621,1070.6,126.633,386.615
935,2,15.8337,69.3949,1510.96,66.3477,4760.67
935,3,24.5515,117.025,42.073,30.947,164.619
935,4,24.6233,19.5898,97.972,16.3255,58.5927
935,5,41.1454,29.9199,58.8165,19.8316,291.029
935,6,45.2799,14.6774,125.463,13.1402,322.38
936,1,8.1031,160.148,617.015,127.146,369.792
936,2,17.1559,72.7513,956.301,67.608,1074
936,3,23.979,188.637,41.3449,33.9121,143.619
936,4,27.1308,24.4659,28.4155,13.1466,95.7155
936,5,40.9456,22.9532,84.3478,18.0432,336.365
936,6,45.4146,12.6308,18.0994,7.43926,572.325
937,1,9.45456,147.901,504.037,114.348,175.264
937,2,18.2981,73.344,675.865,66.164,1211.12
937,3,23.3398,235.719,41.114,35.0079,439.718
937,4,29.5385,23.5282,17.0848,9.89768,45.5575
937,5,40.7663,24.6336,52.6151,16.7783,1241.92
937,6,45.3536,18.0776,3.37114,2.84129,234.239
938,1,10.7908,146.93,402.985,107.672,283.347
938,2,19.2511,79.1652,479.028,67.9376,314.619
938,3,22.6428,222.98,43.2953,36.2557,176.467
938,4,31.8369,21.6031,15.4248,8.99925,29.4256
938,5,40.6127,25.4548,27.4018,13.1962,206.869
938,6,45.0689,22.5682,5.99768,4.73841,2553.99
939,1,12.0693,139.223,297.789,94.8696,83.373
939,2,20.0107,98.4153,481.728,81.7202,134.061
939,3,21.9061,191.707,45.7683,36.9474,55.7837
939,4,34.0123,18.1868,11.495,7.04329,81.7576
939,5,40.4863,21.8851,13.3471,8.29079,121.048
939,6,44.5453,25.6968,8.45363,6.36101,178.701
940,1,13.2324,130.919,312.194,92.2387,157.375
940,2,20.5769,130.599,348.6,95.0061,160.891
940,3,21.1674,191.022,51.0631,40.2923,92.4543
940,4,36.0427,18.1902,9.41855,6.20547,21.2484
940,5,40.3836,20.1185,19.2482,9.83687,564.435
940,6,43.7845,25.585,7.39967,5.73965,79.7119
941,1,14.1842,134.785,254.682,88.1391,427.485
941,2,20.5071,156.161,57.9272,42.2535,114.262
941,3,20.9522,165.232,299.007,106.423,281.814
941,4,37.8889,18.8467,8.75657,5.97872,77.3779
941,5,40.2895,29.7566,26.6525,14.0596,334.271
941,6,42.8222,17.0809,2.58067,2.24195,79.3708
942,1,14.7568,173.862,189.832,90.7482,2234.53
942,2,20.0827,131.734,62.9185,42.5811,1851.75
942,3,21.1393,205.963,259.468,114.82,323.896
942,4,39.4235,23.064,9.37341,6.66478,45.3391
942,5,40.131,11.571,34.5645,8.66894,2417.32
942,6,41.8453,5.65879,5.11655,2.68701,156.693
943,1,14.7553,173.84,190.038,90.7894,192.544
943,2,20.0839,132.078,64.5946,43.3793,131.286
943,3,21.1403,208.899,258.998,115.633,98.3254
943,4,39.297,26.7103,10.0483,7.3015,211.402
943,5,40.2954,11.697,30.6969,8.46965,10273.5
943,6,41.8086,5.24206,4.90489,2.53394,79.0766
944,1,14.1804,134.002,256.172,87.9802,78.5432
944,2,20.51,151.816,58.2104,42.077,77.1021
944,3,20.9549,167.194,304.475,107.928,90.3417
944,4,37.8144,20.4044,9.01946,6.25468,243.453
944,5,40.3856,26.6865,17.243,10.4749,601.26
944,6,42.8044,17.2186,2.50381,2.18594,19.5808
945,1,13.2272,130.83,315.886,92.5136,106.612
945,2,20.5811,132.007,365.781,97.0002,120.147
945,3,21.1711,185.415,48.5385,38.4682,58.9424
945,4,35.9949,18.6771,10.2938,6.63627,77.3186
945,5,40.4344,17.2944,13.5397,7.59421,119.136
945,6,43.7878,25.046,7.35359,5.68458,23.1445
946,1,12.0632,138.712,294.53,94.3001,125.745
946,2,20.0157,99.2193,506.829,82.9756,97.9382
946,3,21.9101,155.711,43.8051,34.1874,62.1722
946,4,33.9803,18.4223,11.6398,7.13298,52.0028
946,5,40.5096,20.2511,6.5201,4.93214,107.066
946,6,44.563,25.5021,8.39115,6.3137,160.132
947,1,10.7841,146.222,402.881,107.284,168.426
947,2,19.2563,83.5024,460.477,70.6846,61.9133
947,3,22.6467,241.639,43.7932,37.0741,121.826
947,4,31.8162,22.2227,15.5158,9.13663,70.9181
947,5,40.616,23.9059,28.7924,13.0613,1026.26
947,6,45.098,22.4401,5.84058,4.63438,169.235
948,1,9.44737,148.876,505.056,114.982,83.5106
948,2,18.303,72.816,726.985,66.1867,161.229
948,3,23.3435,233.137,41.0327,34.8917,64.3764
948,4,29.5267,23.6581,17.342,10.0068,53.6143
948,5,40.7533,24.4267,59.0741,17.2811,962.577
948,6,45.3927,17.5884,3.51848,2.93195,77.561
949,1,8.0954,160.677,619.668,127.593,95.3734
949,2,17.1599,72.6407,1018.79,67.8061,168.305
949,3,23.9824,186.815,41.9031,34.2261,67.639
949,4,27.1264,24.7003,28.5781,13.249,113.326
949,5,40.918,22.8451,99.7924,18.5895,499.812
949,6,45.4635,12.8893,23.454,8.31807,476.805
950,1,6.76476,142.718,1075.07,125.992,197.458
950,2,15.8363,68.9992,1613.28,66.1692,299.041
950,3,24.5546,108.855,42.1706,30.3954,76.2304
950,4,24.6248,19.6974,97.2035,16.3785,241.841
950,5,41.1041,28.8341,70.0994,20.4304,10569.9
950,6,45.3387,15.1311,143.868,13.6912,6202.13
951,1,5.48967,153.27,2294.77,143.674,77.0005
951,2,14.3475,68.8332,2591.61,67.0523,624.509
951,3,22.0307,18.3523,355.874,17.4523,98.3718
951,4,25.0561,65.893,43.6186,26.2453,117.126
951,5,41.3029,28.4396,58.0499,19.0881,341.383
951,6,45.0567,18.2836,1284.39,18.027,2409.69
952,1,4.30288,150.864,6602.14,147.494,359.595
952,2,12.7145,70.2811,4865.75,69.2804,200.246
952,3,19.3558,22.0762,2568.3,21.8881,220.574
952,4,25.4859,60.4787,59.5296,30.0002,164.467
952,5,41.5041,28.7967,39.3447,16.6271,275.122
952,6,44.6634,22.5029,8459.76,22.4432,127.284
953,1,3.23527,192.081,144010,191.825,427.158
953,2,10.9654,73.9295,12188.9,73.4838,331.915
953,3,16.6204,26.2714,6005.31,26.157,131.67
953,4,25.8445,50.4086,94.1159,32.8266,629.82
953,5,41.696,28.417,24.9349,13.2812,133.524
953,6,44.2096,22.9009,26994.8,22.8815,50.4912
954,1,2.31497,254.874,672094,254.778,927.504
954,2,9.13917,79.2291,17036.6,78.8624,281.061
954,3,13.861,31.2746,9568.83,31.1727,319.449
954,4,26.1335,43.9147,126.166,32.576,319.495
954,5,41.8669,21.6095,56.7392,15.6493,211.142
954,6,43.7481,24.9794,18158.2,24.9451,148.346
955,1,1.56611,418.277,2.59413e+06,418.21,2163.27
955,2,7.29657,88.4701,11667.7,87.8043,469.604
955,3,11.145,34.8617,21706.7,34.8058,53.9331
955,4,26.3551,38.1767,157.326,30.7217,687.303
955,5,42.0055,23.1948,1431.7,22.825,118.658
955,6,43.3303,24.7492,9195.84,24.6827,25.2048
956,1,1.00795,729.026,1.03073e+07,728.974,2703.5
956,2,5.55593,99.5677,14382.9,98.8831,316.382
956,3,8.60704,41.6615,24961.2,41.592,338.439
956,4,26.5113,33.6626,656.06,32.0196,326.533
956,5,42.1049,24.8607,4082.8,24.7102,238.106
956,6,43.0002,27.2527,8074.04,27.161,384.294
957,1,0.657254,1488.52,3.8608e+07,1488.46,5632.12
957,2,4.18661,113.414,92744.8,113.275,71.7439
957,3,6.55308,46.5619,21106.8,46.4594,149.442
957,4,26.6042,33.9215,764.652,32.4806,1426.85
957,5,42.1707,23.9732,5298.95,23.8653,201.689
957,6,42.7823,29.4209,7626.79,29.3079,97.3044
958,1,0.538404,1787.17,4.41872e+07,1787.1,14735.8
958,2,3.6525,114.076,67206.4,113.883,305.905
958,3,5.66671,49.3316,8697.6,49.0533,184.292
958,4,26.6348,36.4248,690.661,34.6001,627.971
958,5,42.2286,25.571,9207.75,25.5002,110.043
958,6,42.6706,26.6246,6797.29,26.5208,254.515
959,1,0.271136,12835,3.85672e+11,12835,9768.72
959,2,2.10676,155.78,432713,155.724,2440.7
959,3,3.28309,61.2723,252837,61.2575,368.18
959,4,26.6961,33.2624,1350.58,32.4629,3184.13
959,5,42.3228,26.6808,24998.1,26.6523,1372.4
959,6,42.4662,26.8471,16147.1,26.8025,1037.51
960,1,0.547688,1823.06,4.63169e+07,1822.99,0
960,2,3.65438,114.27,74208.4,114.094,0
960,3,5.65947,49.9565,6031.15,49.5461,0
960,4,26.6345,38.1016,693.423,36.1171,0
960,5,42.3599,26.166,9807.96,26.0963,0
960,6,42.5378,26.2167,5472.01,26.0917,0
961,1,1.02144,746.172,1.07385e+07,746.12,4763.39
961,2,5.56037,99.3814,13577.2,98.6593,605.875
961,3,8.59384,42.0136,26010.9,41.9459,548.739
961,4,26.5105,36.056,696.753,34.282,5091.32
961,5,42.2427,26.0745,4809.13,25.9339,1443.64
961,6,42.8584,26.8554,5210.87,26.7177,2446.46
962,1,1.68768,381.653,2.21774e+06,381.587,5495.97
962,2,7.5051,89.4972,13605.8,88.9123,728.177
962,3,11.6256,35.2036,16800.5,35.13,1146.33
962,4,26.3224,39.2841,152.249,31.2268,1100.9
962,5,42.0785,23.806,964.471,23.2326,440.052
962,6,43.2936,24.938,8843.39,24.8679,183.492
963,1,2.53586,233.871,412480,233.739,4581
963,2,9.40503,84.9881,9988.25,84.271,1690.87
963,3,14.64,29.1116,6274.71,28.9771,291.163
963,4,26.0679,45.9149,107.888,32.2079,486.084
963,5,41.8777,20.218,386.148,19.2121,259.043
963,6,43.797,21.6356,19290.7,21.6113,28.6761
964,1,3.54577,177.756,65117.4,177.272,953.175
964,2,11.2193,79.5735,5103.96,78.3519,464.863
964,3,17.5899,24.4566,4270.77,24.3173,183.777
964,4,25.7447,60.3693,90.1326,36.154,1025.87
964,5,41.6504,19.3763,87.1045,15.8504,72.2912
964,6,44.3176,20.0539,6783.47,19.9948,64.8728
965,1,4.69126,167.698,3430.3,159.882,499.132
965,2,12.9191,75.9286,2810.03,73.931,442.149
965,3,20.4503,20.324,822.016,19.8337,944.105
965,4,25.3506,57.1953,50.7201,26.8817,73.0006
965,5,41.4083,22.9907,22.9001,11.4727,411.986
965,6,44.801,33.4399,3203.42,33.0944,1200.56
966,1,5.94235,154.771,1611.5,141.209,322.978
966,2,14.4808,77.1847,1590.86,73.6131,1199.17
966,3,23.207,24.057,22.1774,11.5395,52.0375
966,4,24.8842,97.6889,42.7442,29.734,162.876
966,5,41.1641,24.5615,32.181,13.9298,208.728
966,6,45.1936,14.6459,432.257,14.1659,206.981
967,1,7.26669,133.58,811.358,114.696,279.758
967,2,15.8849,78.0775,1446.73,74.0796,853.66
967,3,24.3455,162.289,41.4666,33.0276,133.943
967,4,25.8522,18.7124,72.1637,14.8593,61.0969
967,5,40.9297,30.7401,20.4234,12.2708,316.288
967,6,45.4455,14.0375,61.0925,11.4147,709.708
968,1,8.63022,141.227,580.765,113.602,246.666
968,2,17.1158,85.0894,1042.08,78.6661,1764.85
968,3,23.7368,193.473,38.079,31.8169,44.4137
968,4,28.381,23.4237,21.3217,11.1617,14.6185
968,5,40.7159,24.8936,21.61,11.5679,2168.13
968,6,45.5135,11.6343,2.38419,1.9787,161.552
969,1,9.9971,143.356,542.018,113.371,148.579
969,2,18.162,97.5463,969.272,88.627,4065.33
969,3,23.064,257.105,42.1809,36.236,49.9047
969,4,30.7884,23.7029,18.5806,10.4157,27.6003
969,5,40.5308,26.3463,27.8597,13.5409,2541.27
969,6,45.3635,17.9781,5.90378,4.44432,1862.35
970,1,11.3277,139.838,378.315,102.099,111.471
970,2,19.0171,122.33,563.51,100.511,7541.52
970,3,22.34,181.553,43.5939,35.1531,79.5719
970,4,33.0663,20.1841,13.0718,7.93369,53.3188
970,5,40.379,25.0845,29.4909,13.5549,1315.35
970,6,44.973,23.1559,7.55362,5.69566,299.564
971,1,12.5727,133.054,257.206,87.691,161.868
971,2,19.6787,159.774,521.551,122.306,1312.57
971,3,21.5913,140.518,43.54,33.2403,113.755
971,4,35.2004,16.2887,8.9685,5.7839,35.9727
971,5,40.2614,25.8904,46.307,16.6059,572.812
971,6,44.333,28.0779,7.91231,6.17282,58.4636
972,1,13.6579,125.375,276.509,86.2618,293.038
972,2,20.1482,206.758,481.556,144.651,420.308
972,3,20.8739,164.357,57.9997,42.8711,98.4092
972,4,37.165,16.736,8.79379,5.76475,114.911
972,5,40.1751,30.9496,51.2011,19.2896,2153.81
972,6,43.4533,23.4696,6.29537,4.96388,199.544
973,1,14.4535,150.878,229.322,91.0037,359.352
973,2,20.3043,120.009,60.1264,40.0571,456.059
973,3,20.4282,284.114,408.543,167.576,391.768
973,4,38.8959,19.859,8.63266,6.01706,58.4166
973,5,40.1097,26.73,48.5866,17.2435,1051.02
973,6,42.3935,13.4485,2.11044,1.82418,21.733
974,1,14.7595,108.419,689.797,93.6928,4024.28
974,2,20.0745,54.2257,219.556,43.4857,13.188
974,3,20.5215,192.466,2522.81,178.824,442.161
974,4,39.8473,11.8576,117.757,10.7728,1158.83
974,5,40.1379,12.6091,254.37,12.0136,810.593
974,6,41.6174,1.72694,8.68573,1.44052,11460.9
976,1,14.4521,150.885,230.162,91.1384,318.705
976,2,20.3054,112.402,61.4115,39.7137,128.383
976,3,20.4292,283.733,406.408,167.084,204.942
976,4,38.8323,19.7006,9.05543,6.20383,72.3996
976,5,40.1891,27.7491,39.9661,16.3778,579.732
976,6,42.379,13.6588,2.07398,1.80058,21.7236
977,1,13.6556,126.038,274.266,86.354,250.03
977,2,20.15,207.951,490.489,146.037,120.383
977,3,20.8756,161.153,56.6661,41.9243,107.464
977,4,37.1315,16.963,8.90732,5.84047,41.0037
977,5,40.2137,28.9818,42.5105,17.2331,615.901
977,6,43.4508,23.5202,6.29234,4.96426,65.0803
978,1,12.5699,135.771,268.281,90.1487,145.553
978,2,19.6812,160.162,522.228,122.571,237.31
978,3,21.5933,156.716,44.4211,34.6107,176.036
978,4,35.1793,16.7715,9.01778,5.86453,139.366
978,5,40.2809,24.6441,39.4484,15.1682,2311.13
978,6,44.3385,28.0483,7.88609,6.15542,76.4605
979,1,11.3245,139.597,379.216,102.036,150.579
979,2,19.0198,122.699,522.439,99.3631,213.369
979,3,22.3419,197.521,44.1322,36.0725,92.976
979,4,33.0525,20.3302,13.1215,7.97456,113.538
979,5,40.3863,23.7256,27.2717,12.6877,2310.35
979,6,44.9846,22.9314,7.49883,5.65091,20.869
980,1,9.99362,144.562,541.827,114.116,77.7141
980,2,18.1648,97.865,962.712,88.8345,403.018
980,3,23.0659,256.246,42.8633,36.7208,119.076
980,4,30.7799,23.8574,18.6099,10.4547,93.9498
980,5,40.5289,24.5466,25.6225,12.5365,1639.9
980,6,45.3803,17.8871,5.74954,4.35098,3411.41
981,1,8.62647,136.783,582.048,110.755,146.053
981,2,17.1183,85.5542,1070.28,79.2215,213.038
981,3,23.7386,194.172,37.9193,31.724,80.7529
981,4,28.3767,23.342,21.7095,11.2481,61.3439
981,5,40.7063,26.1504,17.7973,10.59,3842.89
981,6,45.5352,11.2798,2.40361,1.9814,240.035
982,1,7.26265,130.998,814.23,112.843,62.8543
982,2,15.887,78.1558,1489.96,74.2605,255.88
982,3,24.3471,172.135,41.8309,33.6528,74.9971
982,4,25.8513,18.8084,71.3818,14.8861,229.519
982,5,40.9128,28.93,21.5777,12.3594,8612.45
982,6,45.4721,14.3355,65.5442,11.7628,1667.26
983,1,5.93798,154.482,1608.08,140.942,189.207
983,2,14.4822,76.7051,1642.15,73.2821,126.902
983,3,23.2089,24.0801,22.4571,11.6202,65.3669
983,4,24.8857,94.3863,42.7328,29.4153,144.785
983,5,41.1401,23.7097,37.8018,14.5708,3378.09
983,6,45.2256,14.8982,476.69,14.4466,256.87
984,1,4.68647,167.296,3463.44,159.587,177.671
984,2,12.9198,76.5346,2939.21,74.5923,61.9541
984,3,20.4542,20.2973,786.093,19.7864,275.334
984,4,25.3519,65.4326,50.2075,28.4089,63.9897
984,5,41.3768,22.781,29.9063,12.9309,9.47875
984,6,44.8391,34.2255,3609.8,33.904,831.237
985,1,3.54044,176.957,67533,176.494,725.76
985,2,11.2194,79.6462,5517.48,78.5129,485.153
985,3,17.5953,24.4934,4506.53,24.361,180.028
985,4,25.7458,58.5181,90.119,35.4797,190.764
985,5,41.6102,20.047,69.5512,15.5616,242.905
985,6,44.3632,20.0765,6817.12,20.0176,360.748
986,1,2.52979,232.791,415296,232.661,993.824
986,2,9.40458,84.9064,10128.9,84.2005,167.57
986,3,14.6464,29.0808,6351.47,28.9482,73.1296
986,4,26.0688,47.3462,111.439,33.2287,737.712
986,5,41.8264,20.1713,279.833,18.815,2526.07
986,6,43.8527,22.0333,20992.9,22.0102,175.07
987,1,1.68063,378.369,2.2162e+06,378.305,861.586
987,2,7.50419,89.4333,13561.5,88.8474,230.465
987,3,11.6327,35.0346,16634.5,34.961,413.108
987,4,26.3231,40.4472,122.123,30.384,445.105
987,5,42.0114,24.2051,612.289,23.2846,713.324
987,6,43.3641,25.7535,10441.9,25.6902,68.5167
988,1,1.01315,734.833,1.04764e+07,734.781,493.591
988,2,5.55903,99.1672,15172.1,98.5232,220.481
988,3,8.60121,41.7798,24252.1,41.708,107.363
988,4,26.511,33.6725,706.985,32.1417,1663.47
988,5,42.1505,25.3399,4729.56,25.2049,76.5446
988,6,42.953,27.6608,6442.05,27.5426,296.013
989,1,0.538404,1787.17,4.41872e+07,1787.1,7375.03
989,2,3.6525,114.076,67206.4,113.883,265.808
989,3,5.66671,49.3316,8697.6,49.0533,177.695
989,4,26.6348,36.4248,690.661,34.6001,2010.65
989,5,42.2286,25.571,9207.75,25.5002,1320.95
989,6,42.6706,26.6246,6797.29,26.5208,718.379
990,1,0.264878,12786.7,8.04195e+10,12786.7,33350
990,2,2.10455,154.972,250644,154.876,796.41
990,3,3.28799,60.1068,191627,60.0879,258.01
990,4,26.6962,31.935,1465.72,31.254,17982.3
990,5,42.257,26.5211,0,26.5211,200.807
990,6,42.5325,27.2792,13172.1,27.2228,225.247
