# timestep time_ps T_1 T_2 T_3 T_4 T_5 T_6 T_7 T_8 T_9 T_10 heatflux kappa_int kappa_eff absorbed injected recovered net hs_injected hs_injected_energy_ev
0 0 300.9 300.701 300.503 300.298 300.1 299.9 299.701 299.498 299.3 299.099 -1.50985e+07 -0.754149 -0.754923 0 0 0 0 0 0
1 0.1 300.9 300.701 300.502 300.299 300.1 299.9 299.7 299.5 299.3 299.099 9.54831e+06 0.477114 0.477416 135 124 0 -11 0 0
10 1 300.898 300.701 300.502 300.299 300.101 299.899 299.7 299.5 299.299 299.101 9.2612e+07 4.63173 4.6306 134 124 0 -10 0 0
20 2 300.893 300.701 300.502 300.299 300.099 299.898 299.7 299.5 299.3 299.105 1.71321e+08 8.59021 8.56606 118 106 0 -12 0 0
30 3 300.885 300.701 300.499 300.298 300.099 299.898 299.699 299.5 299.301 299.113 2.4059e+08 12.1254 12.0295 115 95 0 -20 0 0
40 4 300.875 300.699 300.499 300.298 300.097 299.898 299.699 299.501 299.303 299.121 2.99996e+08 15.2091 14.9998 109 113 0 4 0 0
50 5 300.865 300.696 300.499 300.298 300.095 299.899 299.699 299.501 299.306 299.131 3.52788e+08 18.0095 17.6394 102 115 0 13 0 0
60 6 300.856 300.691 300.499 300.297 300.093 299.897 299.7 299.501 299.31 299.142 3.99584e+08 20.5633 19.9792 123 118 0 -5 0 0
70 7 300.847 300.684 300.498 300.296 300.091 299.898 299.702 299.503 299.313 299.153 4.40229e+08 22.8459 22.0115 102 119 0 17 0 0
80 8 300.835 300.678 300.495 300.296 300.096 299.894 299.702 299.506 299.319 299.165 4.79353e+08 25.1317 23.9677 108 120 0 12 0 0
90 9 300.825 300.669 300.491 300.293 300.098 299.897 299.702 299.509 299.325 299.177 5.13773e+08 27.2383 25.6886 106 108 0 2 0 0
100 10 300.815 300.661 300.486 300.293 300.097 299.897 299.703 299.511 299.334 299.186 5.41089e+08 28.9892 27.0545 114 105 0 -9 0 0
110 11 300.803 300.654 300.482 300.291 300.099 299.898 299.703 299.516 299.342 299.195 5.68138e+08 30.7802 28.4069 115 118 0 3 0 0
120 12 300.792 300.644 300.476 300.291 300.101 299.9 299.706 299.516 299.353 299.204 5.92361e+08 32.4851 29.6181 105 116 0 11 0 0
130 13 300.782 300.638 300.468 300.291 300.099 299.904 299.71 299.518 299.361 299.215 6.12585e+08 34.0057 30.6292 119 95 0 -24 0 0
140 14 300.775 300.628 300.459 300.29 300.096 299.906 299.71 299.525 299.371 299.224 6.30586e+08 35.4317 31.5293 114 118 0 4 0 0
150 15 300.766 300.618 300.454 300.285 300.102 299.908 299.712 299.533 299.377 299.232 6.4736e+08 36.811 32.368 115 123 0 8 0 0
160 16 300.756 300.609 300.447 300.282 300.103 299.912 299.71 299.543 299.385 299.242 6.62456e+08 38.1878 33.1228 111 120 0 9 0 0
170 17 300.746 300.601 300.442 300.279 300.101 299.91 299.718 299.547 299.397 299.249 6.75651e+08 39.4592 33.7826 109 113 0 4 0 0
180 18 300.736 300.592 300.44 300.274 300.102 299.905 299.73 299.553 299.404 299.259 6.87799e+08 40.7189 34.39 99 113 0 14 0 0
190 19 300.726 300.584 300.432 300.269 300.1 299.907 299.735 299.562 299.411 299.267 6.98013e+08 41.9101 34.9006 129 107 0 -22 0 0
200 20 300.717 300.578 300.428 300.266 300.093 299.911 299.739 299.569 299.42 299.275 7.05215e+08 42.872 35.2608 123 106 0 -17 0 0
210 21 300.709 300.573 300.423 300.259 300.09 299.915 299.742 299.583 299.424 299.281 7.12237e+08 43.7963 35.6118 122 121 0 -1 0 0
220 22 300.705 300.564 300.418 300.255 300.087 299.916 299.747 299.591 299.43 299.292 7.18864e+08 44.7896 35.9432 113 114 0 1 0 0
230 23 300.701 300.555 300.415 300.249 300.085 299.918 299.751 299.596 299.443 299.299 7.25171e+08 45.7486 36.2585 114 120 0 6 0 0
240 24 300.695 300.546 300.415 300.243 300.081 299.919 299.759 299.603 299.453 299.304 7.27888e+08 46.4692 36.3944 133 117 0 -16 0 0
250 25 300.686 300.541 300.406 300.241 300.08 299.917 299.765 299.608 299.459 299.316 7.33105e+08 47.4587 36.6553 105 109 0 4 0 0
260 26 300.675 300.538 300.4 300.234 300.075 299.924 299.769 299.611 299.473 299.322 7.36995e+08 48.3967 36.8498 110 120 0 10 0 0
270 27 300.668 300.535 300.395 300.231 300.073 299.925 299.772 299.617 299.48 299.33 7.39324e+08 49.1226 36.9662 107 105 0 -2 0 0
280 28 300.661 300.531 300.388 300.225 300.072 299.93 299.77 299.626 299.485 299.338 7.40977e+08 49.8038 37.0488 107 127 0 20 0 0
290 29 300.658 300.522 300.384 300.222 300.069 299.932 299.775 299.633 299.49 299.343 7.40318e+08 50.2752 37.0159 128 98 0 -30 0 0
300 30 300.653 300.514 300.377 300.224 300.069 299.93 299.781 299.637 299.493 299.349 7.42296e+08 50.9282 37.1148 109 108 0 -1 0 0
310 31 300.654 300.506 300.37 300.219 300.069 299.932 299.786 299.643 299.497 299.355 7.41471e+08 51.3497 37.0735 109 116 0 7 0 0
320 32 300.646 300.501 300.363 300.221 300.073 299.927 299.785 299.648 299.504 299.357 7.40609e+08 51.774 37.0305 116 103 0 -13 0 0
330 33 300.641 300.499 300.353 300.218 300.076 299.926 299.786 299.651 299.511 299.364 7.41404e+08 52.3436 37.0702 112 125 0 13 0 0
340 34 300.64 300.489 300.348 300.217 300.077 299.929 299.791 299.651 299.518 299.366 7.39846e+08 52.674 36.9923 113 119 0 6 0 0
350 35 300.636 300.484 300.341 300.218 300.075 299.93 299.791 299.655 299.524 299.37 7.39281e+08 53.0992 36.964 89 112 0 23 0 0
360 36 300.63 300.479 300.341 300.215 300.071 299.934 299.789 299.66 299.529 299.379 7.4105e+08 53.7959 37.0525 109 112 0 3 0 0
370 37 300.623 300.473 300.336 300.211 300.075 299.936 299.793 299.658 299.532 299.386 7.40844e+08 54.3183 37.0422 104 102 0 -2 0 0
380 38 300.618 300.468 300.331 300.21 300.073 299.936 299.798 299.661 299.535 299.392 7.39327e+08 54.7376 36.9663 98 106 0 8 0 0
390 39 300.608 300.465 300.33 300.208 300.073 299.935 299.796 299.67 299.538 299.394 7.38957e+08 55.1824 36.9479 108 118 0 10 0 0
400 40 300.604 300.459 300.333 300.201 300.071 299.935 299.801 299.673 299.538 299.399 7.38278e+08 55.5422 36.9139 108 103 0 -5 0 0
410 41 300.597 300.452 300.331 300.203 300.071 299.937 299.797 299.677 299.542 299.401 7.3731e+08 55.9165 36.8655 96 126 0 30 0 0
420 42 300.595 300.445 300.332 300.198 300.07 299.936 299.8 299.682 299.545 299.401 7.35106e+08 56.0849 36.7553 87 123 0 36 0 0
430 43 300.59 300.445 300.329 300.195 300.067 299.936 299.804 299.683 299.552 299.406 7.3385e+08 56.4633 36.6925 111 107 0 -4 0 0
440 44 300.588 300.444 300.321 300.197 300.065 299.937 299.809 299.68 299.554 299.414 7.31809e+08 56.7231 36.5905 98 110 0 12 0 0
450 45 300.587 300.444 300.315 300.194 300.066 299.936 299.807 299.689 299.554 299.416 7.28865e+08 56.7645 36.4432 92 109 0 17 0 0
460 46 300.582 300.44 300.314 300.192 300.063 299.933 299.815 299.688 299.557 299.421 7.26471e+08 57.0273 36.3236 103 94 0 -9 0 0
470 47 300.574 300.438 300.306 300.192 300.065 299.935 299.814 299.691 299.56 299.428 7.25727e+08 57.5679 36.2864 83 111 0 28 0 0
480 48 300.569 300.434 300.304 300.189 300.062 299.939 299.815 299.691 299.567 299.433 7.23773e+08 57.9504 36.1886 105 92 0 -13 0 0
490 49 300.57 300.424 300.306 300.189 300.059 299.938 299.818 299.69 299.572 299.434 7.22406e+08 58.1375 36.1203 101 111 0 10 0 0
500 50 300.566 300.426 300.301 300.187 300.061 299.938 299.818 299.691 299.573 299.436 7.21443e+08 58.2983 36.0721 105 116 0 11 0 0
510 51 300.568 300.421 300.297 300.184 300.06 299.938 299.822 299.694 299.576 299.436 7.18063e+08 58.2823 35.9032 102 111 0 9 0 0
520 52 300.567 300.419 300.295 300.181 300.06 299.94 299.821 299.696 299.582 299.432 7.16069e+08 58.2714 35.8035 106 85 0 -21 0 0
530 53 300.564 300.418 300.293 300.178 300.058 299.942 299.819 299.702 299.583 299.433 7.14828e+08 58.4779 35.7414 110 98 0 -12 0 0
540 54 300.561 300.416 300.292 300.172 300.061 299.942 299.821 299.705 299.583 299.435 7.1561e+08 58.8431 35.7805 111 122 0 11 0 0
550 55 300.558 300.415 300.289 300.171 300.061 299.941 299.82 299.71 299.584 299.436 7.14163e+08 58.9738 35.7081 93 106 0 13 0 0
560 56 300.557 300.414 300.288 300.17 300.06 299.94 299.824 299.709 299.587 299.441 7.1094e+08 58.9899 35.547 88 97 0 9 0 0
570 57 300.551 300.407 300.291 300.169 300.058 299.94 299.826 299.707 299.593 299.439 7.07913e+08 59.0397 35.3956 92 95 0 3 0 0
580 58 300.547 300.409 300.286 300.172 300.054 299.94 299.829 299.71 299.592 299.444 7.07934e+08 59.3945 35.3967 93 119 0 26 0 0
590 59 300.542 300.407 300.288 300.171 300.049 299.943 299.831 299.712 299.591 299.445 7.06804e+08 59.555 35.3402 101 113 0 12 0 0
600 60 300.543 300.403 300.289 300.17 300.048 299.942 299.833 299.713 299.591 299.449 7.02192e+08 59.3619 35.1096 115 112 0 -3 0 0
610 61 300.539 300.401 300.289 300.165 300.053 299.944 299.832 299.715 299.592 299.448 6.9978e+08 59.3107 34.989 106 103 0 -3 0 0
620 62 300.539 300.399 300.288 300.162 300.055 299.944 299.832 299.718 299.593 299.45 6.95926e+08 59.2008 34.7963 102 93 0 -9 0 0
630 63 300.54 300.397 300.282 300.165 300.055 299.946 299.831 299.719 299.593 299.451 6.92453e+08 59.012 34.6226 92 93 0 1 0 0
640 64 300.539 300.398 300.276 300.166 300.057 299.944 299.829 299.721 299.595 299.454 6.92092e+08 59.228 34.6046 102 102 0 0 0 0
650 65 300.541 300.393 300.275 300.165 300.056 299.946 299.833 299.719 299.597 299.457 6.88336e+08 59.1054 34.4168 87 92 0 5 0 0
660 66 300.539 300.392 300.272 300.166 300.056 299.947 299.831 299.724 299.593 299.463 6.88303e+08 59.3822 34.4151 104 103 0 -1 0 0
670 67 300.545 300.391 300.268 300.164 300.06 299.946 299.831 299.722 299.601 299.464 6.85455e+08 59.1888 34.2728 96 105 0 9 0 0
680 68 300.548 300.388 300.269 300.159 300.063 299.947 299.832 299.719 299.603 299.462 6.82969e+08 58.9335 34.1484 96 108 0 12 0 0
690 69 300.552 300.385 300.269 300.16 300.06 299.947 299.838 299.718 299.609 299.458 6.82032e+08 58.8787 34.1016 101 99 0 -2 0 0
700 70 300.546 300.385 300.267 300.161 300.058 299.946 299.841 299.718 299.606 299.46 6.82856e+08 59.1728 34.1428 88 90 0 2 0 0
710 71 300.539 300.387 300.267 300.163 300.055 299.949 299.84 299.721 299.602 299.461 6.81435e+08 59.1745 34.0717 97 104 0 7 0 0
720 72 300.533 300.389 300.265 300.165 300.054 299.951 299.841 299.719 299.605 299.461 6.80548e+08 59.2669 34.0274 72 92 0 20 0 0
730 73 300.524 300.389 300.268 300.161 300.055 299.952 299.838 299.722 299.607 299.458 6.80464e+08 59.495 34.0232 102 111 0 9 0 0
740 74 300.526 300.39 300.27 300.159 300.056 299.952 299.837 299.724 299.61 299.458 6.79652e+08 59.4042 33.9826 89 107 0 18 0 0
750 75 300.525 300.391 300.27 300.159 300.057 299.95 299.838 299.726 299.609 299.459 6.78556e+08 59.391 33.9278 93 104 0 11 0 0
760 76 300.528 300.39 300.27 300.159 300.056 299.951 299.833 299.73 299.609 299.459 6.77379e+08 59.2412 33.869 102 94 0 -8 0 0
770 77 300.529 300.387 300.268 300.163 300.055 299.95 299.835 299.73 299.607 299.462 6.78699e+08 59.4169 33.9349 122 101 0 -21 0 0
780 78 300.533 300.385 300.269 300.163 300.056 299.947 299.836 299.733 299.606 299.465 6.79237e+08 59.5206 33.9619 100 95 0 -5 0 0
790 79 300.529 300.387 300.27 300.163 300.054 299.946 299.84 299.728 299.607 299.471 6.79131e+08 59.7034 33.9566 94 103 0 9 0 0
800 80 300.528 300.384 300.274 300.161 300.054 299.945 299.841 299.726 299.609 299.473 6.79501e+08 59.8623 33.9751 108 89 0 -19 0 0
810 81 300.528 300.384 300.275 300.161 300.051 299.946 299.84 299.725 299.616 299.468 6.78581e+08 59.7571 33.929 97 103 0 6 0 0
820 82 300.531 300.383 300.273 300.162 300.052 299.943 299.84 299.729 299.612 299.468 6.77265e+08 59.5789 33.8632 92 103 0 11 0 0
830 83 300.532 300.385 300.269 300.164 300.052 299.946 299.837 299.731 299.61 299.469 6.76679e+08 59.4988 33.8339 79 120 0 41 0 0
840 84 300.533 300.388 300.27 300.158 300.055 299.944 299.84 299.731 299.61 299.466 6.72951e+08 59.0418 33.6476 94 95 0 1 0 0
850 85 300.536 300.386 300.269 300.158 300.053 299.949 299.839 299.729 299.612 299.466 6.73303e+08 59.0757 33.6652 108 97 0 -11 0 0
860 86 300.535 300.385 300.266 300.158 300.056 299.947 299.841 299.729 299.615 299.464 6.75055e+08 59.3385 33.7528 82 90 0 8 0 0
870 87 300.533 300.383 300.265 300.158 300.057 299.944 299.842 299.731 299.615 299.465 6.74349e+08 59.4177 33.7175 83 76 0 -7 0 0
880 88 300.529 300.381 300.266 300.159 300.054 299.948 299.842 299.729 299.615 299.466 6.7628e+08 59.7589 33.814 79 95 0 16 0 0
890 89 300.525 300.381 300.267 300.158 300.056 299.948 299.84 299.732 299.614 299.467 6.76527e+08 59.9235 33.8264 105 82 0 -23 0 0
900 90 300.521 300.385 300.264 300.158 300.055 299.951 299.838 299.731 299.617 299.466 6.75474e+08 59.9363 33.7737 103 96 0 -7 0 0
910 91 300.52 300.383 300.262 300.162 300.05 299.953 299.838 299.733 299.614 299.467 6.73713e+08 59.8527 33.6857 107 105 0 -2 0 0
920 92 300.523 300.383 300.262 300.163 300.044 299.956 299.839 299.732 299.615 299.467 6.7201e+08 59.646 33.6005 100 102 0 2 0 0
930 93 300.522 300.381 300.261 300.163 300.041 299.954 299.841 299.736 299.612 299.472 6.73809e+08 60.0516 33.6904 96 89 0 -7 0 0
940 94 300.526 300.379 300.261 300.157 300.045 299.954 299.843 299.737 299.61 299.474 6.73955e+08 60.0947 33.6977 86 96 0 10 0 0
950 95 300.525 300.38 300.26 300.153 300.052 299.949 299.845 299.736 299.615 299.47 6.72685e+08 59.9971 33.6343 91 92 0 1 0 0
960 96 300.525 300.377 300.258 300.151 300.057 299.946 299.849 299.733 299.616 299.468 6.72235e+08 60.0188 33.6118 84 104 0 20 0 0
970 97 300.522 300.374 300.26 300.152 300.055 299.946 299.845 299.736 299.62 299.465 6.73185e+08 60.2154 33.6593 88 96 0 8 0 0
980 98 300.523 300.373 300.257 300.151 300.056 299.948 299.845 299.739 299.618 299.467 6.72643e+08 60.3218 33.6322 83 100 0 17 0 0
990 99 300.521 300.372 300.255 300.153 300.055 299.947 299.844 299.741 299.619 299.468 6.73485e+08 60.5691 33.6743 97 101 0 4 0 0
1000 100 300.525 300.371 300.253 300.154 300.053 299.948 299.842 299.742 299.617 299.467 6.71385e+08 60.2419 33.5693 90 105 0 15 0 0
1010 101 300.522 300.37 300.254 300.154 300.052 299.948 299.842 299.742 299.62 299.471 6.70559e+08 60.4453 33.5279 83 98 0 15 0 0
1020 102 300.517 300.37 300.253 300.153 300.047 299.951 299.844 299.741 299.619 299.478 6.70926e+08 60.8611 33.5463 93 99 0 6 0 0
1030 103 300.516 300.368 300.257 300.152 300.045 299.949 299.849 299.737 299.621 299.476 6.67584e+08 60.5428 33.3792 90 91 0 1 0 0
1040 104 300.514 300.369 300.259 300.146 300.045 299.95 299.849 299.736 299.624 299.477 6.65402e+08 60.4888 33.2701 74 85 0 11 0 0
1050 105 300.515 300.368 300.259 300.147 300.043 299.947 299.852 299.734 299.625 299.481 6.62133e+08 60.3056 33.1067 80 85 0 5 0 0
1060 106 300.511 300.366 300.262 300.143 300.043 299.948 299.852 299.733 299.626 299.485 6.58951e+08 60.3154 32.9475 91 96 0 5 0 0
1070 107 300.507 300.37 300.259 300.143 300.046 299.945 299.848 299.737 299.63 299.485 6.59657e+08 60.5815 32.9829 86 95 0 9 0 0
1080 108 300.508 300.37 300.256 300.144 300.044 299.945 299.849 299.737 299.632 299.482 6.58046e+08 60.3761 32.9023 86 82 0 -4 0 0
1090 109 300.508 300.369 300.256 300.142 300.045 299.946 299.843 299.739 299.638 299.479 6.5773e+08 60.4327 32.8865 87 80 0 -7 0 0
1100 110 300.511 300.37 300.252 300.144 300.046 299.944 299.844 299.742 299.637 299.48 6.54938e+08 60.1297 32.7469 80 91 0 11 0 0
1110 111 300.513 300.37 300.251 300.145 300.046 299.941 299.847 299.744 299.63 299.482 6.54693e+08 60.034 32.7347 77 88 0 11 0 0
1120 112 300.511 300.366 300.255 300.145 300.048 299.938 299.849 299.742 299.634 299.483 6.53579e+08 60.1184 32.6789 88 82 0 -6 0 0
1130 113 300.514 300.363 300.255 300.147 300.042 299.944 299.846 299.743 299.634 299.479 6.52156e+08 59.8688 32.6078 81 91 0 10 0 0
1140 114 300.513 300.366 300.254 300.149 300.039 299.945 299.848 299.744 299.632 299.482 6.50928e+08 59.7818 32.5464 90 90 0 0 0 0
1150 115 300.512 300.366 300.256 300.147 300.041 299.943 299.848 299.744 299.629 299.482 6.51805e+08 59.8143 32.5903 90 90 0 0 0 0
1160 116 300.513 300.369 300.253 300.146 300.045 299.942 299.849 299.743 299.629 299.482 6.52028e+08 59.739 32.6014 88 73 0 -15 0 0
1170 117 300.518 300.368 300.253 300.145 300.047 299.943 299.847 299.743 299.63 299.477 6.50538e+08 59.3645 32.5269 86 95 0 9 0 0
1180 118 300.52 300.368 300.252 300.145 300.048 299.943 299.848 299.742 299.629 299.48 6.4984e+08 59.3028 32.492 81 88 0 7 0 0
1190 119 300.521 300.368 300.253 300.148 300.048 299.942 299.846 299.745 299.626 299.482 6.49547e+08 59.2443 32.4774 94 78 0 -16 0 0
1200 120 300.522 300.372 300.248 300.15 300.047 299.946 299.842 299.745 299.628 299.483 6.48221e+08 59.1338 32.4111 82 93 0 11 0 0
1210 121 300.518 300.372 300.251 300.147 300.047 299.947 299.842 299.747 299.625 299.483 6.48187e+08 59.1482 32.4094 77 87 0 10 0 0
1220 122 300.518 300.376 300.251 300.145 300.047 299.95 299.841 299.748 299.622 299.483 6.48174e+08 59.0477 32.4087 76 88 0 12 0 0
1230 123 300.516 300.374 300.254 300.147 300.046 299.951 299.843 299.744 299.623 299.485 6.46362e+08 58.941 32.3181 80 86 0 6 0 0
1240 124 300.517 300.374 300.254 300.144 300.047 299.953 299.843 299.743 299.623 299.482 6.44675e+08 58.6882 32.2338 77 87 0 10 0 0
1250 125 300.513 300.376 300.253 300.145 300.042 299.955 299.844 299.742 299.625 299.479 6.44835e+08 58.7544 32.2417 91 90 0 -1 0 0
1260 126 300.519 300.373 300.251 300.144 300.047 299.95 299.85 299.738 299.626 299.484 6.45364e+08 58.8352 32.2682 93 100 0 7 0 0
1270 127 300.524 300.366 300.254 300.147 300.048 299.947 299.852 299.74 299.624 299.482 6.44945e+08 58.7228 32.2473 86 83 0 -3 0 0
1280 128 300.519 300.366 300.255 300.146 300.049 299.944 299.854 299.742 299.622 299.482 6.4614e+08 58.9493 32.307 80 98 0 18 0 0
1290 129 300.517 300.367 300.249 300.153 300.047 299.945 299.852 299.744 299.623 299.484 6.46624e+08 59.1348 32.3312 99 86 0 -13 0 0
1300 130 300.516 300.372 300.25 300.154 300.044 299.945 299.85 299.744 299.626 299.485 6.4763e+08 59.2475 32.3815 64 89 0 25 0 0
1310 131 300.513 300.372 300.251 300.155 300.045 299.944 299.849 299.744 299.628 299.488 6.47153e+08 59.3583 32.3576 77 83 0 6 0 0
1320 132 300.515 300.37 300.256 300.151 300.047 299.942 299.85 299.745 299.628 299.488 6.4789e+08 59.3788 32.3945 72 84 0 12 0 0
1330 133 300.517 300.368 300.255 300.154 300.045 299.942 299.85 299.746 299.629 299.484 6.47022e+08 59.2129 32.3511 75 101 0 26 0 0
1340 134 300.514 300.37 300.256 300.152 300.046 299.945 299.843 299.748 299.633 299.484 6.46697e+08 59.3156 32.3348 69 85 0 16 0 0
1350 135 300.516 300.371 300.254 300.148 300.05 299.946 299.844 299.744 299.639 299.482 6.44571e+08 59.0967 32.2285 76 103 0 27 0 0
1360 136 300.515 300.369 300.254 300.15 300.048 299.95 299.842 299.742 299.642 299.484 6.43835e+08 59.1519 32.1917 89 83 0 -6 0 0
1370 137 300.518 300.369 300.251 300.149 300.053 299.945 299.847 299.742 299.642 299.485 6.45368e+08 59.3564 32.2684 77 83 0 6 0 0
1380 138 300.519 300.369 300.247 300.152 300.046 299.946 299.853 299.741 299.64 299.49 6.44669e+08 59.4493 32.2335 72 87 0 15 0 0
1390 139 300.517 300.371 300.245 300.151 300.044 299.952 299.849 299.739 299.645 299.492 6.44433e+08 59.6298 32.2216 82 90 0 8 0 0
1400 140 300.514 300.366 300.247 300.151 300.043 299.954 299.848 299.74 299.645 299.493 6.45719e+08 59.9631 32.286 87 90 0 3 0 0
1410 141 300.511 300.364 300.252 300.147 300.044 299.955 299.847 299.743 299.641 299.493 6.46847e+08 60.1292 32.3423 83 79 0 -4 0 0
1420 142 300.508 300.362 300.253 300.147 300.047 299.952 299.849 299.744 299.641 299.492 6.45619e+08 60.0672 32.2809 88 77 0 -11 0 0
1430 143 300.516 300.362 300.251 300.149 300.048 299.945 299.853 299.744 299.64 299.494 6.42483e+08 59.6123 32.1241 75 98 0 23 0 0
1440 144 300.514 300.36 300.256 300.147 300.047 299.946 299.851 299.749 299.63 299.501 6.44038e+08 59.843 32.2019 85 77 0 -8 0 0
1450 145 300.512 300.363 300.257 300.147 300.051 299.942 299.85 299.751 299.632 299.493 6.41318e+08 59.3903 32.0659 101 95 0 -6 0 0
1460 146 300.51 300.365 300.259 300.147 300.048 299.941 299.849 299.753 299.632 299.493 6.39012e+08 59.1961 31.9506 80 72 0 -8 0 0
1470 147 300.506 300.368 300.258 300.146 300.05 299.943 299.848 299.749 299.635 299.486 6.3546e+08 58.7055 31.773 98 95 0 -3 0 0
1480 148 300.503 300.371 300.257 300.145 300.05 299.946 299.846 299.749 299.63 299.488 6.34666e+08 58.6301 31.7333 72 89 0 17 0 0
1490 149 300.504 300.375 300.255 300.146 300.045 299.949 299.844 299.751 299.629 299.49 6.34153e+08 58.5429 31.7077 91 65 0 -26 0 0
1500 150 300.51 300.374 300.252 300.151 300.042 299.952 299.842 299.748 299.628 299.494 6.31746e+08 58.2238 31.5873 88 81 0 -7 0 0
1510 151 300.51 300.373 300.255 300.148 300.04 299.955 299.844 299.743 299.631 299.491 6.33287e+08 58.2915 31.6643 79 79 0 0 0 0
1520 152 300.515 300.373 300.255 300.144 300.042 299.953 299.844 299.739 299.636 299.486 6.32433e+08 58.008 31.6216 77 79 0 2 0 0
1530 153 300.517 300.375 300.259 300.14 300.046 299.951 299.841 299.742 299.636 299.481 6.30118e+08 57.5161 31.5059 85 69 0 -16 0 0
1540 154 300.52 300.372 300.26 300.143 300.046 299.946 299.844 299.743 299.635 299.477 6.32095e+08 57.5293 31.6048 79 85 0 6 0 0
1550 155 300.53 300.37 300.256 300.142 300.046 299.946 299.843 299.747 299.632 299.482 6.33579e+08 57.6233 31.679 70 89 0 19 0 0
1560 156 300.53 300.372 300.251 300.145 300.046 299.943 299.843 299.75 299.628 299.48 6.3394e+08 57.5545 31.697 73 75 0 2 0 0
1570 157 300.523 300.374 300.249 300.147 300.044 299.942 299.847 299.747 299.629 299.477 6.35683e+08 57.8223 31.7841 88 78 0 -10 0 0
1580 158 300.522 300.373 300.251 300.144 300.048 299.936 299.851 299.743 299.633 299.474 6.38205e+08 58.0243 31.9103 99 97 0 -2 0 0
1590 159 300.522 300.373 300.248 300.147 300.046 299.939 299.848 299.744 299.635 299.475 6.39173e+08 58.2268 31.9586 79 88 0 9 0 0
1600 160 300.52 300.374 300.247 300.153 300.042 299.941 299.844 299.749 299.632 299.475 6.39374e+08 58.2115 31.9687 81 82 0 1 0 0
1610 161 300.515 300.374 300.248 300.149 300.039 299.945 299.842 299.75 299.63 299.479 6.40548e+08 58.5614 32.0274 84 77 0 -7 0 0
1620 162 300.512 300.373 300.253 300.146 300.038 299.948 299.84 299.751 299.628 299.479 6.41149e+08 58.6817 32.0574 66 77 0 11 0 0
1630 163 300.512 300.371 300.255 300.144 300.04 299.945 299.842 299.748 299.628 299.482 6.42068e+08 58.8192 32.1034 76 74 0 -2 0 0
1640 164 300.514 300.368 300.259 300.138 300.042 299.942 299.846 299.744 299.627 299.483 6.42104e+08 58.8152 32.1052 76 74 0 -2 0 0
1650 165 300.514 300.368 300.255 300.141 300.042 299.941 299.85 299.74 299.629 299.484 6.43167e+08 58.9636 32.1583 75 70 0 -5 0 0
1660 166 300.515 300.367 300.255 300.142 300.039 299.942 299.851 299.735 299.629 299.487 6.40367e+08 58.7024 32.0184 78 63 0 -15 0 0
1670 167 300.511 300.371 300.251 300.142 300.037 299.947 299.848 299.733 299.624 299.488 6.40446e+08 58.7272 32.0223 77 80 0 3 0 0
1680 168 300.509 300.368 300.252 300.142 300.037 299.947 299.848 299.736 299.621 299.489 6.39264e+08 58.7518 31.9632 93 74 0 -19 0 0
1690 169 300.509 300.369 300.251 300.143 300.04 299.945 299.846 299.739 299.621 299.487 6.39405e+08 58.6574 31.9703 86 76 0 -10 0 0
1700 170 300.512 300.365 300.25 300.143 300.039 299.948 299.844 299.738 299.62 299.487 6.37556e+08 58.4773 31.8778 79 73 0 -6 0 0
1710 171 300.516 300.363 300.249 300.14 300.045 299.946 299.843 299.737 299.623 299.488 6.38879e+08 58.6327 31.944 86 87 0 1 0 0
1720 172 300.513 300.362 300.247 300.14 300.049 299.945 299.844 299.735 299.624 299.481 6.36252e+08 58.3194 31.8126 71 74 0 3 0 0
1730 173 300.512 300.362 300.242 300.142 300.05 299.946 299.843 299.734 299.629 299.484 6.37194e+08 58.6552 31.8597 64 77 0 13 0 0
1740 174 300.51 300.36 300.242 300.144 300.051 299.945 299.842 299.731 299.633 299.482 6.36101e+08 58.5865 31.8051 85 83 0 -2 0 0
1750 175 300.512 300.357 300.244 300.145 300.048 299.946 299.841 299.737 299.631 299.48 6.35621e+08 58.5478 31.7811 83 76 0 -7 0 0
1760 176 300.51 300.352 300.243 300.147 300.045 299.946 299.843 299.738 299.631 299.476 6.33838e+08 58.4693 31.6919 81 75 0 -6 0 0
1770 177 300.509 300.351 300.243 300.149 300.043 299.947 299.842 299.74 299.63 299.475 6.35931e+08 58.668 31.7966 78 80 0 2 0 0
1780 178 300.503 300.355 300.241 300.15 300.044 299.945 299.841 299.746 299.628 299.472 6.35037e+08 58.6345 31.7519 73 87 0 14 0 0
1790 179 300.501 300.353 300.247 300.145 300.043 299.941 299.849 299.745 299.627 299.474 6.36343e+08 58.9215 31.8172 80 79 0 -1 0 0
1800 180 300.501 300.353 300.246 300.143 300.044 299.94 299.848 299.745 299.63 299.477 6.36059e+08 59.0531 31.8029 95 63 0 -32 0 0
1810 181 300.502 300.356 300.245 300.142 300.041 299.942 299.848 299.747 299.63 299.48 6.35307e+08 59.044 31.7653 81 66 0 -15 0 0
1820 182 300.503 300.358 300.239 300.144 300.039 299.942 299.848 299.749 299.628 299.482 6.38993e+08 59.4513 31.9496 82 82 0 0 0 0
1830 183 300.503 300.358 300.24 300.144 300.036 299.943 299.852 299.748 299.626 299.484 6.39301e+08 59.5092 31.9651 86 80 0 -6 0 0
1840 184 300.504 300.36 300.242 300.138 300.039 299.946 299.847 299.75 299.626 299.484 6.37052e+08 59.256 31.8526 73 81 0 8 0 0
1850 185 300.509 300.355 300.245 300.138 300.037 299.943 299.848 299.753 299.625 299.483 6.35808e+08 59.0164 31.7904 83 82 0 -1 0 0
1860 186 300.508 300.359 300.244 300.135 300.04 299.943 299.85 299.747 299.63 299.481 6.3482e+08 58.9379 31.741 91 83 0 -8 0 0
1870 187 300.505 300.355 300.245 300.135 300.042 299.94 299.85 299.748 299.634 299.479 6.35029e+08 59.1277 31.7515 70 86 0 16 0 0
1880 188 300.501 300.356 300.247 300.135 300.043 299.937 299.849 299.749 299.633 299.482 6.35808e+08 59.2938 31.7904 78 83 0 5 0 0
1890 189 300.497 300.358 300.246 300.137 300.043 299.941 299.848 299.749 299.634 299.481 6.3519e+08 59.3528 31.7595 77 79 0 2 0 0
1900 190 300.5 300.358 300.244 300.139 300.041 299.941 299.847 299.749 299.635 299.485 6.37113e+08 59.5606 31.8557 96 80 0 -16 0 0
1910 191 300.5 300.359 300.245 300.14 300.038 299.946 299.846 299.748 299.636 299.485 6.34504e+08 59.3038 31.7252 75 71 0 -4 0 0
1920 192 300.504 300.357 300.246 300.141 300.039 299.946 299.847 299.744 299.635 299.488 6.33632e+08 59.1396 31.6816 70 76 0 6 0 0
1930 193 300.504 300.361 300.24 300.143 300.04 299.946 299.847 299.746 299.636 299.486 6.33675e+08 59.1251 31.6838 85 92 0 7 0 0
1940 194 300.508 300.36 300.243 300.144 300.039 299.946 299.852 299.747 299.63 299.486 6.33486e+08 58.8501 31.6743 76 98 0 22 0 0
1950 195 300.509 300.36 300.243 300.143 300.04 299.948 299.848 299.748 299.628 299.484 6.33371e+08 58.6907 31.6686 79 85 0 6 0 0
1960 196 300.506 300.362 300.246 300.144 300.044 299.946 299.848 299.743 299.632 299.485 6.32568e+08 58.6431 31.6284 65 86 0 21 0 0
1970 197 300.503 300.363 300.247 300.144 300.046 299.947 299.847 299.741 299.633 299.485 6.32058e+08 58.6449 31.6029 74 67 0 -7 0 0
1980 198 300.504 300.361 300.247 300.147 300.048 299.945 299.851 299.735 299.628 299.491 6.31823e+08 58.5824 31.5911 75 80 0 5 0 0
1990 199 300.503 300.361 300.249 300.145 300.054 299.944 299.845 299.739 299.624 299.495 6.29848e+08 58.4121 31.4924 75 82 0 7 0 0
2000 200 300.502 300.358 300.251 300.144 300.054 299.951 299.84 299.741 299.621 299.493 6.29624e+08 58.3735 31.4812 74 77 0 3 0 0
2010 201 300.506 300.359 300.25 300.145 300.056 299.949 299.841 299.74 299.621 299.489 6.26956e+08 57.8354 31.3478 74 70 0 -4 0 0
2020 202 300.513 300.354 300.253 300.146 300.058 299.945 299.843 299.734 299.629 299.482 6.28873e+08 57.7228 31.4437 71 79 0 8 0 0
2030 203 300.507 300.357 300.253 300.147 300.056 299.947 299.843 299.737 299.62 299.483 6.29083e+08 57.7332 31.4542 69 66 0 -3 0 0
2040 204 300.508 300.361 300.251 300.15 300.054 299.949 299.844 299.733 299.624 299.481 6.26842e+08 57.4225 31.3421 76 82 0 6 0 0
2050 205 300.508 300.365 300.249 300.151 300.052 299.951 299.844 299.732 299.622 299.481 6.24813e+08 57.1059 31.2406 69 83 0 14 0 0
2060 206 300.513 300.363 300.248 300.154 300.05 299.95 299.842 299.733 299.624 299.48 6.23934e+08 56.9272 31.1967 73 85 0 12 0 0
2070 207 300.514 300.363 300.246 300.153 300.052 299.95 299.839 299.734 299.63 299.477 6.2446e+08 56.9996 31.223 64 74 0 10 0 0
2080 208 300.513 300.362 300.252 300.151 300.051 299.949 299.84 299.738 299.624 299.48 6.23694e+08 56.9473 31.1847 68 68 0 0 0 0
2090 209 300.512 300.367 300.253 300.144 300.05 299.953 299.841 299.736 299.623 299.481 6.23873e+08 56.9469 31.1937 81 78 0 -3 0 0
2100 210 300.511 300.365 300.253 300.148 300.047 299.952 299.84 299.737 299.624 299.479 6.23454e+08 56.9173 31.1727 72 82 0 10 0 0
2110 211 300.512 300.366 300.25 300.149 300.048 299.947 299.846 299.733 299.627 299.478 6.20738e+08 56.6676 31.0369 86 73 0 -13 0 0
2120 212 300.51 300.366 300.253 300.146 300.048 299.945 299.85 299.734 299.624 299.477 6.20629e+08 56.6611 31.0315 74 75 0 1 0 0
2130 213 300.512 300.363 300.256 300.145 300.046 299.945 299.849 299.738 299.622 299.477 6.20728e+08 56.6504 31.0364 73 81 0 8 0 0
2140 214 300.509 300.366 300.258 300.147 300.044 299.945 299.845 299.744 299.618 299.477 6.20469e+08 56.5735 31.0235 67 68 0 1 0 0
2150 215 300.509 300.366 300.256 300.151 300.039 299.945 299.848 299.742 299.615 299.478 6.19579e+08 56.4489 30.979 77 84 0 7 0 0
2160 216 300.511 300.366 300.255 300.151 300.038 299.948 299.847 299.741 299.621 299.478 6.17438e+08 56.3287 30.8719 69 76 0 7 0 0
2170 217 300.511 300.367 300.253 300.153 300.039 299.949 299.842 299.744 299.62 299.477 6.19478e+08 56.4705 30.9739 73 73 0 0 0 0
2180 218 300.508 300.367 300.253 300.152 300.043 299.942 299.847 299.743 299.62 299.473 6.18892e+08 56.3901 30.9446 65 74 0 9 0 0
2190 219 300.51 300.366 300.252 300.151 300.045 299.941 299.849 299.74 299.621 299.477 6.20172e+08 56.558 31.0086 62 84 0 22 0 0
2200 220 300.513 300.364 300.255 300.148 300.046 299.942 299.847 299.738 299.623 299.478 6.19734e+08 56.4829 30.9867 68 69 0 1 0 0
2210 221 300.513 300.368 300.252 300.149 300.048 299.944 299.849 299.735 299.62 299.482 6.2168e+08 56.6635 31.084 68 76 0 8 0 0
2220 222 300.519 300.364 300.255 300.147 300.048 299.944 299.845 299.739 299.623 299.482 6.19689e+08 56.4594 30.9845 71 72 0 1 0 0
2230 223 300.519 300.36 300.257 300.146 300.048 299.947 299.842 299.741 299.623 299.483 6.19898e+08 56.6005 30.9949 68 72 0 4 0 0
2240 224 300.52 300.362 300.256 300.147 300.046 299.948 299.84 299.741 299.623 299.486 6.20324e+08 56.6235 31.0162 85 74 0 -11 0 0
2250 225 300.524 300.364 300.251 300.15 300.046 299.947 299.845 299.739 299.626 299.483 6.19404e+08 56.451 30.9702 90 71 0 -19 0 0
2260 226 300.516 300.367 300.249 300.148 300.05 299.945 299.847 299.738 299.629 299.477 6.21741e+08 56.7659 31.087 84 76 0 -8 0 0
2270 227 300.515 300.364 300.251 300.146 300.051 299.947 299.848 299.737 299.631 299.474 6.20632e+08 56.6512 31.0316 72 89 0 17 0 0
2280 228 300.517 300.364 300.25 300.144 300.055 299.949 299.847 299.737 299.631 299.473 6.19205e+08 56.4864 30.9603 72 71 0 -1 0 0
2290 229 300.512 300.365 300.249 300.144 300.053 299.949 299.851 299.738 299.629 299.472 6.19285e+08 56.603 30.9643 74 82 0 8 0 0
2300 230 300.506 300.368 300.247 300.148 300.05 299.948 299.849 299.742 299.625 299.475 6.17832e+08 56.6451 30.8916 72 75 0 3 0 0
2310 231 300.507 300.366 300.248 300.148 300.052 299.946 299.852 299.74 299.628 299.48 6.19893e+08 57.0391 30.9946 74 70 0 -4 0 0
2320 232 300.512 300.363 300.248 300.144 300.053 299.95 299.853 299.739 299.626 299.479 6.16796e+08 56.6202 30.8398 67 73 0 6 0 0
2330 233 300.515 300.361 300.25 300.142 300.05 299.952 299.853 299.74 299.624 299.483 6.1832e+08 56.792 30.916 52 66 0 14 0 0
2340 234 300.516 300.357 300.25 300.145 300.048 299.955 299.849 299.745 299.621 299.488 6.16264e+08 56.7694 30.8132 83 60 0 -23 0 0
2350 235 300.514 300.362 300.248 300.145 300.043 299.957 299.85 299.748 299.622 299.48 6.16936e+08 56.6831 30.8468 72 86 0 14 0 0
2360 236 300.511 300.364 300.248 300.148 300.042 299.953 299.853 299.749 299.625 299.474 6.15655e+08 56.5217 30.7828 84 70 0 -14 0 0
2370 237 300.509 300.365 300.246 300.148 300.043 299.952 299.854 299.749 299.624 299.473 6.16216e+08 56.5646 30.8108 57 76 0 19 0 0
2380 238 300.51 300.364 300.247 300.148 300.046 299.952 299.854 299.747 299.625 299.474 6.1766e+08 56.6931 30.883 63 71 0 8 0 0
2390 239 300.509 300.368 300.249 300.147 300.044 299.952 299.849 299.752 299.625 299.472 6.17119e+08 56.5861 30.8559 65 77 0 12 0 0
2400 240 300.511 300.371 300.245 300.149 300.042 299.954 299.845 299.755 299.622 299.477 6.1847e+08 56.7158 30.9235 73 67 0 -6 0 0
2410 241 300.514 300.368 300.247 300.144 300.05 299.95 299.846 299.752 299.625 299.474 6.18054e+08 56.5744 30.9027 85 77 0 -8 0 0
2420 242 300.522 300.369 300.248 300.147 300.045 299.951 299.848 299.745 299.627 299.476 6.17366e+08 56.237 30.8683 71 75 0 4 0 0
2430 243 300.524 300.37 300.247 300.147 300.047 299.947 299.851 299.744 299.624 299.475 6.16756e+08 56.0303 30.8378 67 70 0 3 0 0
2440 244 300.526 300.368 300.251 300.143 300.05 299.947 299.85 299.743 299.622 299.478 6.18469e+08 56.1639 30.9235 65 75 0 10 0 0
2450 245 300.52 300.37 300.251 300.144 300.047 299.952 299.848 299.742 299.621 299.478 6.17528e+08 56.1449 30.8764 69 64 0 -5 0 0
2460 246 300.518 300.374 300.25 300.145 300.042 299.954 299.848 299.736 299.624 299.473 6.14922e+08 55.732 30.7461 87 73 0 -14 0 0
2470 247 300.519 300.372 300.25 300.144 300.041 299.955 299.849 299.735 299.623 299.472 6.14513e+08 55.7015 30.7257 55 56 0 1 0 0
2480 248 300.519 300.369 300.252 300.145 300.042 299.953 299.847 299.739 299.623 299.472 6.14684e+08 55.7342 30.7342 63 81 0 18 0 0
2490 249 300.519 300.368 300.255 300.144 300.044 299.948 299.849 299.739 299.621 299.471 6.14219e+08 55.6078 30.711 69 68 0 -1 0 0
2500 250 300.52 300.367 300.254 300.145 300.044 299.947 299.848 299.742 299.62 299.472 6.13926e+08 55.6188 30.6963 84 55 0 -29 0 0
2510 251 300.521 300.367 300.256 300.143 300.045 299.945 299.846 299.742 299.62 299.475 6.15594e+08 55.7914 30.7797 65 85 0 20 0 0
2520 252 300.518 300.37 300.253 300.143 300.047 299.942 299.846 299.74 299.622 299.479 6.17997e+08 56.1857 30.8998 70 62 0 -8 0 0
2530 253 300.518 300.373 300.25 300.142 300.048 299.945 299.842 299.741 299.622 299.479 6.18265e+08 56.1905 30.9133 64 82 0 18 0 0
2540 254 300.526 300.373 300.249 300.146 300.046 299.946 299.84 299.741 299.623 299.485 6.17516e+08 56.0658 30.8758 66 66 0 0 0 0
2550 255 300.523 300.372 300.252 300.147 300.043 299.945 299.84 299.741 299.627 299.475 6.16474e+08 55.8283 30.8237 67 80 0 13 0 0
2560 256 300.521 300.368 300.252 300.145 300.045 299.944 299.841 299.74 299.627 299.473 6.1446e+08 55.7261 30.723 65 67 0 2 0 0
2570 257 300.521 300.371 300.252 300.142 300.045 299.942 299.84 299.741 299.632 299.473 6.1448e+08 55.8043 30.724 80 69 0 -11 0 0
2580 258 300.519 300.375 300.252 300.137 300.051 299.938 299.842 299.74 299.635 299.473 6.14316e+08 55.8495 30.7158 61 70 0 9 0 0
2590 259 300.522 300.371 300.248 300.142 300.05 299.937 299.842 299.74 299.632 299.481 6.14245e+08 56.0006 30.7123 80 67 0 -13 0 0
2600 260 300.523 300.372 300.245 300.147 300.047 299.937 299.841 299.739 299.631 299.488 6.15241e+08 56.2331 30.762 80 65 0 -15 0 0
2610 261 300.521 300.368 300.247 300.15 300.041 299.942 299.839 299.743 299.629 299.492 6.15759e+08 56.4636 30.7879 68 77 0 9 0 0
2620 262 300.515 300.372 300.251 300.146 300.041 299.943 299.842 299.74 299.633 299.489 6.16709e+08 56.6375 30.8354 64 76 0 12 0 0
2630 263 300.511 300.366 300.257 300.144 300.04 299.942 299.843 299.744 299.627 299.495 6.15556e+08 56.7678 30.7778 85 68 0 -17 0 0
2640 264 300.512 300.369 300.257 300.144 300.041 299.944 299.845 299.74 299.63 299.492 6.16151e+08 56.6922 30.8076 80 64 0 -16 0 0
2650 265 300.512 300.371 300.256 300.145 300.04 299.944 299.848 299.74 299.625 299.492 6.14347e+08 56.4079 30.7173 64 77 0 13 0 0
2660 266 300.51 300.372 300.258 300.143 300.041 299.945 299.849 299.737 299.629 299.485 6.13459e+08 56.189 30.6729 62 74 0 12 0 0
2670 267 300.515 300.37 300.258 300.144 300.046 299.94 299.849 299.737 299.63 299.478 6.1105e+08 55.6716 30.5525 76 72 0 -4 0 0
2680 268 300.511 300.369 300.261 300.147 300.042 299.94 299.849 299.743 299.625 299.475 6.11353e+08 55.678 30.5677 77 63 0 -14 0 0
2690 269 300.513 300.369 300.26 300.148 300.042 299.942 299.849 299.743 299.628 299.471 6.11553e+08 55.6341 30.5777 60 64 0 4 0 0
2700 270 300.513 300.366 300.259 300.152 300.042 299.943 299.846 299.747 299.625 299.473 6.10333e+08 55.562 30.5167 63 66 0 3 0 0
2710 271 300.515 300.366 300.261 300.152 300.042 299.943 299.847 299.745 299.627 299.477 6.10328e+08 55.5887 30.5164 64 73 0 9 0 0
2720 272 300.518 300.366 300.263 300.15 300.044 299.941 299.845 299.746 299.63 299.479 6.11369e+08 55.7332 30.5685 74 59 0 -15 0 0
2730 273 300.517 300.368 300.261 300.154 300.042 299.944 299.838 299.747 299.63 299.483 6.13827e+08 55.976 30.6913 80 75 0 -5 0 0
2740 274 300.517 300.369 300.257 300.154 300.048 299.942 299.842 299.745 299.631 299.484 6.15036e+08 56.1543 30.7518 59 64 0 5 0 0
2750 275 300.51 300.374 300.256 300.154 300.05 299.938 299.844 299.74 299.636 299.484 6.15093e+08 56.322 30.7546 59 59 0 0 0 0
2760 276 300.505 300.374 300.254 300.155 300.048 299.943 299.843 299.74 299.635 299.484 6.15816e+08 56.5123 30.7908 74 65 0 -9 0 0
2770 277 300.51 300.374 300.253 300.154 300.046 299.947 299.844 299.736 299.635 299.485 6.13839e+08 56.2299 30.6919 65 63 0 -2 0 0
2780 278 300.512 300.373 300.254 300.153 300.049 299.943 299.847 299.74 299.63 299.486 6.13578e+08 56.1582 30.6789 57 85 0 28 0 0
2790 279 300.511 300.373 300.25 300.159 300.045 299.947 299.846 299.742 299.627 299.485 6.13962e+08 56.1822 30.6981 67 73 0 6 0 0
2800 280 300.516 300.375 300.251 300.154 300.049 299.948 299.846 299.741 299.628 299.483 6.14242e+08 56.0051 30.7121 64 77 0 13 0 0
2810 281 300.519 300.37 300.255 300.153 300.049 299.951 299.849 299.739 299.625 299.483 6.14347e+08 55.9212 30.7174 62 54 0 -8 0 0
2820 282 300.517 300.368 300.254 300.152 300.054 299.949 299.848 299.741 299.624 299.482 6.15401e+08 56.0645 30.77 62 60 0 -2 0 0
2830 283 300.516 300.366 300.257 300.15 300.056 299.951 299.849 299.74 299.627 299.476 6.13634e+08 55.8698 30.6817 65 78 0 13 0 0
2840 284 300.514 300.363 300.256 300.153 300.051 299.955 299.85 299.744 299.62 299.478 6.14527e+08 56.0421 30.7264 65 73 0 8 0 0
2850 285 300.52 300.361 300.255 300.156 300.048 299.955 299.852 299.743 299.622 299.478 6.13351e+08 55.8604 30.6675 68 60 0 -8 0 0
2860 286 300.517 300.364 300.257 300.154 300.05 299.954 299.855 299.738 299.624 299.477 6.12436e+08 55.7597 30.6218 79 73 0 -6 0 0
2870 287 300.518 300.369 300.259 300.152 300.048 299.955 299.852 299.739 299.627 299.479 6.1561e+08 56.0305 30.7805 69 58 0 -11 0 0
2880 288 300.515 300.368 300.261 300.146 300.052 299.955 299.852 299.741 299.628 299.475 6.16047e+08 56.0839 30.8024 49 76 0 27 0 0
2890 289 300.515 300.371 300.255 300.149 300.053 299.954 299.849 299.743 299.627 299.479 6.15699e+08 56.1587 30.785 80 69 0 -11 0 0
2900 290 300.518 300.373 300.252 300.149 300.053 299.951 299.849 299.741 299.629 299.48 6.14997e+08 56.0122 30.7498 56 67 0 11 0 0
2910 291 300.517 300.377 300.247 300.149 300.053 299.952 299.85 299.742 299.626 299.481 6.12201e+08 55.8021 30.61 71 51 0 -20 0 0
2920 292 300.521 300.377 300.245 300.149 300.05 299.955 299.846 299.743 299.628 299.482 6.12243e+08 55.7908 30.6121 63 72 0 9 0 0
2930 293 300.519 300.374 300.246 300.149 300.048 299.954 299.849 299.739 299.628 299.489 6.14218e+08 56.2356 30.7109 60 63 0 3 0 0
2940 294 300.521 300.37 300.251 300.143 300.049 299.955 299.846 299.742 299.629 299.489 6.12144e+08 56.0992 30.6072 65 58 0 -7 0 0
2950 295 300.523 300.366 300.251 300.143 300.048 299.954 299.848 299.742 299.627 299.487 6.13928e+08 56.2245 30.6964 65 62 0 -3 0 0
2960 296 300.523 300.363 300.25 300.146 300.045 299.948 299.853 299.74 299.626 299.482 6.13052e+08 56.0361 30.6526 72 59 0 -13 0 0
2970 297 300.515 300.362 300.255 300.141 300.045 299.948 299.853 299.743 299.624 299.48 6.14924e+08 56.378 30.7462 52 64 0 12 0 0
2980 298 300.515 300.359 300.254 300.142 300.045 299.949 299.85 299.749 299.619 299.483 6.13481e+08 56.3576 30.6741 70 76 0 6 0 0
2990 299 300.512 300.361 300.251 300.142 300.048 299.947 299.844 299.753 299.622 299.478 6.14882e+08 56.4748 30.7441 58 63 0 5 0 0
3000 300 300.508 300.361 300.251 300.142 300.052 299.944 299.844 299.752 299.62 299.476 6.11611e+08 56.1149 30.5806 63 60 0 -3 0 0
3010 301 300.509 300.362 300.254 300.143 300.051 299.942 299.845 299.745 299.627 299.476 6.11925e+08 56.1158 30.5962 73 76 0 3 0 0
3020 302 300.509 300.361 300.252 300.145 300.048 299.943 299.844 299.743 299.629 299.476 6.12426e+08 56.1998 30.6213 61 54 0 -7 0 0
3030 303 300.509 300.358 300.256 300.147 300.044 299.944 299.844 299.741 299.631 299.478 6.12094e+08 56.2617 30.6047 66 59 0 -7 0 0
3040 304 300.515 300.358 300.257 300.147 300.043 299.944 299.841 299.742 299.628 299.483 6.12406e+08 56.1769 30.6203 64 76 0 12 0 0
3050 305 300.518 300.364 300.25 300.149 300.044 299.943 299.841 299.739 299.627 299.486 6.10896e+08 55.9119 30.5448 54 64 0 10 0 0
3060 306 300.515 300.37 300.252 300.149 300.044 299.939 299.842 299.738 299.631 299.485 6.09897e+08 55.7489 30.4948 64 72 0 8 0 0
3070 307 300.52 300.371 300.251 300.147 300.044 299.937 299.844 299.737 299.628 299.487 6.09673e+08 55.6431 30.4837 74 71 0 -3 0 0
3080 308 300.52 300.373 300.251 300.145 300.045 299.939 299.841 299.735 299.631 299.486 6.11397e+08 55.739 30.5699 58 73 0 15 0 0
3090 309 300.518 300.374 300.253 300.146 300.042 299.941 299.843 299.734 299.628 299.483 6.10371e+08 55.5086 30.5186 60 70 0 10 0 0
3100 310 300.511 300.378 300.253 300.147 300.038 299.943 299.843 299.735 299.626 299.485 6.08944e+08 55.5256 30.4472 64 63 0 -1 0 0
3110 311 300.513 300.375 300.253 300.148 300.037 299.944 299.844 299.733 299.627 299.484 6.09282e+08 55.5258 30.4641 64 64 0 0 0 0
3120 312 300.516 300.371 300.259 300.144 300.036 299.942 299.848 299.732 299.629 299.481 6.08989e+08 55.4399 30.4494 63 54 0 -9 0 0
3130 313 300.509 300.37 300.257 300.149 300.034 299.944 299.843 299.736 299.625 299.486 6.09322e+08 55.7467 30.4661 64 57 0 -7 0 0
3140 314 300.51 300.373 300.253 300.149 300.035 299.943 299.843 299.739 299.619 299.489 6.11259e+08 55.8899 30.5629 53 70 0 17 0 0
3150 315 300.507 300.37 300.253 300.15 300.036 299.943 299.843 299.743 299.618 299.487 6.10521e+08 55.9559 30.526 68 67 0 -1 0 0
3160 316 300.513 300.369 300.252 300.148 300.038 299.943 299.844 299.741 299.621 299.482 6.10365e+08 55.6944 30.5183 66 67 0 1 0 0
3170 317 300.516 300.368 300.253 300.148 300.039 299.941 299.849 299.742 299.618 299.478 6.09411e+08 55.4629 30.4706 63 66 0 3 0 0
3180 318 300.519 300.366 300.251 300.146 300.042 299.943 299.85 299.739 299.621 299.477 6.08343e+08 55.3179 30.4172 74 54 0 -20 0 0
3190 319 300.522 300.366 300.249 300.146 300.042 299.945 299.849 299.739 299.617 299.482 6.08661e+08 55.3678 30.4331 66 57 0 -9 0 0
3200 320 300.52 300.367 300.248 300.146 300.045 299.944 299.846 299.741 299.618 299.486 6.09513e+08 55.6176 30.4756 71 51 0 -20 0 0
3210 321 300.513 300.367 300.251 300.139 300.053 299.944 299.844 299.741 299.621 299.477 6.08642e+08 55.5199 30.4321 69 65 0 -4 0 0
3220 322 300.515 300.362 300.25 300.137 300.059 299.947 299.84 299.74 299.623 299.476 6.09444e+08 55.644 30.4722 51 64 0 13 0 0
3230 323 300.517 300.36 300.245 300.143 300.055 299.952 299.841 299.735 299.625 299.478 6.08539e+08 55.615 30.4269 73 58 0 -15 0 0
3240 324 300.517 300.36 300.243 300.149 300.054 299.952 299.839 299.736 299.626 299.474 6.09216e+08 55.558 30.4608 73 63 0 -10 0 0
3250 325 300.515 300.362 300.243 300.15 300.056 299.95 299.841 299.733 299.625 299.475 6.11821e+08 55.7824 30.591 64 51 0 -13 0 0
3260 326 300.512 300.363 300.246 300.147 300.055 299.948 299.845 299.733 299.625 299.473 6.11888e+08 55.7798 30.5944 69 57 0 -12 0 0
3270 327 300.515 300.365 300.248 300.146 300.052 299.952 299.842 299.731 299.624 299.478 6.10585e+08 55.6038 30.5292 63 56 0 -7 0 0
3280 328 300.51 300.369 300.247 300.149 300.049 299.955 299.841 299.734 299.624 299.475 6.09787e+08 55.5687 30.4893 50 60 0 10 0 0
3290 329 300.505 300.374 300.252 300.149 300.046 299.953 299.838 299.738 299.622 299.482 6.10212e+08 55.7362 30.5106 52 64 0 12 0 0
3300 330 300.51 300.371 300.252 300.15 300.047 299.953 299.838 299.74 299.622 299.484 6.10117e+08 55.7358 30.5058 60 62 0 2 0 0
3310 331 300.513 300.37 300.256 300.148 300.047 299.954 299.836 299.738 299.625 299.476 6.07799e+08 55.1894 30.3899 66 78 0 12 0 0
3320 332 300.519 300.364 300.262 300.148 300.051 299.948 299.838 299.739 299.626 299.471 6.0773e+08 54.9757 30.3865 64 55 0 -9 0 0
3330 333 300.515 300.365 300.263 300.149 300.05 299.941 299.846 299.735 299.625 299.477 6.07382e+08 55.1087 30.3691 73 65 0 -8 0 0
3340 334 300.52 300.363 300.263 300.152 300.045 299.942 299.85 299.734 299.627 299.475 6.07141e+08 55.0065 30.357 57 56 0 -1 0 0
3350 335 300.521 300.366 300.263 300.155 300.042 299.941 299.848 299.74 299.623 299.479 6.05527e+08 54.8499 30.2763 57 56 0 -1 0 0
3360 336 300.515 300.369 300.258 300.16 300.039 299.945 299.847 299.736 299.631 299.469 6.05693e+08 54.8381 30.2847 64 60 0 -4 0 0
3370 337 300.516 300.371 300.256 300.159 300.043 299.946 299.844 299.737 299.632 299.469 6.03851e+08 54.6616 30.1925 57 71 0 14 0 0
3380 338 300.51 300.374 300.251 300.161 300.044 299.945 299.843 299.742 299.628 299.469 6.05952e+08 54.9437 30.2976 52 61 0 9 0 0
3390 339 300.514 300.37 300.253 300.157 300.049 299.941 299.845 299.744 299.625 299.469 6.0543e+08 54.8805 30.2715 64 66 0 2 0 0
3400 340 300.513 300.367 300.257 300.151 300.055 299.941 299.843 299.744 299.623 299.472 6.05632e+08 54.9911 30.2816 59 57 0 -2 0 0
3410 341 300.516 300.366 300.258 300.15 300.054 299.946 299.844 299.74 299.619 299.476 6.0847e+08 55.1581 30.4235 64 71 0 7 0 0
3420 342 300.521 300.366 300.254 300.155 300.053 299.946 299.844 299.735 299.623 299.474 6.06092e+08 54.7516 30.3046 57 70 0 13 0 0
3430 343 300.521 300.369 300.254 300.153 300.054 299.946 299.845 299.733 299.624 299.475 6.06436e+08 54.768 30.3218 54 61 0 7 0 0
3440 344 300.523 300.368 300.255 300.151 300.058 299.944 299.844 299.734 299.623 299.476 6.03945e+08 54.5293 30.1972 66 69 0 3 0 0
3450 345 300.517 300.374 300.251 300.15 300.055 299.945 299.843 299.736 299.62 299.479 6.05701e+08 54.8509 30.2851 69 56 0 -13 0 0
3460 346 300.518 300.371 300.253 300.15 300.054 299.944 299.841 299.736 299.621 299.482 6.05784e+08 54.9477 30.2892 68 45 0 -23 0 0
3470 347 300.521 300.372 300.248 300.156 300.053 299.943 299.84 299.738 299.623 299.476 6.07597e+08 54.9355 30.3799 46 70 0 24 0 0
3480 348 300.52 300.371 300.251 300.158 300.049 299.939 299.845 299.736 299.626 299.474 6.08384e+08 55.0078 30.4192 69 62 0 -7 0 0
3490 349 300.517 300.373 300.252 300.157 300.044 299.94 299.845 299.738 299.626 299.476 6.09607e+08 55.2186 30.4804 70 58 0 -12 0 0
3500 350 300.517 300.371 300.253 300.155 300.043 299.941 299.844 299.739 299.625 299.472 6.08484e+08 55.0649 30.4242 62 65 0 3 0 0
3510 351 300.518 300.37 300.256 300.154 300.04 299.943 299.84 299.746 299.62 299.473 6.09691e+08 55.1532 30.4845 57 59 0 2 0 0
3520 352 300.52 300.37 300.259 300.151 300.04 299.939 299.843 299.746 299.621 299.475 6.08137e+08 55.005 30.4068 81 61 0 -20 0 0
3530 353 300.517 300.373 300.256 300.15 300.039 299.94 299.843 299.747 299.618 299.477 6.09538e+08 55.2271 30.4769 53 72 0 19 0 0
3540 354 300.513 300.374 300.255 300.15 300.042 299.935 299.846 299.742 299.622 299.476 6.08102e+08 55.1967 30.4051 50 59 0 9 0 0
3550 355 300.511 300.372 300.259 300.144 300.042 299.935 299.845 299.74 299.624 299.479 6.07848e+08 55.3167 30.3924 63 49 0 -14 0 0
3560 356 300.509 300.372 300.262 300.143 300.041 299.938 299.842 299.737 299.625 299.483 6.10029e+08 55.6312 30.5014 66 71 0 5 0 0
3570 357 300.509 300.372 300.258 300.145 300.04 299.938 299.839 299.736 299.626 299.487 6.11282e+08 55.8806 30.5641 65 58 0 -7 0 0
3580 358 300.518 300.372 300.256 300.143 300.04 299.942 299.84 299.732 299.627 299.487 6.11135e+08 55.6561 30.5568 64 65 0 1 0 0
3590 359 300.52 300.368 300.255 300.141 300.038 299.945 299.839 299.73 299.63 299.482 6.07666e+08 55.2797 30.3833 54 61 0 7 0 0
3600 360 300.516 300.37 300.255 300.14 300.038 299.943 299.839 299.734 299.623 299.48 6.07741e+08 55.2351 30.3871 57 57 0 0 0 0
3610 361 300.514 300.369 300.252 300.141 300.038 299.943 299.837 299.741 299.62 299.472 6.06021e+08 55.002 30.3011 52 57 0 5 0 0
3620 362 300.519 300.367 300.251 300.137 300.042 299.938 299.838 299.742 299.617 299.475 6.0579e+08 54.9471 30.2895 66 63 0 -3 0 0
3630 363 300.52 300.367 300.247 300.143 300.036 299.94 299.839 299.742 299.613 299.478 6.07759e+08 55.1254 30.3879 58 64 0 6 0 0
3640 364 300.518 300.368 300.246 300.14 300.038 299.94 299.842 299.741 299.615 299.478 6.09411e+08 55.4095 30.4706 70 58 0 -12 0 0
3650 365 300.527 300.367 300.243 300.138 300.035 299.94 299.846 299.74 299.615 299.477 6.08287e+08 55.1633 30.4144 51 56 0 5 0 0
3660 366 300.526 300.366 300.242 300.135 300.037 299.94 299.846 299.739 299.617 299.471 6.08102e+08 55.0831 30.4051 49 56 0 7 0 0
3670 367 300.519 300.367 300.244 300.136 300.036 299.937 299.847 299.738 299.621 299.469 6.08485e+08 55.2327 30.4243 48 60 0 12 0 0
3680 368 300.518 300.365 300.245 300.131 300.038 299.939 299.845 299.741 299.619 299.47 6.07805e+08 55.3258 30.3903 52 58 0 6 0 0
3690 369 300.515 300.369 300.241 300.131 300.032 299.943 299.845 299.741 299.62 299.467 6.07111e+08 55.2516 30.3556 68 52 0 -16 0 0
3700 370 300.516 300.369 300.243 300.128 300.032 299.943 299.846 299.74 299.62 299.464 6.0581e+08 55.0488 30.2905 52 63 0 11 0 0
3710 371 300.513 300.366 300.246 300.127 300.031 299.943 299.843 299.741 299.623 299.463 6.07086e+08 55.2514 30.3543 54 65 0 11 0 0
3720 372 300.517 300.365 300.245 300.126 300.034 299.942 299.842 299.737 299.629 299.462 6.05749e+08 55.1476 30.2874 65 65 0 0 0 0
3730 373 300.512 300.368 300.241 300.129 300.034 299.942 299.844 299.736 299.626 299.463 6.04499e+08 55.0769 30.225 64 66 0 2 0 0
3740 374 300.52 300.362 300.238 300.135 300.035 299.94 299.838 299.74 299.621 299.473 6.05113e+08 55.1921 30.2557 60 64 0 4 0 0
3750 375 300.521 300.357 300.243 300.135 300.034 299.937 299.842 299.736 299.62 299.478 6.04205e+08 55.2031 30.2102 54 61 0 7 0 0
3760 376 300.519 300.356 300.241 300.135 300.037 299.938 299.84 299.737 299.618 299.475 6.03251e+08 55.094 30.1626 72 48 0 -24 0 0
3770 377 300.522 300.354 300.242 300.135 300.039 299.936 299.841 299.734 299.619 299.475 6.01922e+08 54.8853 30.0961 60 60 0 0 0 0
3780 378 300.516 300.355 300.243 300.134 300.043 299.934 299.841 299.735 299.616 299.473 6.0111e+08 54.8263 30.0555 60 55 0 -5 0 0
3790 379 300.511 300.36 300.243 300.138 300.037 299.935 299.843 299.737 299.611 299.473 6.02093e+08 54.9009 30.1047 68 57 0 -11 0 0
3800 380 300.508 300.359 300.243 300.142 300.033 299.941 299.841 299.736 299.613 299.473 6.04394e+08 55.2073 30.2197 53 61 0 8 0 0
3810 381 300.509 300.363 300.245 300.143 300.033 299.941 299.84 299.737 299.614 299.475 6.03479e+08 55.0508 30.1739 59 58 0 -1 0 0
3820 382 300.512 300.363 300.244 300.147 300.03 299.945 299.837 299.733 299.621 299.47 6.02192e+08 54.7892 30.1096 54 50 0 -4 0 0
3830 383 300.513 300.364 300.247 300.145 300.032 299.946 299.833 299.733 299.622 299.466 6.02682e+08 54.6114 30.1341 54 62 0 8 0 0
3840 384 300.513 300.368 300.248 300.143 300.036 299.941 299.834 299.734 299.623 299.469 6.03371e+08 54.6769 30.1686 51 70 0 19 0 0
3850 385 300.511 300.37 300.249 300.142 300.039 299.938 299.836 299.731 299.626 299.467 6.01829e+08 54.4906 30.0915 71 54 0 -17 0 0
3860 386 300.508 300.371 300.252 300.14 300.044 299.935 299.836 299.731 299.624 299.475 6.01946e+08 54.7036 30.0973 50 63 0 13 0 0
3870 387 300.516 300.374 300.253 300.144 300.042 299.938 299.834 299.73 299.623 299.482 6.01219e+08 54.4774 30.061 66 50 0 -16 0 0
3880 388 300.522 300.374 300.251 300.146 300.041 299.938 299.834 299.73 299.621 299.482 6.00472e+08 54.2323 30.0236 44 63 0 19 0 0
3890 389 300.524 300.37 300.253 300.145 300.047 299.937 299.835 299.726 299.625 299.479 5.99138e+08 54.0212 29.9569 52 61 0 9 0 0
3900 390 300.523 300.372 300.257 300.14 300.05 299.938 299.835 299.725 299.621 299.481 5.98224e+08 53.8849 29.9112 61 55 0 -6 0 0
3910 391 300.519 300.375 300.254 300.14 300.049 299.944 299.83 299.726 299.62 299.477 5.98945e+08 53.9205 29.9473 62 60 0 -2 0 0
3920 392 300.514 300.371 300.257 300.142 300.051 299.94 299.834 299.73 299.617 299.475 5.98729e+08 53.9813 29.9364 52 44 0 -8 0 0
3930 393 300.519 300.369 300.255 300.147 300.048 299.943 299.828 299.735 299.612 299.478 5.99175e+08 53.9641 29.9588 55 63 0 8 0 0
3940 394 300.522 300.364 300.255 300.151 300.049 299.942 299.829 299.733 299.616 299.477 6.01134e+08 54.1438 30.0567 50 62 0 12 0 0
3950 395 300.52 300.361 300.26 300.152 300.047 299.941 299.833 299.733 299.617 299.477 6.02114e+08 54.2901 30.1057 53 50 0 -3 0 0
3960 396 300.514 300.367 300.261 300.153 300.045 299.941 299.837 299.731 299.615 299.475 6.03121e+08 54.3401 30.1561 56 63 0 7 0 0
3970 397 300.509 300.367 300.26 300.155 300.045 299.939 299.84 299.729 299.617 299.471 6.04168e+08 54.4734 30.2084 51 58 0 7 0 0
3980 398 300.509 300.374 300.258 300.154 300.044 299.943 299.842 299.725 299.621 299.473 6.03683e+08 54.4293 30.1842 57 56 0 -1 0 0
3990 399 300.517 300.378 300.258 300.155 300.045 299.946 299.836 299.727 299.623 299.472 6.01822e+08 53.9886 30.0911 60 55 0 -5 0 0
4000 400 300.521 300.378 300.255 300.156 300.045 299.948 299.836 299.726 299.623 299.475 6.00123e+08 53.8028 30.0061 54 50 0 -4 0 0
4010 401 300.52 300.374 300.258 300.153 300.045 299.944 299.844 299.721 299.625 299.475 6.0181e+08 54.0754 30.0905 49 63 0 14 0 0
4020 402 300.525 300.371 300.259 300.151 300.049 299.944 299.842 299.727 299.621 299.477 6.00467e+08 53.9162 30.0234 63 52 0 -11 0 0
4030 403 300.528 300.372 300.264 300.148 300.051 299.943 299.842 299.728 299.621 299.477 6.02275e+08 53.9337 30.1138 56 49 0 -7 0 0
4040 404 300.527 300.374 300.265 300.147 300.052 299.943 299.837 299.737 299.616 299.479 6.02198e+08 53.9367 30.1099 46 55 0 9 0 0
4050 405 300.524 300.377 300.262 300.156 300.048 299.944 299.837 299.739 299.617 299.475 6.02527e+08 53.9393 30.1264 56 46 0 -10 0 0
4060 406 300.522 300.375 300.264 300.157 300.042 299.949 299.841 299.738 299.617 299.476 5.99175e+08 53.7441 29.9588 57 54 0 -3 0 0
4070 407 300.523 300.374 300.268 300.158 300.043 299.949 299.839 299.734 299.622 299.471 5.99489e+08 53.6052 29.9745 45 56 0 11 0 0
4080 408 300.521 300.38 300.262 300.159 300.046 299.95 299.84 299.734 299.623 299.465 5.98616e+08 53.401 29.9308 59 54 0 -5 0 0
4090 409 300.52 300.382 300.26 300.159 300.048 299.942 299.848 299.737 299.622 299.465 5.97305e+08 53.3553 29.8653 51 48 0 -3 0 0
4100 410 300.521 300.385 300.256 300.159 300.053 299.936 299.849 299.741 299.62 299.466 5.97773e+08 53.3889 29.8886 63 55 0 -8 0 0
4110 411 300.528 300.383 300.257 300.157 300.056 299.939 299.848 299.743 299.615 299.474 5.95244e+08 53.1622 29.7622 64 53 0 -11 0 0
4120 412 300.528 300.382 300.26 300.153 300.059 299.941 299.848 299.742 299.616 299.475 5.95917e+08 53.2251 29.7959 61 71 0 10 0 0
4130 413 300.526 300.384 300.261 300.153 300.053 299.945 299.847 299.744 299.619 299.471 5.94002e+08 53.0716 29.7001 46 51 0 5 0 0
4140 414 300.526 300.381 300.262 300.158 300.046 299.95 299.845 299.745 299.623 299.467 5.95226e+08 53.2351 29.7613 60 51 0 -9 0 0
4150 415 300.527 300.379 300.264 300.155 300.045 299.952 299.849 299.744 299.62 299.469 5.94878e+08 53.1954 29.7439 49 65 0 16 0 0
4160 416 300.528 300.38 300.268 300.151 300.044 299.957 299.848 299.743 299.624 299.47 5.95272e+08 53.2679 29.7636 40 54 0 14 0 0
4170 417 300.523 300.379 300.271 300.15 300.046 299.951 299.849 299.746 299.619 299.472 5.94415e+08 53.3076 29.7208 53 59 0 6 0 0
4180 418 300.526 300.378 300.27 300.149 300.047 299.948 299.852 299.747 299.62 299.469 5.93146e+08 53.1516 29.6573 58 59 0 1 0 0
4190 419 300.53 300.376 300.267 300.15 300.05 299.951 299.854 299.745 299.62 299.469 5.91222e+08 52.8955 29.5611 45 50 0 5 0 0
4200 420 300.528 300.379 300.265 300.154 300.051 299.947 299.857 299.741 299.623 299.468 5.8939e+08 52.7283 29.4695 42 57 0 15 0 0
4210 421 300.528 300.38 300.262 300.156 300.053 299.945 299.858 299.738 299.626 299.469 5.88509e+08 52.7037 29.4255 46 36 0 -10 0 0
4220 422 300.522 300.378 300.259 300.162 300.047 299.949 299.857 299.74 299.622 299.475 5.91545e+08 53.2658 29.5773 59 66 0 7 0 0
4230 423 300.525 300.38 300.256 300.16 300.049 299.953 299.851 299.743 299.619 299.481 5.92389e+08 53.3686 29.6194 54 54 0 0 0 0
4240 424 300.521 300.381 300.259 300.157 300.051 299.952 299.852 299.741 299.62 299.481 5.92476e+08 53.4692 29.6238 48 47 0 -1 0 0
4250 425 300.517 300.377 300.264 300.156 300.051 299.958 299.849 299.738 299.621 299.478 5.93409e+08 53.5515 29.6704 48 62 0 14 0 0
4260 426 300.513 300.379 300.262 300.157 300.054 299.956 299.851 299.734 299.626 299.476 5.9447e+08 53.7168 29.7235 58 66 0 8 0 0
4270 427 300.519 300.375 300.261 300.159 300.054 299.959 299.844 299.737 299.631 299.472 5.94116e+08 53.5975 29.7058 49 67 0 18 0 0
4280 428 300.523 300.372 300.261 300.161 300.054 299.96 299.841 299.741 299.627 299.474 5.93289e+08 53.4632 29.6645 43 58 0 15 0 0
4290 429 300.525 300.371 300.265 300.155 300.061 299.957 299.842 299.738 299.628 299.475 5.93344e+08 53.398 29.6672 61 54 0 -7 0 0
4300 430 300.525 300.373 300.259 300.159 300.063 299.956 299.844 299.737 299.624 299.481 5.9492e+08 53.6222 29.746 61 55 0 -6 0 0
4310 431 300.527 300.375 300.257 300.161 300.062 299.957 299.844 299.738 299.625 299.478 5.93742e+08 53.3931 29.6871 58 58 0 0 0 0
4320 432 300.528 300.378 300.255 300.161 300.063 299.954 299.85 299.733 299.624 299.479 5.94391e+08 53.3797 29.7195 57 60 0 3 0 0
4330 433 300.53 300.38 300.254 300.159 300.066 299.954 299.849 299.735 299.623 299.477 5.93679e+08 53.2065 29.6839 51 60 0 9 0 0
4340 434 300.525 300.386 300.255 300.157 300.064 299.957 299.846 299.742 299.62 299.472 5.94734e+08 53.2159 29.7367 54 63 0 9 0 0
4350 435 300.526 300.387 300.259 300.151 300.065 299.956 299.848 299.742 299.622 299.469 5.93188e+08 52.9853 29.6594 45 46 0 1 0 0
4360 436 300.525 300.388 300.264 300.15 300.062 299.955 299.849 299.747 299.616 299.471 5.94537e+08 53.0992 29.7268 46 55 0 9 0 0
4370 437 300.525 300.39 300.263 300.149 300.058 299.957 299.848 299.75 299.62 299.469 5.9478e+08 53.1678 29.739 52 63 0 11 0 0
4380 438 300.533 300.388 300.262 300.15 300.057 299.957 299.849 299.746 299.623 299.467 5.94759e+08 52.9431 29.738 48 54 0 6 0 0
4390 439 300.541 300.384 300.259 300.157 300.052 299.956 299.851 299.747 299.624 299.468 5.95324e+08 52.9457 29.7662 62 56 0 -6 0 0
4400 440 300.537 300.38 300.264 300.153 300.051 299.96 299.847 299.749 299.625 299.471 5.95864e+08 53.25 29.7932 42 50 0 8 0 0
4410 441 300.535 300.38 300.264 300.151 300.052 299.959 299.849 299.747 299.624 299.479 5.97926e+08 53.6568 29.8963 48 48 0 0 0 0
4420 442 300.528 300.381 300.262 300.155 300.051 299.953 299.854 299.746 299.621 299.485 5.98804e+08 54.0438 29.9402 40 64 0 24 0 0
4430 443 300.53 300.373 300.265 300.153 300.054 299.95 299.853 299.747 299.625 299.479 5.97529e+08 53.8951 29.8765 50 53 0 3 0 0
4440 444 300.531 300.373 300.267 300.151 300.056 299.95 299.856 299.743 299.627 299.478 5.94985e+08 53.6427 29.7493 56 54 0 -2 0 0
4450 445 300.521 300.376 300.264 300.152 300.053 299.952 299.853 299.745 299.629 299.477 5.96257e+08 53.9696 29.8128 51 45 0 -6 0 0
4460 446 300.522 300.375 300.261 300.155 300.053 299.951 299.852 299.745 299.632 299.474 5.96252e+08 53.9733 29.8126 42 43 0 1 0 0
4470 447 300.516 300.378 300.26 300.157 300.053 299.95 299.853 299.747 299.63 299.477 5.94072e+08 53.9693 29.7036 53 49 0 -4 0 0
4480 448 300.516 300.378 300.259 300.159 300.051 299.952 299.853 299.745 299.63 299.485 5.9506e+08 54.2111 29.753 46 48 0 2 0 0
4490 449 300.513 300.381 300.254 300.163 300.051 299.951 299.85 299.746 299.631 299.484 5.95406e+08 54.3102 29.7703 48 58 0 10 0 0
4500 450 300.52 300.378 300.256 300.164 300.053 299.95 299.848 299.743 299.632 299.482 5.9318e+08 53.8717 29.659 54 51 0 -3 0 0
4510 451 300.526 300.377 300.255 300.16 300.057 299.948 299.852 299.745 299.626 299.483 5.91461e+08 53.5211 29.573 52 53 0 1 0 0
4520 452 300.521 300.376 300.262 300.157 300.057 299.948 299.851 299.747 299.624 299.486 5.93023e+08 53.7968 29.6511 57 49 0 -8 0 0
4530 453 300.524 300.375 300.266 300.153 300.059 299.948 299.852 299.744 299.624 299.489 5.93676e+08 53.8535 29.6838 56 51 0 -5 0 0
4540 454 300.524 300.376 300.267 300.15 300.059 299.952 299.852 299.738 299.631 299.483 5.91546e+08 53.5303 29.5773 56 53 0 -3 0 0
4550 455 300.526 300.375 300.265 300.156 300.054 299.955 299.853 299.735 299.63 299.48 5.92347e+08 53.4706 29.6173 50 60 0 10 0 0
4560 456 300.519 300.379 300.264 300.158 300.056 299.952 299.856 299.734 299.631 299.48 5.94234e+08 53.7313 29.7117 58 57 0 -1 0 0
4570 457 300.52 300.376 300.264 300.164 300.053 299.954 299.849 299.741 299.631 299.478 5.92658e+08 53.5525 29.6329 59 48 0 -11 0 0
4580 458 300.517 300.376 300.261 300.167 300.054 299.953 299.848 299.739 299.634 299.474 5.94385e+08 53.7533 29.7193 41 58 0 17 0 0
4590 459 300.512 300.376 300.266 300.162 300.059 299.953 299.849 299.736 299.636 299.471 5.94891e+08 53.8027 29.7446 46 57 0 11 0 0
4600 460 300.519 300.374 300.263 300.164 300.058 299.953 299.851 299.739 299.627 299.475 5.92883e+08 53.4776 29.6441 60 48 0 -12 0 0
4610 461 300.516 300.373 300.261 300.166 300.061 299.951 299.849 299.747 299.619 299.476 5.92552e+08 53.5312 29.6276 45 54 0 9 0 0
4620 462 300.521 300.372 300.261 300.165 300.059 299.958 299.841 299.747 299.623 299.475 5.91205e+08 53.318 29.5602 45 58 0 13 0 0
4630 463 300.52 300.373 300.26 300.161 300.063 299.957 299.846 299.746 299.621 299.475 5.91113e+08 53.335 29.5556 65 42 0 -23 0 0
4640 464 300.523 300.374 300.261 300.157 300.06 299.959 299.848 299.744 299.626 299.474 5.9328e+08 53.5072 29.664 62 47 0 -15 0 0
4650 465 300.523 300.377 300.262 300.155 300.059 299.96 299.847 299.744 299.626 299.469 5.93724e+08 53.35 29.6862 55 53 0 -2 0 0
4660 466 300.527 300.384 300.256 300.153 300.058 299.96 299.854 299.741 299.625 299.467 5.9187e+08 53.0451 29.5935 51 53 0 2 0 0
4670 467 300.521 300.384 300.255 300.155 300.053 299.962 299.858 299.738 299.623 299.472 5.93553e+08 53.4159 29.6777 51 51 0 0 0 0
4680 468 300.524 300.388 300.257 300.156 300.05 299.959 299.861 299.742 299.621 299.475 5.93362e+08 53.3107 29.6681 48 56 0 8 0 0
4690 469 300.534 300.381 300.261 300.153 300.052 299.959 299.854 299.746 299.622 299.474 5.90556e+08 52.9169 29.5278 44 55 0 11 0 0
4700 470 300.533 300.375 300.264 300.154 300.052 299.96 299.851 299.744 299.621 299.48 5.92867e+08 53.2588 29.6434 45 37 0 -8 0 0
4710 471 300.528 300.372 300.264 300.157 300.047 299.96 299.85 299.745 299.622 299.478 5.96363e+08 53.711 29.8181 44 59 0 15 0 0
4720 472 300.526 300.372 300.264 300.157 300.052 299.957 299.846 299.747 299.62 299.479 5.9582e+08 53.7317 29.791 47 46 0 -1 0 0
4730 473 300.528 300.368 300.266 300.155 300.057 299.953 299.847 299.748 299.622 299.48 5.96199e+08 53.8627 29.81 51 48 0 -3 0 0
4740 474 300.524 300.367 300.268 300.154 300.057 299.954 299.847 299.748 299.618 299.484 5.95864e+08 53.9529 29.7932 47 45 0 -2 0 0
4750 475 300.521 300.367 300.268 300.157 300.057 299.951 299.85 299.746 299.619 299.483 5.96422e+08 54.029 29.8211 53 43 0 -10 0 0
4760 476 300.52 300.369 300.264 300.158 300.057 299.949 299.849 299.739 299.625 299.485 5.96203e+08 54.08 29.8101 58 50 0 -8 0 0
4770 477 300.515 300.373 300.265 300.157 300.052 299.955 299.848 299.741 299.622 299.482 5.97812e+08 54.1888 29.8906 60 60 0 0 0 0
4780 478 300.516 300.378 300.263 300.159 300.049 299.956 299.842 299.743 299.622 299.482 5.95689e+08 53.8725 29.7844 51 46 0 -5 0 0
4790 479 300.522 300.378 300.26 300.162 300.049 299.952 299.843 299.744 299.624 299.481 5.94884e+08 53.6817 29.7442 40 56 0 16 0 0
4800 480 300.529 300.381 300.257 300.161 300.051 299.949 299.844 299.742 299.625 299.481 5.91284e+08 53.1445 29.5642 45 56 0 11 0 0
4810 481 300.526 300.38 300.26 300.158 300.053 299.947 299.847 299.736 299.631 299.472 5.92007e+08 53.1154 29.6004 58 63 0 5 0 0
4820 482 300.529 300.379 300.261 300.159 300.051 299.95 299.844 299.735 299.632 299.472 5.90972e+08 52.9433 29.5486 43 53 0 10 0 0
4830 483 300.53 300.378 300.263 300.157 300.048 299.949 299.843 299.736 299.631 299.475 5.91873e+08 53.0727 29.5936 53 49 0 -4 0 0
4840 484 300.534 300.377 300.266 300.158 300.045 299.948 299.845 299.737 299.631 299.473 5.91715e+08 52.8743 29.5857 48 47 0 -1 0 0
4850 485 300.532 300.377 300.266 300.157 300.047 299.943 299.846 299.739 299.629 299.474 5.90313e+08 52.8147 29.5156 54 42 0 -12 0 0
4860 486 300.532 300.379 300.267 300.155 300.046 299.941 299.849 299.74 299.627 299.475 5.91925e+08 52.9764 29.5963 48 51 0 3 0 0
4870 487 300.53 300.383 300.266 300.146 300.051 299.944 299.846 299.742 299.628 299.474 5.95059e+08 53.2966 29.753 54 55 0 1 0 0
4880 488 300.533 300.385 300.264 300.143 300.055 299.944 299.841 299.746 299.628 299.476 5.93232e+08 53.1311 29.6616 54 51 0 -3 0 0
4890 489 300.536 300.38 300.263 300.147 300.05 299.95 299.836 299.746 299.625 299.477 5.95013e+08 53.2348 29.7506 43 55 0 12 0 0
4900 490 300.53 300.385 300.26 300.148 300.045 299.951 299.838 299.744 299.627 299.477 5.96737e+08 53.562 29.8369 54 55 0 1 0 0
4910 491 300.529 300.385 300.263 300.144 300.046 299.949 299.841 299.739 299.63 299.476 5.97466e+08 53.6073 29.8733 46 50 0 4 0 0
4920 492 300.525 300.382 300.263 300.144 300.049 299.945 299.844 299.739 299.626 299.483 5.98577e+08 53.9849 29.9288 57 48 0 -9 0 0
4930 493 300.523 300.381 300.261 300.147 300.046 299.942 299.843 299.741 299.628 299.479 5.99523e+08 54.1116 29.9761 56 41 0 -15 0 0
4940 494 300.524 300.381 300.257 300.152 300.044 299.942 299.842 299.74 299.631 299.477 5.97113e+08 53.8787 29.8557 53 41 0 -12 0 0
4950 495 300.523 300.376 300.262 300.15 300.045 299.94 299.841 299.745 299.629 299.473 5.9657e+08 53.772 29.8285 57 56 0 -1 0 0
4960 496 300.526 300.371 300.263 300.154 300.042 299.939 299.844 299.745 299.629 299.471 5.97788e+08 53.8457 29.8894 60 60 0 0 0 0
4970 497 300.527 300.372 300.262 300.154 300.043 299.939 299.844 299.747 299.627 299.47 5.97475e+08 53.7347 29.8738 65 52 0 -13 0 0
4980 498 300.53 300.372 300.259 300.156 300.041 299.943 299.845 299.741 299.627 299.47 5.98062e+08 53.7032 29.9031 52 53 0 1 0 0
4990 499 300.526 300.374 300.258 300.153 300.041 299.947 299.844 299.739 299.628 299.475 5.96381e+08 53.7843 29.819 41 54 0 13 0 0
5000 500 300.521 300.372 300.259 300.153 300.043 299.948 299.845 299.739 299.624 299.481 5.96355e+08 54.0131 29.8177 50 52 0 2 0 0
5010 501 300.52 300.377 300.255 300.152 300.043 299.95 299.847 299.738 299.622 299.478 5.96697e+08 53.912 29.8348 46 59 0 13 0 0
5020 502 300.523 300.371 300.254 300.153 300.049 299.941 299.852 299.739 299.62 299.474 5.95942e+08 53.7698 29.7971 56 63 0 7 0 0
5030 503 300.522 300.372 300.255 300.15 300.054 299.941 299.853 299.741 299.619 299.474 5.95378e+08 53.7535 29.7689 43 57 0 14 0 0
5040 504 300.521 300.374 300.256 300.149 300.053 299.943 299.855 299.743 299.616 299.474 5.94524e+08 53.6605 29.7262 52 60 0 8 0 0
5050 505 300.522 300.375 300.256 300.142 300.056 299.945 299.851 299.744 299.614 299.48 5.92614e+08 53.5612 29.6307 48 58 0 10 0 0
5060 506 300.517 300.374 300.256 300.145 300.055 299.95 299.85 299.743 299.617 299.475 5.91189e+08 53.4885 29.5594 50 50 0 0 0 0
5070 507 300.513 300.375 300.253 300.152 300.049 299.953 299.851 299.743 299.618 299.475 5.89008e+08 53.4484 29.4504 46 42 0 -4 0 0
5080 508 300.512 300.376 300.252 300.154 300.047 299.952 299.852 299.744 299.616 299.476 5.87876e+08 53.3462 29.3938 46 51 0 5 0 0
5090 509 300.514 300.371 300.255 300.157 300.046 299.955 299.851 299.743 299.617 299.477 5.88051e+08 53.3845 29.4026 54 52 0 -2 0 0
5100 510 300.52 300.368 300.257 300.155 300.046 299.956 299.853 299.743 299.616 299.48 5.88231e+08 53.3471 29.4116 50 54 0 4 0 0
5110 511 300.519 300.37 300.257 300.154 300.047 299.955 299.858 299.74 299.619 299.478 5.85725e+08 53.1282 29.2862 61 59 0 -2 0 0
5120 512 300.52 300.373 300.255 300.151 300.051 299.958 299.856 299.738 299.622 299.479 5.88333e+08 53.3512 29.4167 44 59 0 15 0 0
5130 513 300.519 300.375 300.256 300.147 300.054 299.956 299.855 299.74 299.625 299.479 5.88497e+08 53.4628 29.4248 35 50 0 15 0 0
5140 514 300.522 300.376 300.253 300.149 300.055 299.96 299.85 299.742 299.627 299.475 5.87441e+08 53.2146 29.3721 49 49 0 0 0 0
5150 515 300.525 300.381 300.254 300.145 300.06 299.959 299.848 299.742 299.624 299.48 5.88445e+08 53.1807 29.4222 53 50 0 -3 0 0
5160 516 300.529 300.381 300.254 300.15 300.055 299.958 299.85 299.74 299.627 299.475 5.88803e+08 53.0068 29.4401 56 63 0 7 0 0
5170 517 300.531 300.381 300.254 300.157 300.052 299.959 299.851 299.74 299.628 299.474 5.88034e+08 52.83 29.4017 44 42 0 -2 0 0
5180 518 300.532 300.377 300.257 300.157 300.051 299.956 299.851 299.742 299.626 299.478 5.88621e+08 52.9935 29.431 49 46 0 -3 0 0
5190 519 300.531 300.379 300.257 300.156 300.053 299.959 299.848 299.74 299.628 299.48 5.89477e+08 53.0985 29.4738 49 44 0 -5 0 0
5200 520 300.535 300.373 300.259 300.158 300.058 299.952 299.848 299.739 299.632 299.482 5.89778e+08 53.1662 29.4889 51 48 0 -3 0 0
5210 521 300.538 300.372 300.26 300.159 300.061 299.952 299.843 299.739 299.633 299.483 5.91394e+08 53.252 29.5697 52 52 0 0 0 0
5220 522 300.532 300.372 300.263 300.155 300.065 299.948 299.845 299.742 299.629 299.49 5.89441e+08 53.3496 29.4721 45 40 0 -5 0 0
5230 523 300.525 300.377 300.263 300.15 300.071 299.945 299.846 299.741 299.629 299.487 5.90852e+08 53.4853 29.5426 54 47 0 -7 0 0
5240 524 300.522 300.377 300.264 300.153 300.07 299.946 299.844 299.74 299.63 299.483 5.92573e+08 53.5613 29.6287 43 61 0 18 0 0
5250 525 300.525 300.375 300.262 300.158 300.065 299.952 299.843 299.739 299.631 299.481 5.91226e+08 53.376 29.5613 49 45 0 -4 0 0
5260 526 300.523 300.377 300.259 300.161 300.059 299.956 299.842 299.738 299.635 299.478 5.91755e+08 53.472 29.5877 51 45 0 -6 0 0
5270 527 300.521 300.376 300.261 300.159 300.055 299.964 299.843 299.736 299.636 299.481 5.92041e+08 53.6613 29.602 50 53 0 3 0 0
5280 528 300.519 300.371 300.265 300.158 300.054 299.964 299.841 299.74 299.63 299.484 5.94166e+08 53.9389 29.7083 51 47 0 -4 0 0
5290 529 300.517 300.37 300.265 300.159 300.054 299.963 299.844 299.741 299.624 299.488 5.9529e+08 54.1597 29.7645 50 45 0 -5 0 0
5300 530 300.514 300.375 300.269 300.155 300.054 299.958 299.85 299.737 299.626 299.489 5.95143e+08 54.1596 29.7572 56 50 0 -6 0 0
5310 531 300.513 300.377 300.266 300.155 300.056 299.952 299.852 299.743 299.624 299.487 5.94567e+08 54.0834 29.7284 56 48 0 -8 0 0
5320 532 300.517 300.377 300.264 300.157 300.057 299.947 299.854 299.743 299.624 299.487 5.91847e+08 53.7645 29.5924 63 44 0 -19 0 0
5330 533 300.521 300.38 300.267 300.157 300.056 299.944 299.855 299.742 299.628 299.485 5.91816e+08 53.5915 29.5908 47 52 0 5 0 0
5340 534 300.523 300.375 300.272 300.16 300.05 299.944 299.854 299.74 299.632 299.484 5.93392e+08 53.7106 29.6696 42 53 0 11 0 0
5350 535 300.523 300.375 300.272 300.162 300.049 299.946 299.849 299.746 299.63 299.486 5.94667e+08 53.8689 29.7333 47 51 0 4 0 0
5360 536 300.525 300.374 300.272 300.165 300.045 299.946 299.845 299.751 299.625 299.492 5.94285e+08 53.8723 29.7142 42 57 0 15 0 0
5370 537 300.523 300.376 300.271 300.164 300.049 299.947 299.84 299.752 299.63 299.482 5.92066e+08 53.4998 29.6033 38 44 0 6 0 0
5380 538 300.523 300.38 300.265 300.166 300.053 299.944 299.839 299.75 299.634 299.477 5.92028e+08 53.3648 29.6014 55 47 0 -8 0 0
5390 539 300.522 300.385 300.263 300.162 300.057 299.943 299.84 299.746 299.64 299.475 5.92065e+08 53.368 29.6032 49 44 0 -5 0 0
5400 540 300.525 300.385 300.263 300.161 300.058 299.944 299.841 299.746 299.639 299.482 5.96341e+08 53.8575 29.817 40 42 0 2 0 0
5410 541 300.522 300.386 300.269 300.155 300.059 299.944 299.847 299.741 299.639 299.48 5.97908e+08 53.9454 29.8954 50 48 0 -2 0 0
5420 542 300.527 300.388 300.264 300.157 300.057 299.943 299.851 299.744 299.631 299.488 5.99227e+08 54.0667 29.9613 46 45 0 -1 0 0
5430 543 300.527 300.388 300.268 300.157 300.052 299.945 299.851 299.746 299.624 299.49 5.97904e+08 53.8691 29.8952 50 39 0 -11 0 0
5440 544 300.528 300.386 300.273 300.155 300.045 299.95 299.852 299.748 299.625 299.482 5.96742e+08 53.6042 29.8371 41 55 0 14 0 0
5450 545 300.532 300.391 300.264 300.158 300.045 299.952 299.852 299.748 299.627 299.481 5.98145e+08 53.6172 29.9073 47 49 0 2 0 0
5460 546 300.534 300.391 300.261 300.164 300.042 299.95 299.858 299.743 299.631 299.476 5.97463e+08 53.4718 29.8732 42 59 0 17 0 0
5470 547 300.534 300.392 300.256 300.16 300.047 299.952 299.857 299.741 299.634 299.476 5.97101e+08 53.5211 29.8551 46 43 0 -3 0 0
5480 548 300.537 300.391 300.257 300.159 300.043 299.962 299.85 299.747 299.631 299.477 5.98317e+08 53.5973 29.9159 50 43 0 -7 0 0
5490 549 300.544 300.385 300.258 300.157 300.047 299.96 299.85 299.747 299.633 299.48 5.98675e+08 53.6904 29.9338 38 46 0 8 0 0
5500 550 300.541 300.382 300.261 300.149 300.053 299.958 299.853 299.749 299.632 299.482 5.99288e+08 53.9669 29.9644 52 47 0 -5 0 0
5510 551 300.543 300.38 300.261 300.15 300.056 299.954 299.857 299.751 299.627 299.485 6.0095e+08 54.1085 30.0475 51 52 0 1 0 0
5520 552 300.536 300.38 300.266 300.146 300.061 299.952 299.857 299.749 299.628 299.486 6.0402e+08 54.5212 30.201 46 49 0 3 0 0
5530 553 300.536 300.377 300.266 300.149 300.057 299.952 299.86 299.748 299.626 299.483 6.01549e+08 54.2262 30.0775 47 53 0 6 0 0
5540 554 300.529 300.381 300.263 300.153 300.049 299.957 299.86 299.749 299.623 299.482 6.01435e+08 54.335 30.0718 41 43 0 2 0 0
5550 555 300.527 300.375 300.267 300.156 300.045 299.957 299.859 299.749 299.623 299.484 5.99175e+08 54.2574 29.9587 34 41 0 7 0 0
5560 556 300.53 300.376 300.264 300.158 300.048 299.957 299.858 299.747 299.625 299.481 5.96431e+08 53.8685 29.8216 45 47 0 2 0 0
5570 557 300.526 300.379 300.265 300.158 300.047 299.956 299.86 299.747 299.626 299.48 5.96701e+08 53.9253 29.835 46 41 0 -5 0 0
5580 558 300.53 300.381 300.264 300.156 300.05 299.954 299.855 299.748 299.63 299.477 5.94857e+08 53.6073 29.7428 46 47 0 1 0 0
5590 559 300.539 300.375 300.266 300.153 300.055 299.952 299.853 299.751 299.629 299.479 5.94679e+08 53.4988 29.734 48 51 0 3 0 0
5600 560 300.543 300.371 300.268 300.154 300.054 299.95 299.854 299.75 299.633 299.473 5.91121e+08 53.0289 29.556 59 46 0 -13 0 0
5610 561 300.539 300.375 300.263 300.156 300.056 299.953 299.845 299.752 299.636 299.473 5.93403e+08 53.3323 29.6702 37 51 0 14 0 0
5620 562 300.54 300.372 300.265 300.155 300.053 299.956 299.847 299.751 299.632 299.476 5.93378e+08 53.3482 29.6689 45 46 0 1 0 0
5630 563 300.53 300.38 300.261 300.154 300.058 299.955 299.845 299.748 299.634 299.479 5.95962e+08 53.7903 29.7981 47 37 0 -10 0 0
5640 564 300.521 300.388 300.26 300.155 300.057 299.952 299.849 299.748 299.632 299.48 5.95306e+08 53.8357 29.7653 46 46 0 0 0 0
5650 565 300.525 300.386 300.264 300.153 300.057 299.95 299.849 299.751 299.625 299.483 5.96127e+08 53.7831 29.8063 49 32 0 -17 0 0
5660 566 300.531 300.385 300.264 300.156 300.049 299.951 299.856 299.747 299.625 299.479 5.93132e+08 53.2774 29.6566 55 48 0 -7 0 0
5670 567 300.535 300.383 300.265 300.158 300.046 299.952 299.857 299.744 299.623 299.481 5.91393e+08 53.0234 29.5697 37 48 0 11 0 0
5680 568 300.528 300.384 300.264 300.161 300.047 299.954 299.854 299.742 299.625 299.474 5.9412e+08 53.2022 29.706 42 52 0 10 0 0
5690 569 300.533 300.377 300.267 300.16 300.046 299.956 299.856 299.74 299.629 299.47 5.91903e+08 52.9639 29.5951 36 49 0 13 0 0
5700 570 300.53 300.38 300.266 300.163 300.047 299.956 299.853 299.741 299.629 299.476 5.94179e+08 53.3084 29.7089 40 44 0 4 0 0
5710 571 300.525 300.38 300.268 300.163 300.052 299.949 299.859 299.74 299.628 299.473 5.95651e+08 53.4311 29.7825 48 44 0 -4 0 0
5720 572 300.525 300.378 300.271 300.162 300.053 299.952 299.852 299.745 299.627 299.476 5.95443e+08 53.5066 29.7722 39 41 0 2 0 0
5730 573 300.531 300.377 300.268 300.162 300.054 299.955 299.849 299.746 299.627 299.477 5.96662e+08 53.5673 29.8331 38 52 0 14 0 0
5740 574 300.531 300.375 300.272 300.163 300.056 299.955 299.847 299.747 299.626 299.478 5.96669e+08 53.5369 29.8334 49 49 0 0 0 0
5750 575 300.53 300.379 300.272 300.16 300.058 299.955 299.852 299.742 299.626 299.482 5.98132e+08 53.694 29.9066 40 55 0 15 0 0
5760 576 300.528 300.383 300.268 300.158 300.063 299.951 299.854 299.741 299.629 299.478 5.95525e+08 53.4341 29.7763 55 55 0 0 0 0
5770 577 300.526 300.385 300.268 300.159 300.063 299.953 299.854 299.742 299.624 299.475 5.96064e+08 53.3242 29.8032 36 58 0 22 0 0
5780 578 300.526 300.388 300.272 300.155 300.06 299.96 299.851 299.743 299.623 299.48 5.94702e+08 53.2449 29.7351 62 49 0 -13 0 0
5790 579 300.529 300.39 300.271 300.152 300.061 299.962 299.849 299.742 299.625 299.477 5.94014e+08 53.0211 29.7007 56 41 0 -15 0 0
5800 580 300.536 300.387 300.271 300.157 300.06 299.961 299.851 299.738 299.622 299.477 5.95695e+08 52.9455 29.7848 50 45 0 -5 0 0
5810 581 300.534 300.388 300.268 300.159 300.063 299.957 299.852 299.743 299.62 299.476 5.94037e+08 52.8431 29.7019 27 45 0 18 0 0
5820 582 300.533 300.383 300.27 300.161 300.061 299.957 299.856 299.738 299.624 299.478 5.96074e+08 53.187 29.8037 52 42 0 -10 0 0
5830 583 300.536 300.378 300.275 300.162 300.059 299.96 299.853 299.738 299.626 299.472 5.93787e+08 52.7955 29.6894 44 56 0 12 0 0
5840 584 300.532 300.384 300.269 300.164 300.062 299.96 299.851 299.74 299.622 299.475 5.93221e+08 52.8294 29.6611 40 45 0 5 0 0
5850 585 300.53 300.39 300.267 300.165 300.068 299.959 299.847 299.745 299.621 299.476 5.9217e+08 52.7171 29.6085 45 39 0 -6 0 0
5860 586 300.528 300.394 300.262 300.166 300.067 299.958 299.848 299.748 299.619 299.479 5.9307e+08 52.8736 29.6535 34 48 0 14 0 0
5870 587 300.527 300.388 300.266 300.17 300.067 299.956 299.851 299.744 299.622 299.479 5.89581e+08 52.6571 29.479 46 42 0 -4 0 0
5880 588 300.527 300.39 300.268 300.165 300.071 299.959 299.846 299.749 299.618 299.477 5.89251e+08 52.5082 29.4626 44 45 0 1 0 0
5890 589 300.526 300.391 300.267 300.164 300.071 299.961 299.849 299.747 299.621 299.473 5.88193e+08 52.3726 29.4097 49 32 0 -17 0 0
5900 590 300.531 300.385 300.27 300.166 300.069 299.961 299.849 299.748 299.622 299.467 5.84375e+08 51.8909 29.2187 48 49 0 1 0 0
5910 591 300.528 300.386 300.272 300.17 300.064 299.96 299.854 299.743 299.626 299.464 5.87106e+08 52.1357 29.3553 48 42 0 -6 0 0
5920 592 300.527 300.382 300.276 300.169 300.061 299.961 299.858 299.741 299.624 299.471 5.87125e+08 52.3207 29.3562 45 50 0 5 0 0
5930 593 300.523 300.386 300.275 300.169 300.061 299.964 299.856 299.745 299.619 299.471 5.8612e+08 52.2097 29.306 46 57 0 11 0 0
5940 594 300.524 300.388 300.279 300.162 300.062 299.963 299.863 299.745 299.618 299.473 5.86033e+08 52.2275 29.3017 47 38 0 -9 0 0
5950 595 300.527 300.388 300.278 300.161 300.062 299.961 299.864 299.746 299.619 299.471 5.82263e+08 51.8348 29.1132 45 59 0 14 0 0
5960 596 300.523 300.395 300.276 300.159 300.061 299.961 299.862 299.749 299.624 299.47 5.81669e+08 51.8677 29.0835 54 37 0 -17 0 0
5970 597 300.526 300.395 300.273 300.159 300.062 299.963 299.865 299.746 299.627 299.468 5.82987e+08 51.9427 29.1493 42 43 0 1 0 0
5980 598 300.529 300.395 300.267 300.161 300.057 299.966 299.864 299.747 299.628 299.472 5.82142e+08 52.0264 29.1071 60 41 0 -19 0 0
5990 599 300.533 300.39 300.268 300.159 300.059 299.969 299.86 299.749 299.632 299.471 5.83034e+08 52.1448 29.1517 41 44 0 3 0 0
6000 600 300.538 300.388 300.267 300.157 300.061 299.967 299.861 299.75 299.635 299.479 5.84324e+08 52.4789 29.2162 46 41 0 -5 0 0
6010 601 300.533 300.385 300.27 300.154 300.065 299.965 299.859 299.751 299.635 299.483 5.83887e+08 52.699 29.1944 38 38 0 0 0 0
6020 602 300.527 300.389 300.263 300.157 300.065 299.964 299.859 299.752 299.638 299.483 5.85418e+08 53.0596 29.2709 49 40 0 -9 0 0
6030 603 300.529 300.386 300.259 300.163 300.062 299.965 299.859 299.751 299.641 299.488 5.82565e+08 52.9971 29.1282 42 43 0 1 0 0
6040 604 300.534 300.385 300.257 300.162 300.066 299.962 299.86 299.752 299.638 299.489 5.82262e+08 52.8663 29.1131 42 60 0 18 0 0
6050 605 300.532 300.385 300.256 300.167 300.063 299.964 299.857 299.752 299.638 299.491 5.81453e+08 52.8955 29.0726 44 38 0 -6 0 0
6060 606 300.531 300.383 300.261 300.162 300.063 299.969 299.855 299.754 299.636 299.488 5.82835e+08 52.9416 29.1417 43 50 0 7 0 0
6070 607 300.534 300.376 300.269 300.16 300.062 299.967 299.859 299.751 299.636 299.483 5.83236e+08 52.84 29.1618 46 55 0 9 0 0
6080 608 300.536 300.37 300.273 300.162 300.062 299.968 299.858 299.752 299.637 299.484 5.84894e+08 53.0053 29.2447 41 40 0 -1 0 0
6090 609 300.537 300.373 300.272 300.159 300.065 299.967 299.854 299.755 299.635 299.486 5.85276e+08 52.9999 29.2638 54 33 0 -21 0 0
6100 610 300.535 300.378 300.273 300.156 300.071 299.964 299.854 299.753 299.636 299.49 5.84724e+08 52.9873 29.2362 39 30 0 -9 0 0
6110 611 300.528 300.38 300.276 300.159 300.066 299.959 299.858 299.75 299.633 299.488 5.84658e+08 52.9368 29.2329 38 48 0 10 0 0
6120 612 300.523 300.386 300.27 300.164 300.064 299.961 299.858 299.753 299.634 299.486 5.86154e+08 53.1178 29.3077 49 42 0 -7 0 0
6130 613 300.525 300.386 300.269 300.166 300.063 299.961 299.852 299.754 299.633 299.487 5.85023e+08 52.9562 29.2512 47 36 0 -11 0 0
6140 614 300.531 300.386 300.268 300.167 300.062 299.954 299.856 299.756 299.634 299.482 5.84664e+08 52.7071 29.2332 45 44 0 -1 0 0
6150 615 300.536 300.384 300.268 300.169 300.058 299.953 299.856 299.755 299.635 299.48 5.84143e+08 52.4958 29.2071 47 58 0 11 0 0
6160 616 300.536 300.386 300.267 300.17 300.06 299.952 299.857 299.753 299.639 299.473 5.86881e+08 52.6048 29.3441 40 45 0 5 0 0
6170 617 300.536 300.385 300.264 300.174 300.056 299.949 299.858 299.752 299.638 299.477 5.88968e+08 52.9004 29.4484 58 40 0 -18 0 0
6180 618 300.533 300.382 300.263 300.172 300.061 299.95 299.855 299.749 299.635 299.484 5.91816e+08 53.3276 29.5908 42 36 0 -6 0 0
6190 619 300.534 300.379 300.266 300.174 300.059 299.949 299.854 299.751 299.635 299.48 5.90715e+08 53.1288 29.5357 50 47 0 -3 0 0
6200 620 300.538 300.378 300.265 300.172 300.059 299.952 299.853 299.749 299.63 299.486 5.87389e+08 52.838 29.3694 58 46 0 -12 0 0
6210 621 300.53 300.387 300.264 300.169 300.061 299.957 299.849 299.748 299.628 299.484 5.89886e+08 52.995 29.4943 43 31 0 -12 0 0
6220 622 300.527 300.388 300.265 300.162 300.064 299.959 299.852 299.739 299.633 299.485 5.89591e+08 53.1147 29.4796 47 48 0 1 0 0
6230 623 300.53 300.389 300.263 300.161 300.066 299.961 299.852 299.736 299.634 299.485 5.88627e+08 52.9165 29.4313 46 39 0 -7 0 0
6240 624 300.53 300.386 300.266 300.164 300.067 299.957 299.85 299.743 299.627 299.483 5.88004e+08 52.7234 29.4002 54 41 0 -13 0 0
6250 625 300.527 300.386 300.263 300.163 300.066 299.963 299.846 299.743 299.627 299.481 5.90418e+08 52.9807 29.5209 37 41 0 4 0 0
6260 626 300.524 300.384 300.269 300.162 300.062 299.959 299.851 299.745 299.624 299.483 5.89779e+08 53.0615 29.4889 47 37 0 -10 0 0
6270 627 300.528 300.38 300.274 300.161 300.059 299.961 299.853 299.742 299.628 299.483 5.88812e+08 52.9453 29.4406 32 47 0 15 0 0
6280 628 300.53 300.382 300.278 300.158 300.06 299.958 299.857 299.741 299.625 299.487 5.88836e+08 52.892 29.4418 35 44 0 9 0 0
6290 629 300.526 300.384 300.276 300.162 300.055 299.957 299.86 299.741 299.623 299.485 5.8941e+08 52.9206 29.4705 42 45 0 3 0 0
6300 630 300.524 300.392 300.263 300.168 300.05 299.959 299.856 299.746 299.625 299.485 5.88086e+08 52.9299 29.4043 45 46 0 1 0 0
6310 631 300.526 300.391 300.266 300.168 300.047 299.956 299.854 299.748 299.631 299.487 5.86592e+08 52.9114 29.3296 49 48 0 -1 0 0
6320 632 300.529 300.389 300.27 300.167 300.046 299.952 299.854 299.749 299.636 299.483 5.88657e+08 53.0172 29.4329 50 44 0 -6 0 0
6330 633 300.521 300.389 300.272 300.165 300.052 299.947 299.856 299.75 299.63 299.484 5.86921e+08 52.9741 29.346 46 35 0 -11 0 0
6340 634 300.525 300.394 300.269 300.163 300.051 299.95 299.851 299.75 299.638 299.483 5.87403e+08 52.9662 29.3701 36 58 0 22 0 0
6350 635 300.527 300.394 300.269 300.16 300.051 299.947 299.853 299.753 299.639 299.479 5.85612e+08 52.7453 29.2806 33 49 0 16 0 0
6360 636 300.526 300.39 300.275 300.153 300.054 299.948 299.853 299.75 299.636 299.486 5.88042e+08 53.1048 29.4021 45 54 0 9 0 0
6370 637 300.534 300.385 300.271 300.156 300.053 299.95 299.851 299.754 299.629 299.488 5.88117e+08 52.9958 29.4059 40 49 0 9 0 0
6380 638 300.537 300.382 300.269 300.158 300.054 299.949 299.852 299.753 299.632 299.487 5.86567e+08 52.8874 29.3284 37 47 0 10 0 0
6390 639 300.531 300.384 300.267 300.162 300.052 299.945 299.857 299.753 299.63 299.486 5.86876e+08 52.995 29.3438 43 44 0 1 0 0
6400 640 300.529 300.385 300.264 300.162 300.053 299.949 299.857 299.75 299.628 299.483 5.87094e+08 52.93 29.3547 46 44 0 -2 0 0
6410 641 300.529 300.383 300.265 300.16 300.053 299.954 299.858 299.748 299.627 299.482 5.86976e+08 52.9048 29.3488 44 40 0 -4 0 0
6420 642 300.529 300.378 300.271 300.154 300.058 299.954 299.859 299.746 299.63 299.473 5.89692e+08 53.0372 29.4846 33 34 0 1 0 0
6430 643 300.531 300.375 300.273 300.148 300.06 299.961 299.854 299.746 299.63 299.469 5.88039e+08 52.7295 29.4019 50 37 0 -13 0 0
6440 644 300.523 300.375 300.275 300.151 300.058 299.963 299.854 299.747 299.626 299.472 5.91402e+08 53.2648 29.5701 36 40 0 4 0 0
6450 645 300.521 300.375 300.273 300.154 300.055 299.962 299.858 299.741 299.628 299.476 5.92011e+08 53.4228 29.6005 36 49 0 13 0 0
6460 646 300.519 300.375 300.266 300.16 300.058 299.962 299.858 299.742 299.625 299.474 5.91368e+08 53.3738 29.5684 59 40 0 -19 0 0
6470 647 300.521 300.374 300.265 300.165 300.055 299.964 299.857 299.744 299.618 299.483 5.93138e+08 53.6173 29.6569 46 37 0 -9 0 0
6480 648 300.523 300.376 300.263 300.163 300.058 299.965 299.855 299.746 299.616 299.481 5.92904e+08 53.4353 29.6452 45 44 0 -1 0 0
6490 649 300.527 300.376 300.262 300.165 300.057 299.963 299.854 299.746 299.621 299.476 5.91623e+08 53.1951 29.5811 48 34 0 -14 0 0
6500 650 300.528 300.376 300.262 300.167 300.056 299.96 299.857 299.744 299.624 299.473 5.89858e+08 52.9676 29.4929 48 44 0 -4 0 0
6510 651 300.532 300.376 300.264 300.162 300.06 299.96 299.852 299.748 299.625 299.475 5.87567e+08 52.7632 29.3784 45 43 0 -2 0 0
6520 652 300.536 300.377 300.264 300.161 300.061 299.956 299.859 299.738 299.624 299.478 5.86164e+08 52.4714 29.3082 42 46 0 4 0 0
6530 653 300.539 300.377 300.266 300.157 300.062 299.957 299.859 299.739 299.624 299.486 5.88926e+08 52.8874 29.4463 42 52 0 10 0 0
6540 654 300.54 300.383 300.262 300.157 300.061 299.956 299.856 299.742 299.625 299.486 5.86415e+08 52.5976 29.3207 46 44 0 -2 0 0
6550 655 300.532 300.387 300.263 300.157 300.056 299.96 299.855 299.744 299.627 299.479 5.85767e+08 52.5501 29.2883 46 42 0 -4 0 0
6560 656 300.533 300.39 300.261 300.156 300.058 299.957 299.855 299.743 299.63 299.475 5.84359e+08 52.2858 29.218 49 50 0 1 0 0
6570 657 300.535 300.385 300.26 300.163 300.058 299.952 299.855 299.741 299.628 299.479 5.84953e+08 52.3542 29.2476 50 49 0 -1 0 0
6580 658 300.533 300.385 300.264 300.158 300.058 299.957 299.848 299.742 299.631 299.478 5.85912e+08 52.489 29.2956 41 44 0 3 0 0
6590 659 300.536 300.384 300.265 300.158 300.06 299.959 299.844 299.743 299.631 299.479 5.86345e+08 52.4694 29.3172 51 44 0 -7 0 0
6600 660 300.534 300.384 300.264 300.161 300.057 299.959 299.843 299.743 299.63 299.486 5.88291e+08 52.8235 29.4146 38 39 0 1 0 0
6610 661 300.53 300.385 300.271 300.16 300.059 299.954 299.842 299.744 299.626 299.49 5.88606e+08 52.8847 29.4303 45 40 0 -5 0 0
6620 662 300.528 300.388 300.27 300.163 300.058 299.953 299.841 299.743 299.622 299.491 5.88245e+08 52.7478 29.4122 46 43 0 -3 0 0
6630 663 300.53 300.383 300.272 300.161 300.059 299.956 299.842 299.734 299.629 299.484 5.8349e+08 52.1946 29.1745 43 45 0 2 0 0
6640 664 300.528 300.385 300.275 300.163 300.059 299.948 299.845 299.738 299.623 299.486 5.82202e+08 52.0147 29.1101 52 50 0 -2 0 0
6650 665 300.525 300.383 300.281 300.162 300.055 299.948 299.846 299.737 299.617 299.487 5.82932e+08 52.0635 29.1466 55 39 0 -16 0 0
6660 666 300.526 300.385 300.277 300.163 300.054 299.947 299.845 299.736 299.625 299.482 5.83874e+08 52.1451 29.1937 49 41 0 -8 0 0
6670 667 300.531 300.384 300.28 300.167 300.053 299.945 299.845 299.739 299.618 299.485 5.82133e+08 51.755 29.1066 55 37 0 -18 0 0
6680 668 300.535 300.389 300.279 300.167 300.051 299.944 299.847 299.737 299.62 299.481 5.79844e+08 51.309 28.9922 55 38 0 -17 0 0
6690 669 300.534 300.394 300.276 300.169 300.049 299.944 299.844 299.739 299.616 299.486 5.80882e+08 51.4237 29.0441 47 31 0 -16 0 0
6700 670 300.535 300.395 300.277 300.159 300.052 299.947 299.841 299.741 299.619 299.484 5.79891e+08 51.3181 28.9946 39 40 0 1 0 0
6710 671 300.538 300.398 300.276 300.161 300.055 299.943 299.841 299.737 299.626 299.482 5.81107e+08 51.3473 29.0554 27 39 0 12 0 0
6720 672 300.54 300.394 300.271 300.16 300.059 299.94 299.843 299.733 299.632 299.485 5.80501e+08 51.5239 29.0251 50 41 0 -9 0 0
6730 673 300.537 300.391 300.271 300.162 300.057 299.942 299.845 299.733 299.629 299.48 5.84126e+08 51.822 29.2063 43 40 0 -3 0 0
6740 674 300.535 300.39 300.271 300.161 300.052 299.946 299.847 299.729 299.633 299.48 5.84276e+08 51.9759 29.2138 39 46 0 7 0 0
6750 675 300.531 300.39 300.267 300.162 300.052 299.953 299.842 299.738 299.631 299.477 5.85888e+08 52.2493 29.2944 39 39 0 0 0 0
6760 676 300.528 300.385 300.27 300.161 300.052 299.956 299.841 299.738 299.634 299.479 5.85845e+08 52.5199 29.2923 37 52 0 15 0 0
6770 677 300.528 300.384 300.265 300.163 300.053 299.955 299.84 299.744 299.63 299.48 5.87255e+08 52.7217 29.3628 32 43 0 11 0 0
6780 678 300.53 300.375 300.27 300.159 300.056 299.955 299.838 299.748 299.626 299.487 5.87664e+08 52.9751 29.3832 32 45 0 13 0 0
6790 679 300.527 300.373 300.272 300.151 300.06 299.952 299.847 299.743 299.628 299.492 5.89908e+08 53.4953 29.4954 56 41 0 -15 0 0
6800 680 300.529 300.377 300.265 300.153 300.059 299.951 299.851 299.747 299.625 299.49 5.87116e+08 53.1881 29.3558 36 48 0 12 0 0
6810 681 300.532 300.372 300.263 300.158 300.052 299.957 299.853 299.747 299.625 299.487 5.85768e+08 53.0476 29.2884 50 47 0 -3 0 0
6820 682 300.527 300.375 300.258 300.157 300.055 299.957 299.853 299.749 299.625 299.48 5.83547e+08 52.8557 29.1773 37 40 0 3 0 0
6830 683 300.526 300.373 300.255 300.16 300.048 299.961 299.853 299.752 299.628 299.472 5.81201e+08 52.6116 29.06 39 39 0 0 0 0
6840 684 300.526 300.368 300.258 300.159 300.049 299.957 299.858 299.751 299.632 299.475 5.83048e+08 53.0336 29.1524 38 42 0 4 0 0
6850 685 300.525 300.373 300.258 300.156 300.052 299.951 299.86 299.754 299.633 299.479 5.8067e+08 52.9406 29.0335 39 36 0 -3 0 0
6860 686 300.523 300.374 300.257 300.154 300.058 299.946 299.864 299.757 299.63 299.485 5.80623e+08 53.1427 29.0312 33 37 0 4 0 0
6870 687 300.519 300.377 300.255 300.158 300.056 299.947 299.861 299.759 299.633 299.483 5.77497e+08 52.9 28.8748 37 29 0 -8 0 0
6880 688 300.518 300.372 300.263 300.157 300.057 299.945 299.858 299.758 299.639 299.482 5.78169e+08 53.0465 28.9084 42 44 0 2 0 0
6890 689 300.524 300.369 300.265 300.155 300.054 299.946 299.861 299.756 299.641 299.479 5.7642e+08 52.7464 28.821 35 39 0 4 0 0
6900 690 300.525 300.37 300.261 300.156 300.053 299.952 299.857 299.756 299.644 299.478 5.74305e+08 52.5722 28.7152 39 41 0 2 0 0
6910 691 300.525 300.37 300.26 300.157 300.051 299.956 299.857 299.757 299.642 299.479 5.7274e+08 52.4715 28.637 41 33 0 -8 0 0
6920 692 300.521 300.374 300.257 300.154 300.056 299.955 299.858 299.754 299.642 299.485 5.75896e+08 52.9488 28.7948 39 32 0 -7 0 0
6930 693 300.519 300.379 300.253 300.154 300.056 299.954 299.86 299.754 299.642 299.482 5.74945e+08 52.7947 28.7472 55 40 0 -15 0 0
6940 694 300.522 300.378 300.252 300.153 300.058 299.957 299.858 299.754 299.644 299.485 5.75735e+08 52.9532 28.7868 42 34 0 -8 0 0
6950 695 300.524 300.38 300.248 300.155 300.057 299.96 299.858 299.752 299.643 299.482 5.76109e+08 52.7791 28.8055 42 39 0 -3 0 0
6960 696 300.527 300.383 300.249 300.154 300.057 299.958 299.862 299.754 299.639 299.485 5.76817e+08 52.7887 28.8409 37 36 0 -1 0 0
6970 697 300.529 300.381 300.25 300.154 300.059 299.959 299.862 299.752 299.637 299.486 5.75272e+08 52.5477 28.7636 47 37 0 -10 0 0
6980 698 300.531 300.375 300.256 300.152 300.062 299.959 299.858 299.751 299.639 299.485 5.76276e+08 52.5998 28.8138 36 52 0 16 0 0
6990 699 300.529 300.373 300.26 300.151 300.062 299.961 299.856 299.753 299.639 299.481 5.788e+08 52.7898 28.94 34 33 0 -1 0 0
7000 700 300.524 300.377 300.264 300.151 300.06 299.96 299.854 299.756 299.634 299.484 5.82062e+08 53.0803 29.1031 40 42 0 2 0 0
7010 701 300.523 300.381 300.262 300.153 300.059 299.958 299.857 299.755 299.63 299.485 5.80298e+08 52.8214 29.0149 33 37 0 4 0 0
7020 702 300.517 300.383 300.266 300.157 300.057 299.959 299.854 299.753 299.631 299.481 5.78308e+08 52.5487 28.9154 47 44 0 -3 0 0
7030 703 300.518 300.379 300.271 300.156 300.058 299.96 299.851 299.748 299.637 299.479 5.77114e+08 52.3921 28.8557 38 38 0 0 0 0
7040 704 300.526 300.378 300.266 300.158 300.062 299.959 299.848 299.747 299.634 299.486 5.79832e+08 52.5675 28.9916 33 50 0 17 0 0
7050 705 300.529 300.378 300.267 300.156 300.06 299.964 299.844 299.747 299.635 299.485 5.78093e+08 52.3043 28.9047 47 33 0 -14 0 0
7060 706 300.524 300.376 300.271 300.158 300.057 299.962 299.847 299.743 299.636 299.48 5.77714e+08 52.2493 28.8857 44 38 0 -6 0 0
7070 707 300.52 300.379 300.269 300.166 300.051 299.96 299.854 299.739 299.633 299.479 5.80212e+08 52.4015 29.0106 41 39 0 -2 0 0
7080 708 300.526 300.379 300.267 300.164 300.054 299.957 299.857 299.737 299.63 299.48 5.80221e+08 52.2527 29.0111 39 40 0 1 0 0
7090 709 300.525 300.377 300.266 300.164 300.06 299.959 299.853 299.739 299.627 299.472 5.78347e+08 51.8851 28.9173 38 37 0 -1 0 0
7100 710 300.517 300.388 300.262 300.16 300.066 299.955 299.855 299.737 299.627 299.474 5.75734e+08 51.744 28.7867 40 39 0 -1 0 0
7110 711 300.517 300.385 300.264 300.159 300.071 299.953 299.852 299.741 299.62 299.474 5.77211e+08 51.7874 28.8606 37 35 0 -2 0 0
7120 712 300.516 300.38 300.265 300.158 300.069 299.956 299.854 299.741 299.613 299.473 5.80933e+08 52.0869 29.0467 45 34 0 -11 0 0
7130 713 300.517 300.38 300.263 300.163 300.063 299.959 299.852 299.747 299.608 299.471 5.78338e+08 51.757 28.9169 38 46 0 8 0 0
7140 714 300.519 300.381 300.26 300.167 300.062 299.965 299.847 299.746 299.612 299.467 5.77632e+08 51.5855 28.8816 30 34 0 4 0 0
7150 715 300.518 300.38 300.257 300.168 300.066 299.96 299.851 299.741 299.614 299.468 5.80529e+08 51.9144 29.0264 39 34 0 -5 0 0
7160 716 300.522 300.377 300.26 300.166 300.068 299.956 299.853 299.741 299.614 299.472 5.80464e+08 51.9315 29.0232 47 41 0 -6 0 0
7170 717 300.521 300.37 300.269 300.166 300.065 299.959 299.85 299.743 299.616 299.469 5.8114e+08 52.01 29.057 40 36 0 -4 0 0
7180 718 300.518 300.37 300.274 300.163 300.063 299.96 299.852 299.737 299.623 299.47 5.8257e+08 52.3135 29.1285 39 34 0 -5 0 0
7190 719 300.518 300.365 300.275 300.16 300.064 299.961 299.856 299.737 299.62 299.476 5.83703e+08 52.6581 29.1851 29 38 0 9 0 0
7200 720 300.512 300.373 300.265 300.169 300.058 299.963 299.859 299.734 299.62 299.474 5.83751e+08 52.6424 29.1876 42 30 0 -12 0 0
7210 721 300.517 300.376 300.268 300.161 300.057 299.961 299.856 299.74 299.616 299.478 5.80458e+08 52.3022 29.0229 40 33 0 -7 0 0
7220 722 300.521 300.37 300.27 300.158 300.052 299.965 299.855 299.745 299.616 299.48 5.79526e+08 52.3081 28.9763 49 36 0 -13 0 0
7230 723 300.523 300.374 300.268 300.157 300.051 299.966 299.854 299.749 299.613 299.48 5.78631e+08 52.2003 28.9316 29 44 0 15 0 0
7240 724 300.525 300.373 300.265 300.158 300.05 299.963 299.857 299.742 299.622 299.484 5.77982e+08 52.308 28.8991 42 28 0 -14 0 0
7250 725 300.526 300.375 300.258 300.156 300.057 299.954 299.863 299.74 299.624 299.482 5.78953e+08 52.4266 28.9477 30 40 0 10 0 0
7260 726 300.525 300.377 300.251 300.154 300.061 299.947 299.862 299.743 299.625 299.48 5.78549e+08 52.4374 28.9275 40 44 0 4 0 0
7270 727 300.527 300.369 300.253 300.154 300.064 299.949 299.855 299.747 299.627 299.472 5.78642e+08 52.3726 28.9321 38 47 0 9 0 0
7280 728 300.527 300.372 300.245 300.156 300.058 299.957 299.847 299.746 299.63 299.476 5.80239e+08 52.6643 29.012 33 36 0 3 0 0
7290 729 300.524 300.373 300.244 300.155 300.056 299.958 299.847 299.745 299.63 299.48 5.8089e+08 52.9235 29.0445 33 39 0 6 0 0
7300 730 300.519 300.373 300.251 300.149 300.055 299.961 299.84 299.747 299.625 299.484 5.80133e+08 52.9002 29.0067 38 54 0 16 0 0
7310 731 300.518 300.374 300.252 300.147 300.052 299.959 299.846 299.744 299.624 299.485 5.78199e+08 52.7587 28.91 33 40 0 7 0 0
7320 732 300.521 300.367 300.257 300.142 300.056 299.955 299.851 299.737 299.628 299.481 5.73789e+08 52.2753 28.6894 35 41 0 6 0 0
7330 733 300.516 300.368 300.258 300.143 300.05 299.951 299.856 299.731 299.634 299.476 5.73383e+08 52.3152 28.6691 43 37 0 -6 0 0
7340 734 300.516 300.369 300.255 300.146 300.048 299.953 299.852 299.733 299.636 299.473 5.74194e+08 52.3411 28.7097 42 42 0 0 0 0
7350 735 300.523 300.368 300.255 300.145 300.043 299.96 299.846 299.739 299.631 299.48 5.75075e+08 52.4282 28.7538 39 42 0 3 0 0
7360 736 300.524 300.365 300.253 300.146 300.039 299.961 299.843 299.743 299.633 299.477 5.77182e+08 52.6587 28.8591 42 42 0 0 0 0
7370 737 300.522 300.368 300.25 300.146 300.039 299.953 299.849 299.743 299.627 299.488 5.77646e+08 52.9081 28.8823 40 40 0 0 0 0
7380 738 300.524 300.372 300.248 300.147 300.041 299.945 299.854 299.74 299.624 299.496 5.76143e+08 52.792 28.8071 41 26 0 -15 0 0
7390 739 300.526 300.372 300.251 300.144 300.04 299.948 299.85 299.741 299.627 299.501 5.7642e+08 52.9022 28.821 31 40 0 9 0 0
7400 740 300.522 300.375 300.253 300.144 300.039 299.943 299.852 299.74 299.634 299.489 5.73632e+08 52.5171 28.6816 40 44 0 4 0 0
7410 741 300.521 300.375 300.251 300.142 300.045 299.94 299.846 299.747 299.638 299.477 5.75889e+08 52.6046 28.7945 29 43 0 14 0 0
7420 742 300.527 300.369 300.252 300.141 300.043 299.944 299.844 299.747 299.639 299.48 5.75663e+08 52.6135 28.7831 39 47 0 8 0 0
7430 743 300.538 300.364 300.254 300.141 300.038 299.949 299.839 299.755 299.635 299.484 5.75594e+08 52.5332 28.7797 40 40 0 0 0 0
7440 744 300.537 300.366 300.249 300.143 300.043 299.946 299.842 299.756 299.632 299.481 5.76447e+08 52.5084 28.8223 32 41 0 9 0 0
7450 745 300.528 300.372 300.244 300.147 300.042 299.943 299.847 299.753 299.635 299.48 5.80177e+08 53.0558 29.0089 30 40 0 10 0 0
7460 746 300.526 300.366 300.249 300.143 300.047 299.941 299.852 299.749 299.634 299.48 5.82091e+08 53.3004 29.1045 36 47 0 11 0 0
7470 747 300.525 300.358 300.257 300.14 300.05 299.938 299.854 299.749 299.634 299.478 5.80854e+08 53.2174 29.0427 48 37 0 -11 0 0
7480 748 300.525 300.36 300.255 300.142 300.048 299.941 299.856 299.746 299.632 299.478 5.82188e+08 53.2981 29.1094 38 45 0 7 0 0
7490 749 300.518 300.367 300.253 300.144 300.045 299.949 299.852 299.749 299.629 299.481 5.85447e+08 53.6688 29.2723 37 43 0 6 0 0
7500 750 300.519 300.37 300.251 300.148 300.042 299.955 299.85 299.749 299.624 299.48 5.84983e+08 53.4635 29.2492 38 44 0 6 0 0
7510 751 300.518 300.372 300.249 300.15 300.043 299.952 299.853 299.748 299.629 299.478 5.81375e+08 53.1554 29.0687 29 39 0 10 0 0
7520 752 300.517 300.377 300.25 300.146 300.048 299.948 299.853 299.75 299.632 299.473 5.80033e+08 52.9086 29.0016 37 41 0 4 0 0
7530 753 300.515 300.375 300.253 300.145 300.053 299.943 299.855 299.749 299.634 299.476 5.82826e+08 53.3124 29.1413 38 33 0 -5 0 0
7540 754 300.516 300.377 300.252 300.146 300.053 299.945 299.85 299.753 299.636 299.47 5.81989e+08 53.072 29.0995 32 31 0 -1 0 0
7550 755 300.514 300.378 300.257 300.147 300.055 299.943 299.843 299.763 299.633 299.467 5.81633e+08 52.903 29.0816 38 37 0 -1 0 0
7560 756 300.519 300.379 300.253 300.146 300.057 299.944 299.847 299.76 299.632 299.47 5.82398e+08 52.9384 29.1199 37 37 0 0 0 0
7570 757 300.523 300.373 300.257 300.149 300.053 299.946 299.849 299.755 299.631 299.477 5.84858e+08 53.2408 29.2429 34 38 0 4 0 0
7580 758 300.529 300.367 300.262 300.15 300.053 299.945 299.852 299.748 299.639 299.474 5.83675e+08 53.0208 29.1837 40 37 0 -3 0 0
7590 759 300.525 300.368 300.261 300.153 300.049 299.954 299.855 299.744 299.636 299.476 5.81092e+08 52.8306 29.0546 38 26 0 -12 0 0
7600 760 300.52 300.371 300.263 300.154 300.049 299.957 299.857 299.738 299.631 299.484 5.82692e+08 53.069 29.1346 46 32 0 -14 0 0
7610 761 300.515 300.375 300.266 300.156 300.051 299.957 299.854 299.74 299.628 299.486 5.8307e+08 53.0808 29.1535 44 36 0 -8 0 0
7620 762 300.511 300.376 300.264 300.158 300.057 299.956 299.851 299.741 299.629 299.486 5.82068e+08 53.0918 29.1034 40 36 0 -4 0 0
7630 763 300.522 300.375 300.262 300.165 300.061 299.955 299.848 299.74 299.627 299.486 5.75538e+08 52.1313 28.7769 50 42 0 -8 0 0
7640 764 300.52 300.379 300.257 300.169 300.065 299.954 299.847 299.742 299.625 299.486 5.7232e+08 51.789 28.616 30 41 0 11 0 0
7650 765 300.523 300.38 300.255 300.172 300.064 299.954 299.854 299.737 299.624 299.486 5.70307e+08 51.4812 28.5154 39 20 0 -19 0 0
7660 766 300.524 300.375 300.26 300.17 300.067 299.957 299.847 299.737 299.628 299.483 5.70289e+08 51.4384 28.5145 35 49 0 14 0 0
7670 767 300.52 300.372 300.267 300.17 300.063 299.96 299.846 299.739 299.629 299.482 5.7219e+08 51.7215 28.6095 42 30 0 -12 0 0
7680 768 300.525 300.369 300.272 300.172 300.059 299.957 299.85 299.742 299.627 299.482 5.70126e+08 51.4255 28.5063 53 42 0 -11 0 0
7690 769 300.521 300.377 300.271 300.171 300.057 299.96 299.852 299.743 299.627 299.487 5.73021e+08 51.7678 28.6511 29 42 0 13 0 0
7700 770 300.519 300.378 300.273 300.172 300.057 299.958 299.846 299.75 299.628 299.488 5.71557e+08 51.7648 28.5779 36 33 0 -3 0 0
7710 771 300.518 300.382 300.273 300.172 300.056 299.957 299.849 299.751 299.631 299.482 5.70752e+08 51.5937 28.5376 37 35 0 -2 0 0
7720 772 300.524 300.38 300.275 300.166 300.058 299.956 299.849 299.752 299.631 299.483 5.70669e+08 51.5101 28.5335 42 36 0 -6 0 0
7730 773 300.528 300.385 300.273 300.163 300.058 299.958 299.851 299.751 299.629 299.486 5.71515e+08 51.4946 28.5757 39 36 0 -3 0 0
7740 774 300.527 300.388 300.273 300.162 300.054 299.959 299.855 299.749 299.63 299.486 5.68552e+08 51.223 28.4276 37 38 0 1 0 0
7750 775 300.524 300.388 300.276 300.156 300.053 299.957 299.863 299.747 299.628 299.489 5.69058e+08 51.424 28.4529 27 34 0 7 0 0
7760 776 300.53 300.387 300.266 300.164 300.053 299.96 299.863 299.742 299.634 299.484 5.68611e+08 51.2691 28.4306 42 43 0 1 0 0
7770 777 300.535 300.384 300.272 300.161 300.046 299.966 299.862 299.742 299.637 299.478 5.69591e+08 51.163 28.4795 39 48 0 9 0 0
7780 778 300.534 300.383 300.269 300.164 300.047 299.968 299.857 299.744 299.642 299.474 5.69445e+08 51.2086 28.4722 35 23 0 -12 0 0
7790 779 300.532 300.385 300.264 300.165 300.046 299.97 299.852 299.75 299.635 299.483 5.69179e+08 51.3818 28.459 38 41 0 3 0 0
7800 780 300.532 300.383 300.266 300.163 300.054 299.965 299.85 299.757 299.629 299.486 5.69802e+08 51.4733 28.4901 39 30 0 -9 0 0
7810 781 300.529 300.38 300.272 300.158 300.059 299.959 299.858 299.752 299.63 299.483 5.68379e+08 51.3506 28.419 39 42 0 3 0 0
7820 782 300.533 300.38 300.272 300.155 300.067 299.951 299.854 299.758 299.632 299.483 5.67878e+08 51.2769 28.3939 41 41 0 0 0 0
7830 783 300.536 300.377 300.272 300.157 300.069 299.95 299.852 299.757 299.636 299.479 5.64439e+08 50.8633 28.222 38 38 0 0 0 0
7840 784 300.534 300.381 300.267 300.158 300.068 299.95 299.857 299.75 299.638 299.479 5.63061e+08 50.7512 28.1531 38 41 0 3 0 0
7850 785 300.538 300.382 300.262 300.161 300.064 299.95 299.86 299.754 299.634 299.485 5.61745e+08 50.7067 28.0873 28 33 0 5 0 0
7860 786 300.537 300.378 300.256 300.166 300.061 299.959 299.855 299.75 299.639 299.487 5.6517e+08 51.2738 28.2585 44 40 0 -4 0 0
7870 787 300.535 300.379 300.261 300.16 300.06 299.96 299.855 299.746 299.643 299.483 5.62959e+08 51.0039 28.148 33 45 0 12 0 0
7880 788 300.534 300.377 300.26 300.16 300.062 299.959 299.855 299.746 299.644 299.485 5.60975e+08 50.9653 28.0488 45 28 0 -17 0 0
7890 789 300.529 300.378 300.26 300.155 300.067 299.958 299.857 299.746 299.64 299.486 5.61534e+08 51.1051 28.0767 30 41 0 11 0 0
7900 790 300.522 300.384 300.254 300.155 300.067 299.959 299.856 299.749 299.64 299.49 5.60284e+08 51.2747 28.0142 32 32 0 0 0 0
7910 791 300.522 300.381 300.253 300.153 300.066 299.958 299.86 299.75 299.638 299.49 5.5939e+08 51.3037 27.9695 42 48 0 6 0 0
7920 792 300.523 300.376 300.258 300.153 300.062 299.959 299.86 299.754 299.637 299.485 5.61526e+08 51.4533 28.0763 45 28 0 -17 0 0
7930 793 300.525 300.366 300.265 300.156 300.056 299.961 299.862 299.753 299.637 299.483 5.61445e+08 51.3996 28.0723 29 40 0 11 0 0
7940 794 300.52 300.371 300.265 300.157 300.057 299.959 299.861 299.757 299.635 299.485 5.61991e+08 51.5585 28.0995 46 47 0 1 0 0
7950 795 300.519 300.375 300.261 300.162 300.049 299.966 299.858 299.758 299.633 299.481 5.62834e+08 51.4454 28.1417 39 51 0 12 0 0
7960 796 300.513 300.379 300.262 300.161 300.046 299.967 299.86 299.753 299.637 299.476 5.60607e+08 51.2465 28.0303 30 27 0 -3 0 0
7970 797 300.51 300.38 300.266 300.16 300.045 299.967 299.855 299.755 299.634 299.481 5.58437e+08 51.1015 27.9218 45 24 0 -21 0 0
7980 798 300.524 300.382 300.26 300.164 300.048 299.963 299.857 299.759 299.631 299.478 5.58726e+08 50.6924 27.9363 31 42 0 11 0 0
7990 799 300.532 300.382 300.262 300.157 300.059 299.956 299.856 299.761 299.629 299.476 5.58489e+08 50.3896 27.9244 46 47 0 1 0 0
8000 800 300.534 300.381 300.262 300.156 300.061 299.954 299.858 299.759 299.628 299.471 5.58035e+08 50.1401 27.9018 36 43 0 7 0 0
8010 801 300.536 300.387 300.259 300.155 300.06 299.955 299.862 299.754 299.628 299.468 5.58095e+08 49.966 27.9047 32 47 0 15 0 0
8020 802 300.536 300.385 300.265 300.156 300.056 299.957 299.858 299.753 299.629 299.474 5.57252e+08 49.9457 27.8626 21 41 0 20 0 0
8030 803 300.538 300.383 300.264 300.154 300.057 299.959 299.856 299.752 299.627 299.479 5.58552e+08 50.1235 27.9276 31 33 0 2 0 0
8040 804 300.534 300.39 300.262 300.152 300.059 299.959 299.859 299.751 299.625 299.476 5.56123e+08 49.8416 27.8061 36 35 0 -1 0 0
8050 805 300.535 300.393 300.258 300.153 300.06 299.958 299.855 299.751 299.629 299.47 5.56254e+08 49.7523 27.8127 34 36 0 2 0 0
8060 806 300.534 300.39 300.261 300.153 300.059 299.955 299.858 299.748 299.633 299.473 5.5933e+08 50.1481 27.9665 41 38 0 -3 0 0
8070 807 300.534 300.387 300.266 300.149 300.058 299.957 299.858 299.751 299.628 299.479 5.60674e+08 50.4322 28.0337 34 23 0 -11 0 0
8080 808 300.529 300.385 300.267 300.15 300.06 299.954 299.86 299.749 299.633 299.477 5.62856e+08 50.774 28.1428 34 27 0 -7 0 0
8090 809 300.529 300.38 300.265 300.157 300.06 299.952 299.857 299.748 299.634 299.483 5.64238e+08 51.073 28.2119 34 30 0 -4 0 0
8100 810 300.53 300.382 300.26 300.16 300.06 299.95 299.861 299.75 299.629 299.487 5.63329e+08 51.0023 28.1665 39 43 0 4 0 0
8110 811 300.527 300.378 300.268 300.155 300.059 299.951 299.858 299.751 299.627 299.486 5.66254e+08 51.309 28.3127 39 34 0 -5 0 0
8120 812 300.533 300.376 300.268 300.156 300.058 299.954 299.855 299.749 299.628 299.483 5.62164e+08 50.7364 28.1082 40 46 0 6 0 0
8130 813 300.528 300.376 300.268 300.159 300.056 299.953 299.856 299.743 299.636 299.482 5.63648e+08 51.0142 28.1824 42 38 0 -4 0 0
8140 814 300.525 300.379 300.262 300.164 300.055 299.955 299.852 299.741 299.635 299.485 5.64776e+08 51.1674 28.2388 28 46 0 18 0 0
8150 815 300.532 300.38 300.261 300.167 300.051 299.956 299.849 299.74 299.636 299.483 5.65076e+08 50.9278 28.2538 34 37 0 3 0 0
8160 816 300.541 300.38 300.262 300.166 300.053 299.955 299.848 299.739 299.636 299.479 5.60311e+08 50.1835 28.0156 46 41 0 -5 0 0
8170 817 300.539 300.381 300.264 300.163 300.053 299.956 299.846 299.737 299.632 299.481 5.62008e+08 50.2704 28.1004 33 37 0 4 0 0
8180 818 300.539 300.382 300.269 300.158 300.055 299.958 299.842 299.739 299.629 299.476 5.59735e+08 49.8366 27.9868 37 33 0 -4 0 0
8190 819 300.539 300.38 300.273 300.158 300.052 299.958 299.84 299.742 299.624 299.477 5.61062e+08 49.8901 28.0531 33 40 0 7 0 0
8200 820 300.541 300.382 300.27 300.157 300.059 299.953 299.842 299.74 299.617 299.483 5.61596e+08 49.8808 28.0798 44 27 0 -17 0 0
8210 821 300.539 300.385 300.269 300.157 300.06 299.947 299.844 299.737 299.614 299.484 5.62606e+08 49.9003 28.1303 38 46 0 8 0 0
8220 822 300.537 300.388 300.268 300.159 300.058 299.951 299.841 299.739 299.614 299.478 5.6279e+08 49.7474 28.1395 36 43 0 7 0 0
8230 823 300.531 300.39 300.267 300.161 300.057 299.949 299.844 299.734 299.617 299.475 5.62613e+08 49.8064 28.1307 36 27 0 -9 0 0
8240 824 300.529 300.389 300.269 300.158 300.058 299.954 299.844 299.732 299.613 299.478 5.66919e+08 50.2322 28.346 29 30 0 1 0 0
8250 825 300.526 300.393 300.268 300.157 300.06 299.953 299.842 299.734 299.611 299.474 5.6662e+08 50.0828 28.331 38 33 0 -5 0 0
8260 826 300.536 300.388 300.273 300.153 300.061 299.956 299.836 299.733 299.612 299.471 5.64517e+08 49.6012 28.2258 30 39 0 9 0 0
8270 827 300.529 300.387 300.276 300.153 300.062 299.955 299.833 299.731 299.622 299.465 5.69011e+08 50.1451 28.4506 37 39 0 2 0 0
8280 828 300.525 300.382 300.276 300.158 300.059 299.956 299.831 299.733 299.618 299.468 5.69827e+08 50.3911 28.4913 42 27 0 -15 0 0
8290 829 300.521 300.387 300.272 300.162 300.057 299.953 299.831 299.734 299.62 299.466 5.71111e+08 50.537 28.5555 37 38 0 1 0 0
8300 830 300.522 300.383 300.276 300.165 300.051 299.948 299.842 299.731 299.614 299.471 5.7093e+08 50.5354 28.5465 38 36 0 -2 0 0
8310 831 300.531 300.381 300.27 300.167 300.054 299.946 299.851 299.725 299.61 299.477 5.68747e+08 50.2813 28.4374 38 35 0 -3 0 0
8320 832 300.531 300.382 300.266 300.17 300.051 299.949 299.852 299.725 299.612 299.467 5.66653e+08 49.928 28.3327 44 35 0 -9 0 0
8330 833 300.535 300.384 300.263 300.167 300.051 299.949 299.856 299.725 299.61 299.464 5.68177e+08 49.9074 28.4088 33 41 0 8 0 0
8340 834 300.538 300.383 300.265 300.164 300.051 299.947 299.854 299.732 299.605 299.466 5.69624e+08 50.0239 28.4812 25 38 0 13 0 0
8350 835 300.537 300.383 300.268 300.158 300.055 299.949 299.855 299.733 299.603 299.465 5.70826e+08 50.1161 28.5413 28 34 0 6 0 0
8360 836 300.537 300.382 300.271 300.155 300.054 299.951 299.857 299.734 299.606 299.467 5.68319e+08 50.0374 28.4159 40 36 0 -4 0 0
8370 837 300.533 300.383 300.27 300.155 300.054 299.952 299.855 299.734 299.609 299.46 5.68191e+08 50.0034 28.4096 40 38 0 -2 0 0
8380 838 300.534 300.383 300.265 300.158 300.048 299.958 299.849 299.74 299.609 299.46 5.6569e+08 49.8626 28.2845 33 32 0 -1 0 0
8390 839 300.534 300.382 300.264 300.159 300.045 299.958 299.851 299.741 299.611 299.464 5.65516e+08 50.0259 28.2758 32 42 0 10 0 0
8400 840 300.53 300.386 300.264 300.154 300.05 299.96 299.849 299.744 299.611 299.467 5.64177e+08 50.0402 28.2089 38 36 0 -2 0 0
8410 841 300.527 300.381 300.269 300.151 300.053 299.952 299.855 299.74 299.616 299.47 5.66153e+08 50.4762 28.3076 28 33 0 5 0 0
8420 842 300.525 300.379 300.274 300.146 300.055 299.952 299.851 299.74 299.622 299.47 5.63823e+08 50.4276 28.1911 37 41 0 4 0 0
8430 843 300.528 300.378 300.27 300.148 300.055 299.954 299.846 299.744 299.624 299.47 5.62279e+08 50.3056 28.1139 29 34 0 5 0 0
8440 844 300.523 300.377 300.269 300.154 300.054 299.953 299.847 299.744 299.623 299.479 5.62189e+08 50.6431 28.1095 30 26 0 -4 0 0
8450 845 300.524 300.378 300.267 300.151 300.055 299.95 299.85 299.747 299.621 299.483 5.60949e+08 50.6517 28.0475 39 43 0 4 0 0
8460 846 300.526 300.374 300.264 300.157 300.052 299.951 299.85 299.745 299.626 299.479 5.62421e+08 50.7603 28.121 32 39 0 7 0 0
8470 847 300.525 300.38 300.258 300.163 300.05 299.954 299.847 299.744 299.629 299.481 5.60883e+08 50.7006 28.0442 30 32 0 2 0 0
8480 848 300.518 300.379 300.255 300.164 300.051 299.95 299.853 299.743 299.633 299.479 5.61854e+08 51.0304 28.0927 43 35 0 -8 0 0
8490 849 300.522 300.376 300.257 300.165 300.052 299.945 299.855 299.743 299.629 299.479 5.6203e+08 50.8673 28.1015 33 50 0 17 0 0
8500 850 300.527 300.374 300.256 300.161 300.057 299.946 299.85 299.748 299.627 299.48 5.61972e+08 50.8565 28.0986 49 38 0 -11 0 0
8510 851 300.531 300.371 300.263 300.153 300.059 299.944 299.854 299.746 299.628 299.479 5.63727e+08 50.9287 28.1864 37 40 0 3 0 0
8520 852 300.523 300.374 300.264 300.155 300.056 299.946 299.854 299.745 299.632 299.473 5.66007e+08 51.1815 28.3004 40 33 0 -7 0 0
8530 853 300.524 300.38 300.265 300.149 300.06 299.948 299.849 299.749 299.627 299.476 5.65101e+08 50.9514 28.2551 33 35 0 2 0 0
8540 854 300.519 300.385 300.263 300.148 300.055 299.95 299.853 299.745 299.629 299.476 5.64643e+08 51.0176 28.2322 39 30 0 -9 0 0
8550 855 300.516 300.386 300.263 300.158 300.044 299.958 299.845 299.748 299.63 299.471 5.66352e+08 51.0767 28.3176 30 41 0 11 0 0
8560 856 300.519 300.385 300.263 300.158 300.042 299.957 299.85 299.745 299.63 299.477 5.67344e+08 51.2842 28.3672 41 37 0 -4 0 0
8570 857 300.528 300.385 300.264 300.159 300.046 299.954 299.849 299.744 299.635 299.474 5.666e+08 50.9145 28.33 25 40 0 15 0 0
8580 858 300.532 300.381 300.266 300.159 300.049 299.949 299.85 299.743 299.634 299.484 5.67255e+08 51.1334 28.3628 34 33 0 -1 0 0
8590 859 300.531 300.379 300.262 300.162 300.052 299.947 299.851 299.739 299.634 299.487 5.67159e+08 51.2349 28.358 26 28 0 2 0 0
8600 860 300.537 300.375 300.269 300.16 300.052 299.949 299.849 299.738 299.631 299.488 5.62868e+08 50.6417 28.1434 38 40 0 2 0 0
8610 861 300.542 300.38 300.262 300.161 300.056 299.948 299.846 299.74 299.627 299.485 5.62872e+08 50.3707 28.1436 29 40 0 11 0 0
8620 862 300.545 300.383 300.262 300.164 300.053 299.953 299.842 299.744 299.621 299.491 5.60685e+08 50.0586 28.0343 42 45 0 3 0 0
8630 863 300.54 300.38 300.264 300.163 300.062 299.952 299.835 299.744 299.625 299.486 5.59993e+08 50.0474 27.9996 26 31 0 5 0 0
8640 864 300.534 300.381 300.268 300.16 300.063 299.951 299.841 299.74 299.628 299.481 5.61281e+08 50.1609 28.064 37 38 0 1 0 0
8650 865 300.536 300.387 300.264 300.156 300.072 299.947 299.84 299.743 299.63 299.477 5.59741e+08 49.9201 27.987 32 30 0 -2 0 0
8660 866 300.526 300.391 300.265 300.156 300.069 299.95 299.841 299.74 299.63 299.476 5.61042e+08 50.1399 28.0521 34 29 0 -5 0 0
8670 867 300.523 300.388 300.271 300.156 300.065 299.956 299.839 299.743 299.627 299.481 5.61387e+08 50.3231 28.0694 24 40 0 16 0 0
8680 868 300.524 300.387 300.274 300.161 300.059 299.959 299.84 299.744 299.627 299.478 5.60685e+08 50.1368 28.0342 33 37 0 4 0 0
8690 869 300.527 300.391 300.271 300.162 300.061 299.953 299.841 299.748 299.629 299.474 5.61563e+08 50.0848 28.0781 38 45 0 7 0 0
8700 870 300.525 300.391 300.269 300.166 300.053 299.954 299.85 299.743 299.632 299.473 5.62002e+08 50.2399 28.1001 27 30 0 3 0 0
8710 871 300.519 300.389 300.271 300.17 300.048 299.954 299.853 299.745 299.63 299.476 5.62024e+08 50.4685 28.1012 34 36 0 2 0 0
8720 872 300.526 300.388 300.27 300.173 300.045 299.954 299.856 299.743 299.632 299.472 5.6229e+08 50.2643 28.1145 40 39 0 -1 0 0
8730 873 300.529 300.384 300.272 300.17 300.047 299.95 299.856 299.745 299.632 299.472 5.61509e+08 50.2221 28.0755 36 37 0 1 0 0
8740 874 300.533 300.386 300.269 300.166 300.053 299.948 299.86 299.745 299.633 299.468 5.61017e+08 50.0688 28.0508 33 33 0 0 0 0
8750 875 300.532 300.385 300.273 300.165 300.049 299.95 299.858 299.746 299.635 299.47 5.61527e+08 50.2052 28.0763 29 34 0 5 0 0
8760 876 300.531 300.383 300.274 300.162 300.05 299.951 299.853 299.748 299.629 299.478 5.60865e+08 50.2695 28.0432 25 32 0 7 0 0
8770 877 300.53 300.388 300.27 300.156 300.052 299.956 299.852 299.75 299.63 299.483 5.59247e+08 50.3122 27.9623 27 37 0 10 0 0
8780 878 300.532 300.388 300.268 300.157 300.051 299.953 299.855 299.753 299.627 299.481 5.57475e+08 50.0846 27.8738 31 28 0 -3 0 0
8790 879 300.532 300.384 300.269 300.155 300.052 299.955 299.853 299.75 299.63 299.48 5.55604e+08 49.9746 27.7802 30 35 0 5 0 0
8800 880 300.529 300.39 300.264 300.15 300.059 299.949 299.858 299.747 299.63 299.49 5.57228e+08 50.4262 27.8614 29 43 0 14 0 0
8810 881 300.529 300.385 300.262 300.146 300.066 299.953 299.855 299.739 299.634 299.491 5.57278e+08 50.532 27.8639 25 31 0 6 0 0
8820 882 300.533 300.381 300.258 300.152 300.06 299.959 299.852 299.739 299.633 299.493 5.55566e+08 50.4003 27.7783 32 44 0 12 0 0
8830 883 300.534 300.375 300.254 300.155 300.059 299.964 299.847 299.737 299.636 299.49 5.5833e+08 50.6877 27.9165 32 35 0 3 0 0
8840 884 300.527 300.373 300.257 300.155 300.059 299.961 299.849 299.737 299.638 299.487 5.60171e+08 51.0092 28.0086 27 36 0 9 0 0
8850 885 300.52 300.369 300.257 300.158 300.062 299.959 299.852 299.735 299.632 299.484 5.62039e+08 51.1999 28.102 28 34 0 6 0 0
8860 886 300.516 300.37 300.263 300.153 300.064 299.957 299.854 299.735 299.63 299.485 5.61462e+08 51.1882 28.0731 33 35 0 2 0 0
8870 887 300.514 300.368 300.264 300.151 300.063 299.959 299.85 299.746 299.625 299.478 5.58125e+08 50.8332 27.9063 37 34 0 -3 0 0
8880 888 300.528 300.363 300.261 300.155 300.06 299.96 299.847 299.749 299.623 299.478 5.57488e+08 50.5074 27.8744 34 39 0 5 0 0
8890 889 300.526 300.367 300.26 300.152 300.06 299.955 299.854 299.754 299.618 299.476 5.59453e+08 50.6493 27.9727 34 35 0 1 0 0
8900 890 300.524 300.371 300.256 300.155 300.059 299.953 299.857 299.746 299.623 299.471 5.61018e+08 50.6913 28.0509 27 28 0 1 0 0
8910 891 300.524 300.369 300.255 300.156 300.057 299.955 299.859 299.743 299.622 299.472 5.6116e+08 50.7315 28.058 44 29 0 -15 0 0
8920 892 300.527 300.369 300.253 300.164 300.049 299.956 299.858 299.75 299.618 299.471 5.60363e+08 50.5426 28.0181 29 29 0 0 0 0
8930 893 300.524 300.369 300.258 300.159 300.049 299.955 299.853 299.754 299.62 299.475 5.61855e+08 50.9017 28.0927 31 40 0 9 0 0
8940 894 300.525 300.373 300.258 300.156 300.052 299.955 299.851 299.752 299.626 299.466 5.63146e+08 50.7806 28.1573 34 31 0 -3 0 0
8950 895 300.528 300.376 300.252 300.16 300.05 299.958 299.847 299.751 299.624 299.469 5.61361e+08 50.5417 28.068 32 46 0 14 0 0
8960 896 300.532 300.374 300.251 300.159 300.053 299.956 299.852 299.745 299.626 299.468 5.61724e+08 50.4801 28.0862 39 38 0 -1 0 0
8970 897 300.529 300.381 300.247 300.161 300.05 299.957 299.849 299.749 299.628 299.469 5.61743e+08 50.5507 28.0871 37 34 0 -3 0 0
8980 898 300.528 300.381 300.254 300.151 300.053 299.959 299.849 299.745 299.63 299.466 5.62332e+08 50.5063 28.1166 41 41 0 0 0 0
8990 899 300.528 300.384 300.256 300.147 300.055 299.955 299.847 299.748 299.629 299.467 5.63045e+08 50.5811 28.1523 29 41 0 12 0 0
9000 900 300.529 300.382 300.258 300.144 300.056 299.954 299.854 299.743 299.628 299.466 5.62671e+08 50.4872 28.1336 32 38 0 6 0 0
9010 901 300.527 300.384 300.26 300.142 300.059 299.95 299.854 299.743 299.627 299.466 5.62368e+08 50.415 28.1184 28 25 0 -3 0 0
9020 902 300.525 300.378 300.266 300.142 300.057 299.953 299.85 299.741 299.626 299.471 5.6381e+08 50.6964 28.1905 40 31 0 -9 0 0
9030 903 300.525 300.372 300.268 300.145 300.052 299.949 299.85 299.742 299.627 299.477 5.62898e+08 50.8349 28.1449 36 27 0 -9 0 0
9040 904 300.523 300.37 300.271 300.151 300.047 299.944 299.852 299.741 299.626 299.481 5.64013e+08 51.0585 28.2006 26 32 0 6 0 0
9050 905 300.52 300.371 300.268 300.153 300.05 299.944 299.854 299.74 299.62 299.477 5.62497e+08 50.7465 28.1249 37 35 0 -2 0 0
9060 906 300.52 300.374 300.265 300.158 300.047 299.945 299.847 299.74 299.622 299.477 5.6104e+08 50.5558 28.052 23 35 0 12 0 0
9070 907 300.519 300.375 300.267 300.157 300.043 299.948 299.841 299.746 299.619 299.477 5.5978e+08 50.409 27.989 39 36 0 -3 0 0
9080 908 300.523 300.375 300.266 300.157 300.048 299.943 299.837 299.746 299.623 299.475 5.58835e+08 50.2268 27.9418 38 39 0 1 0 0
9090 909 300.528 300.376 300.264 300.159 300.043 299.947 299.837 299.737 299.628 299.474 5.59357e+08 50.1059 27.9679 36 25 0 -11 0 0
9100 910 300.531 300.374 300.262 300.162 300.045 299.943 299.834 299.737 299.629 299.474 5.62638e+08 50.3352 28.1319 34 38 0 4 0 0
9110 911 300.534 300.377 300.261 300.157 300.05 299.939 299.835 299.736 299.629 299.474 5.59908e+08 49.9667 27.9954 32 31 0 -1 0 0
9120 912 300.537 300.378 300.262 300.154 300.047 299.938 299.84 299.734 299.621 299.48 5.60023e+08 49.9216 28.0011 35 32 0 -3 0 0
9130 913 300.539 300.382 300.26 300.152 300.044 299.943 299.835 299.735 299.619 299.48 5.57989e+08 49.6236 27.8994 36 32 0 -4 0 0
9140 914 300.547 300.379 300.261 300.148 300.043 299.946 299.833 299.736 299.621 299.474 5.53011e+08 48.9577 27.6506 32 33 0 1 0 0
9150 915 300.544 300.383 300.258 300.148 300.034 299.949 299.835 299.739 299.619 299.467 5.5496e+08 49.0531 27.748 36 28 0 -8 0 0
9160 916 300.541 300.379 300.261 300.142 300.038 299.944 299.838 299.739 299.616 299.466 5.59835e+08 49.5571 27.9917 37 35 0 -2 0 0
9170 917 300.539 300.378 300.256 300.14 300.04 299.943 299.84 299.737 299.619 299.466 5.59493e+08 49.7333 27.9747 26 21 0 -5 0 0
9180 918 300.529 300.379 300.257 300.139 300.041 299.94 299.844 299.738 299.616 299.46 5.61973e+08 50.0087 28.0987 31 32 0 1 0 0
9190 919 300.53 300.383 300.247 300.142 300.041 299.94 299.844 299.741 299.617 299.461 5.62616e+08 50.182 28.1308 28 26 0 -2 0 0
9200 920 300.534 300.382 300.245 300.139 300.045 299.94 299.84 299.737 299.624 299.464 5.64458e+08 50.3958 28.2229 23 32 0 9 0 0
9210 921 300.531 300.379 300.244 300.141 300.045 299.938 299.841 299.733 299.626 299.467 5.65345e+08 50.6606 28.2672 35 27 0 -8 0 0
9220 922 300.529 300.38 300.245 300.137 300.048 299.938 299.843 299.723 299.627 299.471 5.654e+08 50.7196 28.27 36 37 0 1 0 0
9230 923 300.526 300.377 300.251 300.136 300.05 299.944 299.836 299.725 299.625 299.48 5.68623e+08 51.2274 28.4312 34 37 0 3 0 0
9240 924 300.528 300.372 300.251 300.138 300.048 299.947 299.834 299.726 299.619 299.478 5.66683e+08 50.9351 28.3342 31 39 0 8 0 0
9250 925 300.528 300.369 300.25 300.144 300.047 299.941 299.832 299.728 299.62 299.475 5.65813e+08 50.8072 28.2907 29 34 0 5 0 0
9260 926 300.527 300.367 300.254 300.147 300.047 299.941 299.831 299.727 299.621 299.466 5.61726e+08 50.2013 28.0863 31 30 0 -1 0 0
9270 927 300.527 300.365 300.256 300.149 300.047 299.938 299.834 299.729 299.621 299.458 5.62378e+08 50.0942 28.1189 29 31 0 2 0 0
9280 928 300.529 300.364 300.256 300.15 300.048 299.94 299.828 299.727 299.622 299.459 5.63495e+08 50.144 28.1747 25 30 0 5 0 0
9290 929 300.527 300.369 300.256 300.154 300.043 299.943 299.822 299.727 299.623 299.464 5.64411e+08 50.2444 28.2205 29 27 0 -2 0 0
9300 930 300.531 300.372 300.255 300.157 300.035 299.944 299.829 299.723 299.615 299.464 5.62368e+08 49.7717 28.1184 23 35 0 12 0 0
9310 931 300.522 300.383 300.251 300.161 300.035 299.939 299.828 299.73 299.613 299.465 5.60388e+08 49.6923 28.0194 24 29 0 5 0 0
9320 932 300.523 300.379 300.26 300.158 300.036 299.936 299.828 299.731 299.609 299.473 5.61761e+08 49.9004 28.088 40 27 0 -13 0 0
9330 933 300.522 300.38 300.27 300.152 300.039 299.932 299.835 299.723 299.612 299.468 5.62302e+08 49.7552 28.1151 38 34 0 -4 0 0
9340 934 300.529 300.381 300.267 300.152 300.044 299.929 299.837 299.725 299.606 299.468 5.58936e+08 49.1927 27.9468 37 32 0 -5 0 0
9350 935 300.528 300.381 300.267 300.151 300.047 299.933 299.838 299.72 299.603 299.47 5.59456e+08 49.2032 27.9728 39 24 0 -15 0 0
9360 936 300.53 300.384 300.27 300.152 300.044 299.933 299.84 299.719 299.602 299.465 5.5683e+08 48.7206 27.8415 22 35 0 13 0 0
9370 937 300.529 300.386 300.271 300.153 300.041 299.938 299.833 299.723 299.607 299.462 5.5679e+08 48.7281 27.8395 34 32 0 -2 0 0
9380 938 300.529 300.385 300.267 300.158 300.045 299.94 299.831 299.721 299.603 299.461 5.56291e+08 48.539 27.8145 27 32 0 5 0 0
9390 939 300.529 300.388 300.267 300.158 300.04 299.944 299.832 299.72 299.604 299.461 5.59364e+08 48.7854 27.9682 26 37 0 11 0 0
9400 940 300.529 300.384 300.275 300.156 300.045 299.944 299.828 299.724 299.604 299.463 5.59391e+08 48.8332 27.9696 35 22 0 -13 0 0
9410 941 300.528 300.387 300.271 300.155 300.048 299.947 299.826 299.722 299.607 299.465 5.61689e+08 49.1378 28.0844 35 35 0 0 0 0
9420 942 300.528 300.386 300.271 300.155 300.048 299.944 299.828 299.725 299.604 299.472 5.62022e+08 49.3208 28.1011 31 33 0 2 0 0
9430 943 300.533 300.388 300.265 300.161 300.044 299.946 299.826 299.73 299.603 299.469 5.63839e+08 49.3489 28.192 33 35 0 2 0 0
9440 944 300.538 300.39 300.261 300.16 300.045 299.945 299.832 299.731 299.605 299.466 5.6309e+08 49.2159 28.1545 29 34 0 5 0 0
9450 945 300.535 300.386 300.262 300.159 300.048 299.941 299.839 299.727 299.607 299.462 5.64283e+08 49.3885 28.2142 32 23 0 -9 0 0
9460 946 300.532 300.384 300.266 300.152 300.053 299.941 299.84 299.73 299.611 299.457 5.65833e+08 49.6042 28.2917 34 31 0 -3 0 0
9470 947 300.529 300.379 300.269 300.153 300.045 299.94 299.843 299.736 299.607 299.465 5.68087e+08 50.1804 28.4043 28 27 0 -1 0 0
9480 948 300.526 300.374 300.269 300.15 300.046 299.94 299.848 299.736 299.608 299.465 5.68664e+08 50.4746 28.4332 33 37 0 4 0 0
9490 949 300.526 300.378 300.267 300.144 300.048 299.943 299.848 299.734 299.608 299.47 5.67089e+08 50.4534 28.3544 31 35 0 4 0 0
9500 950 300.526 300.378 300.262 300.145 300.049 299.949 299.844 299.737 299.607 299.468 5.64898e+08 50.2656 28.2449 30 26 0 -4 0 0
9510 951 300.528 300.38 300.256 300.146 300.048 299.954 299.842 299.736 299.612 299.47 5.6459e+08 50.363 28.2295 32 35 0 3 0 0
9520 952 300.523 300.379 300.253 300.15 300.044 299.958 299.842 299.735 299.615 299.468 5.65222e+08 50.5671 28.2611 29 30 0 1 0 0
9530 953 300.523 300.372 300.258 300.145 300.041 299.957 299.851 299.729 299.617 299.472 5.64708e+08 50.7537 28.2354 33 35 0 2 0 0
9540 954 300.529 300.373 300.25 300.147 300.044 299.953 299.848 299.731 299.616 299.473 5.62237e+08 50.4643 28.1119 31 25 0 -6 0 0
9550 955 300.521 300.378 300.25 300.144 300.049 299.953 299.856 299.73 299.616 299.473 5.60266e+08 50.4304 28.0133 36 32 0 -4 0 0
9560 956 300.522 300.376 300.252 300.142 300.049 299.95 299.849 299.736 299.615 299.474 5.59814e+08 50.4052 27.9907 33 27 0 -6 0 0
9570 957 300.522 300.374 300.253 300.142 300.047 299.949 299.849 299.741 299.613 299.475 5.58564e+08 50.4127 27.9282 29 34 0 5 0 0
9580 958 300.518 300.368 300.258 300.147 300.042 299.955 299.846 299.742 299.61 299.476 5.60239e+08 50.642 28.0119 36 38 0 2 0 0
9590 959 300.514 300.37 300.256 300.154 300.044 299.951 299.846 299.737 299.611 299.476 5.60634e+08 50.6597 28.0317 27 33 0 6 0 0
9600 960 300.512 300.376 300.251 300.154 300.046 299.95 299.845 299.737 299.617 299.474 5.62142e+08 50.8555 28.1071 33 23 0 -10 0 0
9610 961 300.521 300.373 300.249 300.152 300.052 299.95 299.844 299.733 299.623 299.465 5.56968e+08 50.0631 27.8484 24 30 0 6 0 0
9620 962 300.52 300.372 300.255 300.145 300.058 299.948 299.84 299.733 299.627 299.463 5.5766e+08 50.1076 27.883 35 28 0 -7 0 0
9630 963 300.52 300.367 300.258 300.145 300.063 299.946 299.835 299.735 299.626 299.47 5.59062e+08 50.4059 27.9531 21 26 0 5 0 0
9640 964 300.523 300.366 300.257 300.147 300.064 299.947 299.833 299.734 299.625 299.469 5.58219e+08 50.219 27.9109 34 31 0 -3 0 0
9650 965 300.516 300.37 300.25 300.157 300.063 299.945 299.836 299.731 299.63 299.469 5.57815e+08 50.3328 27.8908 27 30 0 3 0 0
9660 966 300.515 300.37 300.25 300.159 300.062 299.941 299.839 299.728 299.629 299.468 5.55174e+08 50.0779 27.7587 35 30 0 -5 0 0
9670 967 300.517 300.368 300.253 300.16 300.06 299.94 299.837 299.732 299.628 299.468 5.55121e+08 50.0306 27.756 23 26 0 3 0 0
9680 968 300.523 300.368 300.252 300.161 300.055 299.94 299.839 299.736 299.629 299.467 5.54612e+08 49.9137 27.7306 43 33 0 -10 0 0
9690 969 300.526 300.368 300.251 300.16 300.049 299.943 299.838 299.738 299.627 299.462 5.53492e+08 49.633 27.6746 23 33 0 10 0 0
9700 970 300.529 300.371 300.254 300.153 300.05 299.944 299.84 299.743 299.62 299.466 5.52478e+08 49.4678 27.6239 32 36 0 4 0 0
9710 971 300.526 300.365 300.263 300.153 300.043 299.94 299.842 299.743 299.625 299.468 5.54014e+08 49.8421 27.7007 22 31 0 9 0 0
9720 972 300.525 300.365 300.267 300.147 300.041 299.944 299.84 299.745 299.623 299.473 5.53292e+08 49.8932 27.6646 27 37 0 10 0 0
9730 973 300.529 300.363 300.267 300.145 300.043 299.942 299.843 299.744 299.621 299.472 5.51598e+08 49.6566 27.5799 36 34 0 -2 0 0
9740 974 300.528 300.367 300.266 300.142 300.037 299.943 299.845 299.75 299.622 299.471 5.52788e+08 49.8652 27.6394 31 26 0 -5 0 0
9750 975 300.522 300.377 300.256 300.148 300.032 299.946 299.845 299.752 299.62 299.473 5.52057e+08 49.9048 27.6028 27 31 0 4 0 0
9760 976 300.516 300.382 300.25 300.152 300.027 299.946 299.852 299.748 299.621 299.473 5.52869e+08 50.1142 27.6435 34 35 0 1 0 0
9770 977 300.515 300.379 300.253 300.151 300.029 299.943 299.855 299.745 299.623 299.479 5.5267e+08 50.2969 27.6335 28 26 0 -2 0 0
9780 978 300.518 300.374 300.25 300.151 300.033 299.94 299.857 299.742 299.627 299.481 5.53348e+08 50.4894 27.6674 23 30 0 7 0 0
9790 979 300.521 300.368 300.253 300.152 300.035 299.939 299.851 299.749 299.63 299.484 5.5372e+08 50.6885 27.686 25 30 0 5 0 0
9800 980 300.519 300.371 300.254 300.153 300.033 299.941 299.852 299.749 299.624 299.492 5.55587e+08 50.9522 27.7794 35 30 0 -5 0 0
9810 981 300.521 300.37 300.25 300.153 300.038 299.944 299.851 299.746 299.627 299.491 5.55199e+08 50.9221 27.7599 28 29 0 1 0 0
9820 982 300.516 300.377 300.25 300.147 300.04 299.945 299.856 299.74 299.632 299.484 5.54532e+08 50.7653 27.7266 37 36 0 -1 0 0
9830 983 300.515 300.375 300.251 300.146 300.042 299.947 299.853 299.738 299.633 299.484 5.50125e+08 50.3857 27.5063 24 24 0 0 0 0
9840 984 300.511 300.377 300.257 300.139 300.046 299.948 299.852 299.739 299.63 299.485 5.4976e+08 50.3494 27.488 38 26 0 -12 0 0
9850 985 300.52 300.372 300.262 300.13 300.051 299.949 299.85 299.744 299.618 299.484 5.47085e+08 49.7984 27.3543 29 27 0 -2 0 0
9860 986 300.526 300.371 300.255 300.138 300.048 299.95 299.847 299.747 299.617 299.482 5.48253e+08 49.7367 27.4127 31 36 0 5 0 0
9870 987 300.527 300.372 300.255 300.14 300.05 299.947 299.855 299.738 299.618 299.482 5.46874e+08 49.5066 27.3437 33 34 0 1 0 0
9880 988 300.524 300.377 300.254 300.134 300.054 299.949 299.854 299.728 299.627 299.474 5.48056e+08 49.4699 27.4028 30 30 0 0 0 0
9890 989 300.523 300.375 300.257 300.142 300.047 299.952 299.85 299.729 299.628 299.472 5.49555e+08 49.5371 27.4778 17 41 0 24 0 0
9900 990 300.528 300.371 300.258 300.147 300.044 299.958 299.847 299.728 299.625 299.474 5.47336e+08 49.2306 27.3668 28 35 0 7 0 0
9910 991 300.528 300.362 300.263 300.151 300.041 299.958 299.844 299.728 299.62 299.475 5.44858e+08 48.9893 27.2429 38 29 0 -9 0 0
9920 992 300.528 300.365 300.26 300.15 300.048 299.957 299.839 299.731 299.616 299.481 5.46146e+08 49.1572 27.3073 42 34 0 -8 0 0
9930 993 300.529 300.367 300.257 300.156 300.048 299.954 299.837 299.734 299.612 299.485 5.48386e+08 49.3212 27.4193 30 32 0 2 0 0
9940 994 300.523 300.375 300.253 300.156 300.046 299.955 299.84 299.73 299.616 299.474 5.46642e+08 48.9965 27.3321 27 40 0 13 0 0
9950 995 300.519 300.379 300.255 300.156 300.047 299.953 299.839 299.731 299.616 299.472 5.4747e+08 49.0338 27.3735 17 30 0 13 0 0
9960 996 300.511 300.38 300.259 300.155 300.047 299.952 299.84 299.736 299.612 299.469 5.47157e+08 49.0724 27.3579 20 20 0 0 0 0
9970 997 300.513 300.376 300.263 300.154 300.047 299.948 299.848 299.729 299.617 299.461 5.45703e+08 48.7435 27.2851 24 36 0 12 0 0
9980 998 300.513 300.376 300.269 300.148 300.055 299.945 299.847 299.73 299.618 299.463 5.46487e+08 48.8365 27.3244 35 23 0 -12 0 0
9990 999 300.519 300.374 300.273 300.146 300.054 299.944 299.849 299.734 299.612 299.463 5.47806e+08 48.7766 27.3903 24 31 0 7 0 0
10000 1000 300.52 300.378 300.274 300.145 300.053 299.944 299.844 299.743 299.612 299.464 5.43673e+08 48.4244 27.1837 32 39 0 7 0 0
