# timestep time_ps T_1 T_2 T_3 T_4 T_5 T_6 T_7 T_8 T_9 T_10 heatflux kappa_int kappa_eff absorbed injected recovered net hs_injected hs_injected_energy_ev
0 0 300.897 300.703 300.501 300.302 300.099 299.9 299.698 299.499 299.299 299.099 -138474 -0.0691571 -0.0692368 0 0 0 0 0 0
1 0.1 300.899 300.7 300.5 300.3 300.1 299.901 299.7 299.5 299.3 299.099 808734 0.404433 0.404367 8 12 0 4 0 0
10 1 300.899 300.7 300.499 300.3 300.1 299.901 299.701 299.5 299.3 299.099 9.43831e+06 4.721 4.71916 7 11 0 4 0 0
20 2 300.898 300.7 300.499 300.3 300.1 299.901 299.7 299.5 299.3 299.099 1.70848e+07 8.54694 8.54241 8 16 0 8 0 0
30 3 300.898 300.7 300.499 300.3 300.1 299.901 299.7 299.5 299.3 299.1 2.39587e+07 11.9875 11.9794 11 14 0 3 0 0
40 4 300.898 300.699 300.499 300.3 300.1 299.901 299.7 299.5 299.3 299.1 3.01099e+07 15.0686 15.0549 9 10 0 1 0 0
50 5 300.898 300.7 300.498 300.3 300.1 299.901 299.7 299.5 299.3 299.1 3.5838e+07 17.9366 17.919 11 10 0 -1 0 0
60 6 300.897 300.7 300.499 300.301 300.1 299.901 299.7 299.5 299.3 299.1 4.11874e+07 20.6158 20.5937 12 16 0 4 0 0
70 7 300.896 300.699 300.498 300.301 300.1 299.901 299.699 299.5 299.3 299.101 4.57257e+07 22.9016 22.8629 18 12 0 -6 0 0
80 8 300.896 300.699 300.498 300.301 300.1 299.901 299.7 299.5 299.3 299.101 5.02389e+07 25.1702 25.1195 13 9 0 -4 0 0
90 9 300.895 300.699 300.498 300.301 300.1 299.901 299.7 299.499 299.3 299.102 5.35581e+07 26.8376 26.7791 23 17 0 -6 0 0
100 10 300.895 300.699 300.498 300.301 300.1 299.901 299.7 299.5 299.3 299.102 5.76607e+07 28.899 28.8303 10 12 0 2 0 0
110 11 300.894 300.699 300.498 300.301 300.1 299.901 299.7 299.5 299.3 299.102 6.05052e+07 30.3341 30.2526 11 9 0 -2 0 0
120 12 300.894 300.699 300.497 300.301 300.1 299.901 299.7 299.5 299.3 299.103 6.33468e+07 31.7687 31.6734 12 11 0 -1 0 0
130 13 300.893 300.699 300.497 300.301 300.1 299.901 299.699 299.5 299.3 299.104 6.63842e+07 33.3032 33.1921 10 13 0 3 0 0
140 14 300.893 300.699 300.497 300.302 300.1 299.901 299.7 299.5 299.3 299.104 6.89575e+07 34.6096 34.4788 15 12 0 -3 0 0
150 15 300.893 300.699 300.497 300.302 300.099 299.902 299.7 299.5 299.301 299.105 7.12697e+07 35.7807 35.6348 10 12 0 2 0 0
160 16 300.892 300.699 300.498 300.302 300.099 299.902 299.7 299.5 299.301 299.105 7.32367e+07 36.7755 36.6184 10 19 0 9 0 0
170 17 300.891 300.699 300.498 300.302 300.099 299.902 299.699 299.5 299.3 299.106 7.55427e+07 37.9494 37.7714 16 9 0 -7 0 0
180 18 300.891 300.698 300.497 300.301 300.099 299.902 299.699 299.5 299.3 299.107 7.75603e+07 38.9847 38.7801 13 6 0 -7 0 0
190 19 300.89 300.698 300.498 300.302 300.099 299.902 299.699 299.5 299.3 299.108 7.9427e+07 39.9372 39.7135 13 13 0 0 0 0
200 20 300.889 300.698 300.498 300.302 300.099 299.902 299.699 299.5 299.301 299.109 8.07512e+07 40.6215 40.3756 11 13 0 2 0 0
210 21 300.889 300.698 300.498 300.303 300.099 299.903 299.7 299.501 299.301 299.11 8.27536e+07 41.6545 41.3768 19 5 0 -14 0 0
220 22 300.888 300.698 300.498 300.303 300.099 299.903 299.7 299.501 299.3 299.11 8.43e+07 42.4424 42.15 11 18 0 7 0 0
230 23 300.888 300.698 300.498 300.303 300.099 299.903 299.7 299.5 299.3 299.111 8.49309e+07 42.7648 42.4655 10 20 0 10 0 0
240 24 300.887 300.698 300.498 300.303 300.099 299.903 299.7 299.5 299.3 299.111 8.58572e+07 43.2377 42.9286 11 10 0 -1 0 0
250 25 300.886 300.698 300.498 300.303 300.099 299.903 299.7 299.5 299.299 299.112 8.73833e+07 44.0265 43.6916 15 14 0 -1 0 0
260 26 300.886 300.698 300.499 300.302 300.099 299.903 299.7 299.5 299.299 299.113 8.8147e+07 44.4236 44.0735 10 11 0 1 0 0
270 27 300.885 300.698 300.499 300.302 300.099 299.902 299.7 299.501 299.299 299.114 8.96286e+07 45.1908 44.8143 11 12 0 1 0 0
280 28 300.884 300.698 300.499 300.301 300.099 299.902 299.699 299.501 299.299 299.114 9.05715e+07 45.6839 45.2857 18 14 0 -4 0 0
290 29 300.884 300.698 300.499 300.301 300.099 299.902 299.7 299.501 299.299 299.115 9.13547e+07 46.1035 45.6774 11 9 0 -2 0 0
300 30 300.883 300.697 300.498 300.301 300.099 299.902 299.7 299.501 299.299 299.116 9.23671e+07 46.6421 46.1836 6 11 0 5 0 0
310 31 300.882 300.698 300.498 300.301 300.099 299.903 299.7 299.5 299.299 299.116 9.32975e+07 47.1255 46.6487 8 9 0 1 0 0
320 32 300.881 300.697 300.499 300.301 300.099 299.903 299.7 299.501 299.299 299.117 9.43273e+07 47.6741 47.1637 15 14 0 -1 0 0
330 33 300.88 300.697 300.498 300.301 300.099 299.903 299.7 299.501 299.3 299.118 9.52678e+07 48.1712 47.6339 19 15 0 -4 0 0
340 34 300.88 300.697 300.498 300.301 300.099 299.903 299.7 299.501 299.301 299.118 9.57643e+07 48.4504 47.8822 9 8 0 -1 0 0
350 35 300.879 300.697 300.498 300.301 300.099 299.902 299.699 299.501 299.301 299.119 9.64192e+07 48.8079 48.2096 13 15 0 2 0 0
360 36 300.878 300.697 300.498 300.301 300.099 299.902 299.699 299.501 299.301 299.12 9.71178e+07 49.1765 48.5589 8 10 0 2 0 0
370 37 300.878 300.697 300.498 300.301 300.099 299.902 299.7 299.501 299.301 299.121 9.78902e+07 49.5889 48.9451 13 15 0 2 0 0
380 38 300.877 300.697 300.498 300.301 300.099 299.902 299.7 299.501 299.302 299.121 9.89718e+07 50.1652 49.4859 11 9 0 -2 0 0
390 39 300.877 300.696 300.498 300.301 300.099 299.903 299.7 299.501 299.302 299.122 9.93148e+07 50.3638 49.6574 12 13 0 1 0 0
400 40 300.876 300.696 300.498 300.301 300.099 299.903 299.7 299.501 299.301 299.123 1.00187e+08 50.8195 50.0935 14 13 0 -1 0 0
410 41 300.876 300.696 300.498 300.301 300.099 299.903 299.7 299.501 299.301 299.123 1.01214e+08 51.3484 50.607 11 9 0 -2 0 0
420 42 300.876 300.696 300.498 300.3 300.099 299.903 299.7 299.501 299.301 299.124 1.01261e+08 51.3891 50.6305 16 6 0 -10 0 0
430 43 300.875 300.696 300.498 300.3 300.099 299.903 299.7 299.501 299.302 299.124 1.01559e+08 51.5597 50.7796 15 8 0 -7 0 0
440 44 300.874 300.695 300.498 300.3 300.099 299.903 299.7 299.501 299.302 299.124 1.02058e+08 51.8346 51.0288 13 15 0 2 0 0
450 45 300.874 300.695 300.498 300.3 300.099 299.903 299.699 299.501 299.302 299.125 1.02007e+08 51.8279 51.0034 10 8 0 -2 0 0
460 46 300.873 300.695 300.498 300.301 300.099 299.903 299.699 299.501 299.303 299.126 1.02282e+08 51.9976 51.1408 14 11 0 -3 0 0
470 47 300.873 300.695 300.498 300.3 300.099 299.903 299.699 299.501 299.303 299.126 1.02894e+08 52.3231 51.447 18 7 0 -11 0 0
480 48 300.872 300.695 300.498 300.3 300.099 299.902 299.699 299.5 299.303 299.127 1.03123e+08 52.4661 51.5616 16 11 0 -5 0 0
490 49 300.872 300.695 300.497 300.3 300.099 299.903 299.699 299.5 299.303 299.128 1.03317e+08 52.5747 51.6585 11 13 0 2 0 0
500 50 300.872 300.694 300.497 300.3 300.099 299.902 299.699 299.5 299.303 299.129 1.03763e+08 52.8267 51.8813 10 13 0 3 0 0
510 51 300.871 300.694 300.497 300.3 300.1 299.903 299.699 299.5 299.304 299.129 1.04626e+08 53.2825 52.313 16 9 0 -7 0 0
520 52 300.871 300.693 300.497 300.299 300.1 299.903 299.7 299.5 299.304 299.13 1.04922e+08 53.457 52.4612 16 12 0 -4 0 0
530 53 300.871 300.693 300.497 300.299 300.1 299.903 299.7 299.5 299.304 299.13 1.05108e+08 53.5828 52.5539 9 10 0 1 0 0
540 54 300.871 300.693 300.497 300.299 300.099 299.902 299.7 299.5 299.304 299.131 1.05164e+08 53.628 52.5818 10 9 0 -1 0 0
550 55 300.87 300.693 300.496 300.299 300.1 299.903 299.7 299.5 299.304 299.131 1.05767e+08 53.9629 52.8836 13 15 0 2 0 0
560 56 300.869 300.693 300.496 300.299 300.1 299.903 299.7 299.499 299.305 299.132 1.06199e+08 54.2099 53.0994 13 21 0 8 0 0
570 57 300.869 300.693 300.496 300.298 300.1 299.903 299.7 299.499 299.305 299.132 1.06644e+08 54.4533 53.3219 18 15 0 -3 0 0
580 58 300.868 300.692 300.496 300.298 300.099 299.902 299.7 299.499 299.306 299.133 1.06236e+08 54.2705 53.1182 8 15 0 7 0 0
590 59 300.867 300.692 300.497 300.298 300.099 299.902 299.7 299.499 299.307 299.134 1.05957e+08 54.1545 52.9785 16 12 0 -4 0 0
600 60 300.867 300.692 300.497 300.299 300.099 299.901 299.7 299.499 299.307 299.134 1.062e+08 54.2897 53.0998 17 15 0 -2 0 0
610 61 300.866 300.692 300.497 300.299 300.099 299.901 299.7 299.499 299.307 299.135 1.05807e+08 54.1116 52.9037 12 8 0 -4 0 0
620 62 300.866 300.692 300.497 300.299 300.098 299.9 299.7 299.499 299.308 299.135 1.05153e+08 53.8053 52.5766 14 11 0 -3 0 0
630 63 300.865 300.692 300.497 300.299 300.098 299.9 299.7 299.499 299.308 299.135 1.04703e+08 53.5884 52.3517 11 10 0 -1 0 0
640 64 300.864 300.691 300.497 300.299 300.099 299.9 299.7 299.499 299.309 299.136 1.05071e+08 53.8002 52.5355 13 9 0 -4 0 0
650 65 300.864 300.691 300.497 300.299 300.098 299.9 299.7 299.5 299.309 299.136 1.0537e+08 53.963 52.6851 8 18 0 10 0 0
660 66 300.864 300.691 300.497 300.299 300.098 299.899 299.7 299.5 299.309 299.136 1.05911e+08 54.2598 52.9554 12 15 0 3 0 0
670 67 300.863 300.691 300.497 300.299 300.098 299.9 299.7 299.5 299.309 299.137 1.05958e+08 54.3117 52.9788 17 11 0 -6 0 0
680 68 300.863 300.691 300.497 300.3 300.098 299.9 299.701 299.5 299.31 299.137 1.06346e+08 54.5282 53.1732 9 17 0 8 0 0
690 69 300.863 300.691 300.498 300.299 300.098 299.9 299.702 299.5 299.31 299.137 1.06009e+08 54.3688 53.0043 11 11 0 0 0 0
700 70 300.862 300.69 300.498 300.299 300.097 299.9 299.701 299.5 299.31 299.138 1.06183e+08 54.4832 53.0917 10 20 0 10 0 0
710 71 300.861 300.69 300.498 300.299 300.097 299.9 299.702 299.5 299.31 299.139 1.06836e+08 54.8494 53.4181 9 15 0 6 0 0
720 72 300.86 300.69 300.498 300.299 300.096 299.9 299.702 299.5 299.31 299.14 1.07902e+08 55.438 53.9511 20 12 0 -8 0 0
730 73 300.86 300.69 300.498 300.298 300.096 299.9 299.701 299.5 299.31 299.14 1.07728e+08 55.368 53.8642 9 8 0 -1 0 0
740 74 300.859 300.689 300.498 300.299 300.095 299.901 299.702 299.499 299.311 299.141 1.08166e+08 55.613 54.0829 13 10 0 -3 0 0
750 75 300.859 300.689 300.498 300.298 300.095 299.9 299.702 299.499 299.311 299.141 1.07248e+08 55.1536 53.624 14 10 0 -4 0 0
760 76 300.858 300.689 300.498 300.298 300.095 299.9 299.701 299.499 299.311 299.142 1.07426e+08 55.2624 53.7132 11 7 0 -4 0 0
770 77 300.857 300.689 300.498 300.298 300.095 299.901 299.701 299.499 299.311 299.142 1.07189e+08 55.1769 53.5945 14 18 0 4 0 0
780 78 300.857 300.688 300.497 300.298 300.095 299.901 299.702 299.499 299.311 299.143 1.07798e+08 55.5214 53.8988 16 7 0 -9 0 0
790 79 300.857 300.688 300.498 300.298 300.096 299.901 299.701 299.5 299.312 299.144 1.08226e+08 55.7574 54.113 13 15 0 2 0 0
800 80 300.855 300.689 300.498 300.298 300.095 299.901 299.701 299.5 299.312 299.144 1.08582e+08 55.9624 54.2912 9 7 0 -2 0 0
810 81 300.855 300.688 300.497 300.298 300.096 299.901 299.701 299.5 299.312 299.144 1.09063e+08 56.2325 54.5314 13 9 0 -4 0 0
820 82 300.855 300.688 300.497 300.297 300.096 299.901 299.701 299.5 299.312 299.145 1.0894e+08 56.1979 54.4702 17 10 0 -7 0 0
830 83 300.854 300.687 300.497 300.297 300.096 299.901 299.701 299.5 299.312 299.146 1.08868e+08 56.1854 54.4342 12 8 0 -4 0 0
840 84 300.854 300.687 300.497 300.297 300.096 299.9 299.701 299.5 299.312 299.146 1.08947e+08 56.2378 54.4737 13 8 0 -5 0 0
850 85 300.853 300.687 300.497 300.297 300.095 299.9 299.701 299.5 299.312 299.146 1.0941e+08 56.4985 54.705 12 12 0 0 0 0
860 86 300.853 300.686 300.496 300.297 300.095 299.901 299.701 299.501 299.313 299.146 1.09734e+08 56.6931 54.8668 9 10 0 1 0 0
870 87 300.853 300.686 300.496 300.297 300.096 299.901 299.7 299.5 299.313 299.147 1.09511e+08 56.6009 54.7553 12 14 0 2 0 0
880 88 300.852 300.686 300.497 300.297 300.095 299.901 299.701 299.501 299.313 299.147 1.09045e+08 56.3784 54.5227 10 16 0 6 0 0
890 89 300.852 300.685 300.496 300.297 300.095 299.901 299.701 299.501 299.313 299.148 1.09487e+08 56.6357 54.7437 14 12 0 -2 0 0
900 90 300.852 300.685 300.496 300.297 300.096 299.902 299.701 299.501 299.313 299.148 1.0997e+08 56.9032 54.9851 13 16 0 3 0 0
910 91 300.851 300.685 300.495 300.297 300.096 299.902 299.7 299.501 299.313 299.149 1.09509e+08 56.6864 54.7545 14 14 0 0 0 0
920 92 300.851 300.684 300.495 300.297 300.096 299.902 299.701 299.502 299.314 299.149 1.09951e+08 56.9381 54.9755 9 11 0 2 0 0
930 93 300.85 300.683 300.495 300.296 300.097 299.902 299.701 299.501 299.314 299.149 1.1031e+08 57.155 55.1548 10 10 0 0 0 0
940 94 300.85 300.683 300.494 300.296 300.097 299.902 299.701 299.501 299.314 299.149 1.09925e+08 56.9749 54.9624 11 9 0 -2 0 0
950 95 300.85 300.682 300.494 300.296 300.097 299.902 299.701 299.502 299.313 299.15 1.09498e+08 56.7677 54.7492 13 11 0 -2 0 0
960 96 300.849 300.682 300.494 300.295 300.097 299.902 299.701 299.502 299.314 299.15 1.08663e+08 56.3597 54.3314 13 18 0 5 0 0
970 97 300.849 300.682 300.494 300.295 300.097 299.902 299.701 299.503 299.314 299.15 1.08758e+08 56.4275 54.379 14 20 0 6 0 0
980 98 300.849 300.681 300.494 300.295 300.097 299.902 299.701 299.503 299.314 299.15 1.08525e+08 56.3232 54.2624 14 9 0 -5 0 0
990 99 300.849 300.682 300.494 300.295 300.097 299.902 299.701 299.504 299.314 299.15 1.08194e+08 56.161 54.0968 8 13 0 5 0 0
1000 100 300.848 300.682 300.494 300.295 300.098 299.902 299.701 299.504 299.314 299.151 1.08547e+08 56.3602 54.2737 15 11 0 -4 0 0
1010 101 300.847 300.681 300.494 300.295 300.098 299.902 299.701 299.504 299.314 299.151 1.08548e+08 56.394 54.274 14 15 0 1 0 0
1020 102 300.848 300.681 300.494 300.295 300.098 299.901 299.7 299.504 299.314 299.152 1.08848e+08 56.5638 54.4239 11 13 0 2 0 0
1030 103 300.847 300.681 300.493 300.296 300.098 299.901 299.701 299.505 299.314 299.153 1.08724e+08 56.5171 54.3622 14 11 0 -3 0 0
1040 104 300.847 300.681 300.493 300.296 300.098 299.901 299.7 299.506 299.314 299.153 1.09039e+08 56.7045 54.5196 10 17 0 7 0 0
1050 105 300.846 300.68 300.492 300.296 300.098 299.901 299.7 299.506 299.314 299.153 1.09205e+08 56.8252 54.6024 10 10 0 0 0 0
1060 106 300.846 300.68 300.491 300.296 300.098 299.901 299.701 299.507 299.314 299.154 1.0913e+08 56.8214 54.5652 9 12 0 3 0 0
1070 107 300.845 300.679 300.49 300.295 300.098 299.9 299.701 299.507 299.315 299.154 1.09856e+08 57.2448 54.9281 13 8 0 -5 0 0
1080 108 300.845 300.679 300.49 300.296 300.098 299.9 299.702 299.507 299.315 299.154 1.09763e+08 57.2225 54.8817 12 11 0 -1 0 0
1090 109 300.845 300.679 300.49 300.295 300.098 299.901 299.701 299.508 299.315 299.155 1.09212e+08 56.9599 54.6058 8 8 0 0 0 0
1100 110 300.844 300.678 300.49 300.295 300.098 299.901 299.702 299.508 299.315 299.156 1.09398e+08 57.0811 54.699 15 10 0 -5 0 0
1110 111 300.844 300.678 300.489 300.295 300.097 299.901 299.701 299.508 299.316 299.156 1.09212e+08 57.0057 54.6062 16 13 0 -3 0 0
1120 112 300.844 300.677 300.49 300.295 300.097 299.901 299.702 299.508 299.316 299.156 1.09752e+08 57.305 54.8761 16 14 0 -2 0 0
1130 113 300.843 300.677 300.49 300.295 300.097 299.901 299.702 299.508 299.317 299.156 1.09344e+08 57.1148 54.6718 7 12 0 5 0 0
1140 114 300.843 300.677 300.489 300.295 300.097 299.901 299.702 299.509 299.316 299.156 1.0909e+08 56.9961 54.5449 12 17 0 5 0 0
1150 115 300.842 300.677 300.489 300.294 300.097 299.902 299.702 299.509 299.316 299.156 1.08551e+08 56.7365 54.2756 9 10 0 1 0 0
1160 116 300.842 300.677 300.488 300.295 300.097 299.902 299.702 299.509 299.316 299.157 1.08871e+08 56.9189 54.4354 6 7 0 1 0 0
1170 117 300.842 300.676 300.489 300.294 300.097 299.902 299.702 299.51 299.316 299.157 1.09273e+08 57.1552 54.6366 12 16 0 4 0 0
1180 118 300.842 300.676 300.489 300.294 300.097 299.902 299.703 299.51 299.317 299.157 1.09165e+08 57.1072 54.5823 13 21 0 8 0 0
1190 119 300.841 300.675 300.489 300.294 300.097 299.901 299.703 299.511 299.317 299.157 1.09319e+08 57.2128 54.6595 8 9 0 1 0 0
1200 120 300.841 300.675 300.489 300.293 300.097 299.901 299.703 299.51 299.317 299.157 1.09136e+08 57.1242 54.5681 7 17 0 10 0 0
1210 121 300.84 300.675 300.489 300.293 300.098 299.901 299.703 299.511 299.317 299.157 1.08622e+08 56.8669 54.3109 8 8 0 0 0 0
1220 122 300.84 300.675 300.489 300.292 300.098 299.9 299.704 299.511 299.318 299.157 1.08097e+08 56.6162 54.0483 12 13 0 1 0 0
1230 123 300.84 300.675 300.489 300.292 300.098 299.899 299.704 299.511 299.318 299.158 1.08443e+08 56.8105 54.2215 12 7 0 -5 0 0
1240 124 300.84 300.675 300.489 300.292 300.098 299.899 299.705 299.511 299.318 299.158 1.08764e+08 57.0035 54.3818 11 15 0 4 0 0
1250 125 300.839 300.674 300.489 300.292 300.098 299.899 299.705 299.511 299.318 299.158 1.08905e+08 57.0996 54.4527 9 15 0 6 0 0
1260 126 300.839 300.674 300.488 300.292 300.097 299.899 299.705 299.511 299.319 299.158 1.08904e+08 57.1147 54.4518 14 13 0 -1 0 0
1270 127 300.839 300.673 300.488 300.292 300.097 299.899 299.705 299.511 299.319 299.159 1.09056e+08 57.2116 54.5281 14 13 0 -1 0 0
1280 128 300.839 300.674 300.489 300.292 300.097 299.899 299.705 299.512 299.319 299.159 1.08874e+08 57.1174 54.4368 16 9 0 -7 0 0
1290 129 300.839 300.673 300.488 300.293 300.097 299.899 299.706 299.512 299.319 299.159 1.0908e+08 57.2383 54.5398 7 13 0 6 0 0
1300 130 300.839 300.673 300.489 300.293 300.097 299.899 299.706 299.512 299.319 299.159 1.09296e+08 57.3634 54.648 14 16 0 2 0 0
1310 131 300.838 300.672 300.489 300.293 300.097 299.899 299.706 299.512 299.32 299.159 1.09436e+08 57.4501 54.718 12 12 0 0 0 0
1320 132 300.838 300.672 300.489 300.293 300.097 299.9 299.707 299.512 299.32 299.159 1.09929e+08 57.739 54.9647 14 7 0 -7 0 0
1330 133 300.837 300.672 300.489 300.292 300.097 299.9 299.706 299.511 299.32 299.16 1.10228e+08 57.9192 55.1139 11 14 0 3 0 0
1340 134 300.837 300.671 300.489 300.292 300.097 299.9 299.706 299.511 299.321 299.16 1.09978e+08 57.8243 54.9889 8 10 0 2 0 0
1350 135 300.836 300.671 300.489 300.291 300.098 299.9 299.706 299.511 299.321 299.16 1.09991e+08 57.8501 54.9953 13 13 0 0 0 0
1360 136 300.836 300.671 300.489 300.291 300.098 299.899 299.706 299.511 299.321 299.161 1.10341e+08 58.0467 55.1703 11 13 0 2 0 0
1370 137 300.835 300.67 300.488 300.291 300.098 299.899 299.706 299.511 299.322 299.16 1.1063e+08 58.2237 55.3151 9 22 0 13 0 0
1380 138 300.835 300.67 300.488 300.291 300.098 299.899 299.707 299.511 299.323 299.161 1.10936e+08 58.433 55.4682 14 14 0 0 0 0
1390 139 300.834 300.669 300.487 300.292 300.098 299.9 299.707 299.512 299.323 299.161 1.11622e+08 58.8231 55.811 13 13 0 0 0 0
1400 140 300.834 300.669 300.487 300.292 300.098 299.9 299.707 299.512 299.324 299.162 1.1169e+08 58.8864 55.8452 5 9 0 4 0 0
1410 141 300.834 300.669 300.487 300.292 300.098 299.899 299.707 299.512 299.325 299.162 1.11808e+08 58.9675 55.9038 11 14 0 3 0 0
1420 142 300.834 300.668 300.487 300.292 300.098 299.899 299.707 299.512 299.325 299.163 1.11619e+08 58.894 55.8096 18 11 0 -7 0 0
1430 143 300.833 300.668 300.487 300.291 300.098 299.899 299.707 299.512 299.326 299.163 1.11259e+08 58.7256 55.6296 9 9 0 0 0 0
1440 144 300.833 300.668 300.487 300.292 300.098 299.899 299.707 299.512 299.326 299.163 1.11194e+08 58.7154 55.5972 12 9 0 -3 0 0
1450 145 300.832 300.668 300.487 300.291 300.098 299.899 299.707 299.512 299.326 299.164 1.11198e+08 58.7413 55.5989 13 8 0 -5 0 0
1460 146 300.832 300.668 300.487 300.291 300.098 299.899 299.707 299.512 299.326 299.164 1.11982e+08 59.1647 55.991 17 20 0 3 0 0
1470 147 300.832 300.667 300.487 300.291 300.097 299.9 299.707 299.512 299.327 299.164 1.11978e+08 59.1773 55.9892 15 16 0 1 0 0
1480 148 300.831 300.667 300.487 300.291 300.098 299.9 299.707 299.512 299.327 299.164 1.11622e+08 59.0187 55.811 10 9 0 -1 0 0
1490 149 300.831 300.666 300.486 300.292 300.097 299.899 299.706 299.512 299.328 299.164 1.12336e+08 59.4169 56.168 9 5 0 -4 0 0
1500 150 300.83 300.666 300.486 300.292 300.097 299.899 299.706 299.513 299.328 299.164 1.12593e+08 59.5799 56.2963 12 16 0 4 0 0
1510 151 300.83 300.665 300.486 300.292 300.097 299.899 299.706 299.513 299.329 299.164 1.1241e+08 59.5016 56.205 14 12 0 -2 0 0
1520 152 300.829 300.665 300.486 300.293 300.097 299.9 299.705 299.513 299.329 299.165 1.12735e+08 59.6969 56.3674 8 12 0 4 0 0
1530 153 300.829 300.665 300.485 300.292 300.097 299.899 299.706 299.513 299.329 299.165 1.12369e+08 59.5354 56.1846 18 14 0 -4 0 0
1540 154 300.829 300.665 300.485 300.292 300.097 299.9 299.706 299.513 299.33 299.165 1.12474e+08 59.5984 56.2372 10 15 0 5 0 0
1550 155 300.828 300.665 300.485 300.292 300.098 299.9 299.706 299.512 299.33 299.165 1.12565e+08 59.6569 56.2826 14 11 0 -3 0 0
1560 156 300.828 300.665 300.485 300.292 300.098 299.9 299.706 299.512 299.33 299.165 1.11987e+08 59.3625 55.9934 18 8 0 -10 0 0
1570 157 300.827 300.665 300.484 300.292 300.098 299.9 299.706 299.512 299.331 299.165 1.1195e+08 59.3656 55.9751 14 12 0 -2 0 0
1580 158 300.827 300.665 300.485 300.291 300.098 299.9 299.706 299.513 299.331 299.165 1.11597e+08 59.2023 55.7984 7 12 0 5 0 0
1590 159 300.826 300.664 300.484 300.291 300.099 299.9 299.707 299.513 299.331 299.165 1.12001e+08 59.443 56.0005 13 9 0 -4 0 0
1600 160 300.826 300.664 300.485 300.291 300.099 299.9 299.707 299.514 299.331 299.166 1.11841e+08 59.3824 55.9203 7 7 0 0 0 0
1610 161 300.826 300.663 300.485 300.291 300.099 299.899 299.707 299.514 299.331 299.167 1.11559e+08 59.2563 55.7796 9 14 0 5 0 0
1620 162 300.825 300.663 300.484 300.291 300.099 299.899 299.706 299.514 299.331 299.167 1.11785e+08 59.4072 55.8924 9 10 0 1 0 0
1630 163 300.825 300.662 300.484 300.291 300.099 299.899 299.706 299.514 299.332 299.167 1.11682e+08 59.3767 55.8411 10 10 0 0 0 0
1640 164 300.824 300.662 300.484 300.29 300.099 299.899 299.706 299.515 299.332 299.167 1.12061e+08 59.5989 56.0306 9 9 0 0 0 0
1650 165 300.824 300.662 300.484 300.29 300.099 299.899 299.706 299.515 299.332 299.167 1.11598e+08 59.357 55.7992 14 15 0 1 0 0
1660 166 300.824 300.661 300.484 300.29 300.099 299.899 299.706 299.515 299.332 299.168 1.11532e+08 59.3455 55.7661 15 14 0 -1 0 0
1670 167 300.824 300.661 300.483 300.29 300.099 299.9 299.705 299.515 299.332 299.168 1.11617e+08 59.4066 55.8085 16 17 0 1 0 0
1680 168 300.824 300.66 300.483 300.289 300.099 299.9 299.705 299.515 299.332 299.168 1.11714e+08 59.4739 55.857 8 11 0 3 0 0
1690 169 300.823 300.66 300.482 300.289 300.099 299.9 299.705 299.515 299.332 299.168 1.11903e+08 59.6037 55.9515 14 8 0 -6 0 0
1700 170 300.823 300.66 300.482 300.289 300.099 299.9 299.705 299.516 299.332 299.169 1.12423e+08 59.9059 56.2114 12 22 0 10 0 0
1710 171 300.823 300.66 300.482 300.289 300.098 299.901 299.706 299.515 299.333 299.169 1.1208e+08 59.7451 56.0402 19 19 0 0 0 0
1720 172 300.822 300.659 300.482 300.289 300.098 299.901 299.705 299.516 299.333 299.169 1.12238e+08 59.8417 56.1188 15 14 0 -1 0 0
1730 173 300.822 300.659 300.482 300.289 300.099 299.901 299.705 299.515 299.333 299.169 1.11639e+08 59.5284 55.8193 6 18 0 12 0 0
1740 174 300.822 300.659 300.482 300.289 300.099 299.901 299.705 299.515 299.333 299.169 1.11532e+08 59.4777 55.7659 6 20 0 14 0 0
1750 175 300.822 300.659 300.482 300.289 300.099 299.901 299.705 299.515 299.334 299.169 1.11154e+08 59.2829 55.5771 12 10 0 -2 0 0
1760 176 300.822 300.659 300.481 300.289 300.099 299.901 299.705 299.515 299.334 299.17 1.11304e+08 59.3828 55.6518 15 9 0 -6 0 0
1770 177 300.822 300.659 300.481 300.289 300.099 299.901 299.705 299.515 299.334 299.17 1.11574e+08 59.5492 55.7872 10 9 0 -1 0 0
1780 178 300.822 300.658 300.481 300.29 300.099 299.901 299.706 299.515 299.334 299.171 1.10945e+08 59.2235 55.4726 12 12 0 0 0 0
1790 179 300.822 300.658 300.48 300.29 300.099 299.901 299.705 299.515 299.334 299.171 1.103e+08 58.8899 55.1499 13 18 0 5 0 0
1800 180 300.821 300.658 300.48 300.289 300.099 299.901 299.705 299.515 299.334 299.171 1.1037e+08 58.9504 55.1849 12 13 0 1 0 0
1810 181 300.821 300.658 300.48 300.289 300.099 299.901 299.705 299.515 299.335 299.171 1.09995e+08 58.7633 54.9976 10 16 0 6 0 0
1820 182 300.821 300.658 300.479 300.289 300.099 299.901 299.705 299.515 299.335 299.171 1.09954e+08 58.7597 54.977 10 3 0 -7 0 0
1830 183 300.82 300.658 300.479 300.289 300.099 299.901 299.705 299.515 299.335 299.172 1.09742e+08 58.6682 54.8709 14 7 0 -7 0 0
1840 184 300.82 300.658 300.478 300.289 300.099 299.901 299.705 299.516 299.335 299.172 1.09459e+08 58.5248 54.7294 10 14 0 4 0 0
1850 185 300.82 300.658 300.477 300.29 300.098 299.901 299.705 299.515 299.335 299.172 1.09199e+08 58.4078 54.5994 15 6 0 -9 0 0
1860 186 300.82 300.658 300.478 300.29 300.098 299.901 299.705 299.516 299.335 299.172 1.09774e+08 58.7214 54.8868 12 12 0 0 0 0
1870 187 300.819 300.657 300.477 300.29 300.098 299.901 299.705 299.516 299.335 299.172 1.09944e+08 58.8236 54.9722 18 18 0 0 0 0
1880 188 300.819 300.657 300.477 300.291 300.098 299.901 299.705 299.516 299.335 299.172 1.10472e+08 59.1132 55.2359 8 17 0 9 0 0
1890 189 300.819 300.657 300.477 300.291 300.098 299.901 299.706 299.516 299.335 299.172 1.10095e+08 58.928 55.0474 16 11 0 -5 0 0
1900 190 300.819 300.657 300.477 300.29 300.097 299.901 299.705 299.517 299.336 299.173 1.10139e+08 58.9746 55.0693 18 10 0 -8 0 0
1910 191 300.819 300.656 300.477 300.29 300.097 299.901 299.705 299.517 299.336 299.174 1.10897e+08 59.4007 55.4486 11 12 0 1 0 0
1920 192 300.82 300.656 300.477 300.291 300.097 299.901 299.705 299.517 299.336 299.174 1.10753e+08 59.334 55.3764 13 13 0 0 0 0
1930 193 300.82 300.655 300.477 300.29 300.097 299.902 299.706 299.517 299.336 299.174 1.10242e+08 59.0702 55.1209 6 10 0 4 0 0
1940 194 300.82 300.655 300.476 300.29 300.097 299.902 299.706 299.517 299.336 299.175 1.10257e+08 59.0954 55.1285 11 13 0 2 0 0
1950 195 300.819 300.655 300.476 300.29 300.097 299.902 299.706 299.517 299.336 299.175 1.10315e+08 59.146 55.1574 10 11 0 1 0 0
1960 196 300.819 300.655 300.476 300.29 300.097 299.902 299.706 299.517 299.336 299.175 1.10161e+08 59.075 55.0805 15 6 0 -9 0 0
1970 197 300.819 300.654 300.475 300.29 300.098 299.901 299.707 299.517 299.336 299.175 1.10487e+08 59.2611 55.2436 10 12 0 2 0 0
1980 198 300.819 300.653 300.475 300.29 300.098 299.901 299.707 299.517 299.336 299.175 1.09965e+08 59.0057 54.9826 9 12 0 3 0 0
1990 199 300.819 300.653 300.474 300.29 300.098 299.901 299.707 299.517 299.336 299.176 1.09995e+08 59.0348 54.9974 9 11 0 2 0 0
2000 200 300.819 300.653 300.474 300.29 300.098 299.901 299.706 299.517 299.337 299.176 1.10346e+08 59.2471 55.1728 18 13 0 -5 0 0
2010 201 300.819 300.652 300.474 300.291 300.098 299.902 299.707 299.517 299.338 299.176 1.10736e+08 59.4857 55.3681 18 13 0 -5 0 0
2020 202 300.819 300.652 300.474 300.29 300.098 299.901 299.708 299.517 299.338 299.177 1.10573e+08 59.411 55.2863 10 8 0 -2 0 0
2030 203 300.819 300.653 300.474 300.29 300.098 299.901 299.708 299.517 299.338 299.177 1.10477e+08 59.3611 55.2387 15 9 0 -6 0 0
2040 204 300.819 300.652 300.473 300.29 300.098 299.901 299.708 299.517 299.338 299.177 1.10641e+08 59.4677 55.3206 14 14 0 0 0 0
2050 205 300.819 300.652 300.473 300.29 300.098 299.9 299.709 299.517 299.339 299.177 1.10566e+08 59.4343 55.283 14 13 0 -1 0 0
2060 206 300.819 300.651 300.473 300.29 300.097 299.9 299.709 299.517 299.338 299.177 1.10932e+08 59.6479 55.4659 18 16 0 -2 0 0
2070 207 300.819 300.651 300.473 300.289 300.097 299.9 299.71 299.517 299.339 299.177 1.11364e+08 59.9017 55.6819 16 10 0 -6 0 0
2080 208 300.819 300.651 300.472 300.289 300.096 299.899 299.711 299.517 299.339 299.177 1.11007e+08 59.7221 55.5035 7 7 0 0 0 0
2090 209 300.819 300.65 300.472 300.289 300.096 299.9 299.711 299.517 299.34 299.177 1.11201e+08 59.8551 55.6003 9 4 0 -5 0 0
2100 210 300.819 300.65 300.471 300.289 300.095 299.9 299.711 299.517 299.34 299.177 1.11789e+08 60.1962 55.8944 11 13 0 2 0 0
2110 211 300.818 300.65 300.471 300.289 300.095 299.9 299.711 299.517 299.341 299.177 1.12215e+08 60.4506 56.1074 19 10 0 -9 0 0
2120 212 300.818 300.65 300.471 300.289 300.095 299.9 299.711 299.517 299.342 299.177 1.12125e+08 60.4091 56.0623 10 18 0 8 0 0
2130 213 300.818 300.65 300.471 300.288 300.095 299.9 299.711 299.517 299.342 299.177 1.11446e+08 60.0606 55.7231 14 18 0 4 0 0
2140 214 300.818 300.649 300.471 300.288 300.095 299.899 299.711 299.517 299.342 299.177 1.11192e+08 59.9305 55.5959 16 15 0 -1 0 0
2150 215 300.818 300.649 300.471 300.288 300.095 299.9 299.712 299.518 299.343 299.177 1.11631e+08 60.1749 55.8153 15 19 0 4 0 0
2160 216 300.818 300.649 300.47 300.288 300.095 299.9 299.712 299.518 299.343 299.177 1.11985e+08 60.3935 55.9925 7 14 0 7 0 0
2170 217 300.818 300.649 300.47 300.289 300.095 299.9 299.713 299.519 299.343 299.177 1.12051e+08 60.4459 56.0253 14 12 0 -2 0 0
2180 218 300.818 300.649 300.47 300.288 300.095 299.9 299.713 299.519 299.343 299.177 1.11842e+08 60.3371 55.921 13 15 0 2 0 0
2190 219 300.818 300.648 300.469 300.288 300.095 299.9 299.714 299.519 299.343 299.177 1.12126e+08 60.5056 56.0628 16 15 0 -1 0 0
2200 220 300.818 300.648 300.47 300.288 300.095 299.9 299.714 299.519 299.344 299.176 1.12099e+08 60.496 56.0497 13 14 0 1 0 0
2210 221 300.818 300.648 300.47 300.287 300.095 299.899 299.714 299.52 299.344 299.176 1.12279e+08 60.6128 56.1396 12 15 0 3 0 0
2220 222 300.818 300.648 300.469 300.287 300.095 299.9 299.714 299.52 299.344 299.177 1.12358e+08 60.6837 56.1792 8 16 0 8 0 0
2230 223 300.818 300.647 300.469 300.287 300.095 299.9 299.715 299.52 299.344 299.177 1.11903e+08 60.4518 55.9513 10 15 0 5 0 0
2240 224 300.818 300.647 300.469 300.287 300.095 299.9 299.715 299.521 299.344 299.178 1.12329e+08 60.6987 56.1647 17 15 0 -2 0 0
2250 225 300.818 300.647 300.469 300.287 300.095 299.9 299.715 299.521 299.345 299.178 1.12674e+08 60.9107 56.3371 16 13 0 -3 0 0
2260 226 300.818 300.647 300.469 300.286 300.096 299.9 299.715 299.521 299.345 299.178 1.1316e+08 61.1817 56.5798 16 11 0 -5 0 0
2270 227 300.817 300.647 300.468 300.285 300.096 299.899 299.716 299.521 299.346 299.178 1.12927e+08 61.0781 56.4633 17 6 0 -11 0 0
2280 228 300.818 300.647 300.468 300.285 300.096 299.899 299.716 299.521 299.346 299.178 1.12703e+08 60.9578 56.3513 12 16 0 4 0 0
2290 229 300.818 300.647 300.468 300.285 300.096 299.899 299.716 299.521 299.346 299.178 1.12673e+08 60.9596 56.3363 11 15 0 4 0 0
2300 230 300.817 300.647 300.467 300.284 300.096 299.899 299.716 299.522 299.346 299.178 1.12418e+08 60.8502 56.2092 14 9 0 -5 0 0
2310 231 300.817 300.647 300.466 300.284 300.096 299.9 299.716 299.522 299.347 299.179 1.12362e+08 60.8514 56.181 14 14 0 0 0 0
2320 232 300.816 300.647 300.466 300.284 300.096 299.9 299.716 299.523 299.347 299.179 1.12271e+08 60.8253 56.1357 9 11 0 2 0 0
2330 233 300.816 300.646 300.466 300.283 300.096 299.9 299.716 299.524 299.347 299.179 1.12034e+08 60.7175 56.0172 13 13 0 0 0 0
2340 234 300.816 300.647 300.466 300.283 300.096 299.9 299.715 299.524 299.348 299.179 1.12206e+08 60.8368 56.1028 17 7 0 -10 0 0
2350 235 300.816 300.646 300.466 300.283 300.096 299.899 299.716 299.524 299.348 299.179 1.12143e+08 60.8181 56.0714 15 15 0 0 0 0
2360 236 300.816 300.646 300.466 300.283 300.096 299.899 299.715 299.524 299.349 299.179 1.11809e+08 60.6506 55.9046 6 9 0 3 0 0
2370 237 300.815 300.645 300.466 300.283 300.095 299.9 299.715 299.524 299.349 299.18 1.11778e+08 60.6626 55.8891 16 13 0 -3 0 0
2380 238 300.816 300.645 300.465 300.283 300.095 299.9 299.715 299.525 299.349 299.18 1.11648e+08 60.6031 55.8241 11 11 0 0 0 0
2390 239 300.815 300.645 300.465 300.283 300.095 299.9 299.714 299.526 299.35 299.18 1.11884e+08 60.7601 55.9418 14 13 0 -1 0 0
2400 240 300.815 300.645 300.465 300.282 300.095 299.9 299.714 299.525 299.35 299.18 1.11959e+08 60.81 55.9795 9 21 0 12 0 0
2410 241 300.814 300.645 300.465 300.282 300.095 299.9 299.714 299.526 299.35 299.18 1.12192e+08 60.967 56.096 22 6 0 -16 0 0
2420 242 300.814 300.645 300.465 300.282 300.095 299.9 299.714 299.526 299.35 299.181 1.124e+08 61.1067 56.2002 7 6 0 -1 0 0
2430 243 300.813 300.644 300.465 300.282 300.095 299.899 299.714 299.526 299.35 299.181 1.12567e+08 61.2248 56.2836 12 7 0 -5 0 0
2440 244 300.813 300.644 300.465 300.282 300.094 299.899 299.714 299.527 299.35 299.181 1.11997e+08 60.9212 55.9986 6 11 0 5 0 0
2450 245 300.813 300.644 300.465 300.281 300.094 299.898 299.714 299.527 299.351 299.182 1.12608e+08 61.2868 56.3041 10 12 0 2 0 0
2460 246 300.812 300.644 300.465 300.281 300.094 299.899 299.714 299.526 299.352 299.182 1.12587e+08 61.3041 56.2933 11 8 0 -3 0 0
2470 247 300.812 300.643 300.465 300.281 300.094 299.899 299.714 299.526 299.353 299.182 1.1277e+08 61.4266 56.3851 7 6 0 -1 0 0
2480 248 300.812 300.643 300.466 300.281 300.093 299.9 299.714 299.526 299.353 299.183 1.13157e+08 61.6564 56.5785 16 13 0 -3 0 0
2490 249 300.812 300.642 300.465 300.281 300.093 299.9 299.714 299.526 299.353 299.183 1.13386e+08 61.8149 56.6928 14 9 0 -5 0 0
2500 250 300.812 300.641 300.465 300.281 300.093 299.899 299.714 299.526 299.353 299.184 1.1349e+08 61.8948 56.7448 8 10 0 2 0 0
2510 251 300.811 300.641 300.465 300.281 300.093 299.899 299.715 299.526 299.354 299.184 1.14028e+08 62.2182 57.0139 16 9 0 -7 0 0
2520 252 300.81 300.64 300.464 300.281 300.092 299.899 299.715 299.526 299.355 299.184 1.13791e+08 62.1242 56.8954 13 12 0 -1 0 0
2530 253 300.81 300.64 300.464 300.28 300.092 299.899 299.715 299.526 299.355 299.184 1.13299e+08 61.88 56.6494 8 16 0 8 0 0
2540 254 300.81 300.639 300.463 300.28 300.092 299.9 299.715 299.526 299.355 299.184 1.13466e+08 61.9997 56.7328 8 18 0 10 0 0
2550 255 300.811 300.639 300.463 300.28 300.091 299.9 299.714 299.526 299.355 299.184 1.13327e+08 61.9375 56.6635 11 18 0 7 0 0
2560 256 300.81 300.639 300.463 300.28 300.091 299.9 299.715 299.526 299.355 299.185 1.13772e+08 62.1936 56.886 11 12 0 1 0 0
2570 257 300.81 300.639 300.463 300.28 300.091 299.9 299.714 299.527 299.355 299.185 1.12835e+08 61.6972 56.4176 10 13 0 3 0 0
2580 258 300.81 300.639 300.463 300.28 300.091 299.901 299.714 299.526 299.355 299.186 1.1342e+08 62.0348 56.7099 12 11 0 -1 0 0
2590 259 300.81 300.639 300.462 300.28 300.09 299.901 299.713 299.527 299.356 299.186 1.13511e+08 62.0948 56.7555 13 14 0 1 0 0
2600 260 300.81 300.639 300.462 300.279 300.09 299.901 299.713 299.527 299.356 299.186 1.12978e+08 61.823 56.4888 15 8 0 -7 0 0
2610 261 300.81 300.638 300.462 300.279 300.09 299.902 299.714 299.527 299.356 299.187 1.12856e+08 61.7805 56.4281 5 11 0 6 0 0
2620 262 300.809 300.638 300.462 300.279 300.09 299.902 299.714 299.527 299.357 299.188 1.12396e+08 61.5685 56.1981 9 8 0 -1 0 0
2630 263 300.809 300.638 300.461 300.279 300.09 299.902 299.713 299.526 299.357 299.188 1.12141e+08 61.4465 56.0705 11 17 0 6 0 0
2640 264 300.809 300.638 300.461 300.279 300.09 299.902 299.713 299.526 299.357 299.188 1.13052e+08 61.9582 56.5259 13 15 0 2 0 0
2650 265 300.809 300.637 300.461 300.279 300.089 299.902 299.713 299.527 299.358 299.188 1.12985e+08 61.9361 56.4925 6 10 0 4 0 0
2660 266 300.809 300.636 300.461 300.279 300.089 299.903 299.713 299.527 299.358 299.189 1.13164e+08 62.0664 56.5821 9 15 0 6 0 0
2670 267 300.809 300.636 300.461 300.279 300.089 299.903 299.713 299.527 299.357 299.189 1.13091e+08 62.0326 56.5453 8 13 0 5 0 0
2680 268 300.809 300.636 300.461 300.279 300.089 299.903 299.713 299.527 299.358 299.19 1.1314e+08 62.0921 56.5699 8 7 0 -1 0 0
2690 269 300.808 300.636 300.461 300.278 300.089 299.903 299.713 299.528 299.358 299.19 1.13017e+08 62.0386 56.5087 15 14 0 -1 0 0
2700 270 300.809 300.635 300.46 300.279 300.088 299.903 299.713 299.528 299.358 299.19 1.12856e+08 61.961 56.4282 12 9 0 -3 0 0
2710 271 300.808 300.635 300.46 300.28 300.088 299.903 299.713 299.528 299.358 299.19 1.12471e+08 61.7728 56.2357 14 11 0 -3 0 0
2720 272 300.808 300.634 300.46 300.279 300.088 299.903 299.713 299.528 299.359 299.19 1.1221e+08 61.6361 56.1051 10 11 0 1 0 0
2730 273 300.808 300.634 300.46 300.279 300.088 299.903 299.713 299.528 299.359 299.19 1.12504e+08 61.81 56.2519 13 6 0 -7 0 0
2740 274 300.808 300.634 300.46 300.279 300.088 299.903 299.712 299.528 299.359 299.19 1.12572e+08 61.8627 56.286 11 16 0 5 0 0
2750 275 300.807 300.634 300.46 300.279 300.088 299.903 299.712 299.528 299.36 299.19 1.11877e+08 61.4962 55.9385 17 8 0 -9 0 0
2760 276 300.807 300.634 300.459 300.279 300.087 299.902 299.713 299.528 299.361 299.19 1.11977e+08 61.5814 55.9883 10 15 0 5 0 0
2770 277 300.807 300.634 300.459 300.279 300.087 299.903 299.713 299.529 299.361 299.19 1.12209e+08 61.7272 56.1046 11 14 0 3 0 0
2780 278 300.806 300.634 300.459 300.279 300.086 299.903 299.713 299.528 299.361 299.19 1.12056e+08 61.6659 56.0281 7 10 0 3 0 0
2790 279 300.805 300.634 300.459 300.278 300.086 299.903 299.714 299.528 299.361 299.191 1.12075e+08 61.7142 56.0374 16 11 0 -5 0 0
2800 280 300.805 300.633 300.458 300.278 300.086 299.903 299.714 299.528 299.361 299.191 1.12276e+08 61.8376 56.1378 16 10 0 -6 0 0
2810 281 300.805 300.633 300.458 300.278 300.086 299.903 299.714 299.528 299.362 299.191 1.12539e+08 62.0035 56.2693 16 12 0 -4 0 0
2820 282 300.805 300.632 300.457 300.278 300.086 299.903 299.715 299.528 299.362 299.191 1.12513e+08 62.0049 56.2564 10 14 0 4 0 0
2830 283 300.805 300.632 300.457 300.278 300.086 299.903 299.715 299.528 299.361 299.191 1.11802e+08 61.6219 55.9009 16 16 0 0 0 0
2840 284 300.805 300.632 300.456 300.278 300.086 299.903 299.715 299.529 299.361 299.191 1.1143e+08 61.4303 55.7152 15 14 0 -1 0 0
2850 285 300.804 300.632 300.456 300.278 300.086 299.903 299.715 299.529 299.362 299.191 1.11444e+08 61.4607 55.7219 9 19 0 10 0 0
2860 286 300.804 300.632 300.455 300.277 300.086 299.904 299.715 299.529 299.362 299.191 1.11518e+08 61.5167 55.7592 11 14 0 3 0 0
2870 287 300.804 300.632 300.455 300.278 300.085 299.904 299.715 299.529 299.362 299.191 1.11477e+08 61.5076 55.7385 6 6 0 0 0 0
2880 288 300.804 300.632 300.455 300.277 300.085 299.904 299.715 299.53 299.362 299.191 1.11711e+08 61.6511 55.8556 10 14 0 4 0 0
2890 289 300.804 300.632 300.455 300.277 300.085 299.905 299.715 299.53 299.362 299.191 1.11649e+08 61.633 55.8244 7 11 0 4 0 0
2900 290 300.804 300.631 300.455 300.277 300.085 299.905 299.715 299.53 299.362 299.191 1.1125e+08 61.4141 55.6251 8 14 0 6 0 0
2910 291 300.803 300.631 300.455 300.277 300.085 299.905 299.716 299.531 299.362 299.191 1.10888e+08 61.2256 55.4442 18 13 0 -5 0 0
2920 292 300.803 300.631 300.455 300.276 300.085 299.905 299.716 299.531 299.362 299.191 1.11065e+08 61.3407 55.5325 11 24 0 13 0 0
2930 293 300.803 300.631 300.454 300.276 300.085 299.905 299.716 299.531 299.362 299.191 1.11765e+08 61.7507 55.8826 9 16 0 7 0 0
2940 294 300.803 300.631 300.454 300.276 300.085 299.905 299.716 299.531 299.362 299.191 1.12e+08 61.8838 55.9998 14 8 0 -6 0 0
2950 295 300.802 300.631 300.454 300.275 300.085 299.905 299.716 299.531 299.363 299.191 1.1207e+08 61.9451 56.0351 12 11 0 -1 0 0
2960 296 300.802 300.631 300.453 300.275 300.084 299.905 299.716 299.532 299.363 299.191 1.12534e+08 62.2185 56.2672 21 8 0 -13 0 0
2970 297 300.803 300.63 300.454 300.274 300.085 299.906 299.716 299.532 299.362 299.191 1.12936e+08 62.439 56.4681 10 9 0 -1 0 0
2980 298 300.802 300.63 300.454 300.274 300.085 299.905 299.716 299.532 299.363 299.191 1.13011e+08 62.487 56.5057 15 16 0 1 0 0
2990 299 300.803 300.63 300.454 300.274 300.085 299.905 299.716 299.532 299.363 299.191 1.13121e+08 62.5483 56.5607 15 14 0 -1 0 0
3000 300 300.803 300.629 300.454 300.274 300.085 299.905 299.716 299.532 299.363 299.191 1.12805e+08 62.3878 56.4025 17 10 0 -7 0 0
3010 301 300.803 300.629 300.454 300.274 300.085 299.904 299.716 299.533 299.363 299.191 1.13036e+08 62.5302 56.5182 8 13 0 5 0 0
3020 302 300.803 300.629 300.454 300.273 300.085 299.904 299.715 299.533 299.363 299.191 1.1261e+08 62.3081 56.305 13 15 0 2 0 0
3030 303 300.802 300.628 300.454 300.273 300.085 299.904 299.715 299.534 299.363 299.191 1.13073e+08 62.5767 56.5364 10 16 0 6 0 0
3040 304 300.802 300.628 300.454 300.273 300.085 299.904 299.715 299.534 299.363 299.191 1.1346e+08 62.7984 56.7302 9 5 0 -4 0 0
3050 305 300.802 300.628 300.454 300.273 300.085 299.904 299.715 299.535 299.363 299.191 1.13794e+08 62.9872 56.8969 12 13 0 1 0 0
3060 306 300.802 300.628 300.454 300.273 300.086 299.903 299.715 299.535 299.364 299.191 1.13436e+08 62.808 56.7178 8 12 0 4 0 0
3070 307 300.802 300.628 300.455 300.273 300.086 299.903 299.715 299.536 299.364 299.191 1.13079e+08 62.616 56.5394 12 18 0 6 0 0
3080 308 300.802 300.628 300.454 300.273 300.086 299.903 299.715 299.536 299.364 299.191 1.13158e+08 62.6715 56.5788 11 21 0 10 0 0
3090 309 300.802 300.628 300.454 300.272 300.086 299.903 299.714 299.536 299.364 299.191 1.12888e+08 62.526 56.4439 18 11 0 -7 0 0
3100 310 300.802 300.628 300.455 300.273 300.087 299.903 299.714 299.537 299.364 299.191 1.12805e+08 62.483 56.4027 14 7 0 -7 0 0
3110 311 300.801 300.627 300.455 300.272 300.087 299.903 299.714 299.538 299.365 299.191 1.12926e+08 62.5746 56.4631 12 7 0 -5 0 0
3120 312 300.801 300.627 300.455 300.272 300.088 299.903 299.715 299.538 299.365 299.191 1.12865e+08 62.5613 56.4325 13 13 0 0 0 0
3130 313 300.801 300.627 300.455 300.272 300.088 299.903 299.715 299.538 299.365 299.192 1.13059e+08 62.6835 56.5296 14 13 0 -1 0 0
3140 314 300.801 300.628 300.454 300.272 300.088 299.903 299.715 299.539 299.365 299.192 1.13016e+08 62.6818 56.5079 10 12 0 2 0 0
3150 315 300.8 300.628 300.454 300.272 300.088 299.902 299.715 299.54 299.365 299.192 1.13017e+08 62.6999 56.5086 14 7 0 -7 0 0
3160 316 300.8 300.627 300.454 300.272 300.089 299.903 299.715 299.54 299.365 299.192 1.12724e+08 62.5575 56.3622 13 9 0 -4 0 0
3170 317 300.799 300.628 300.453 300.272 300.088 299.903 299.715 299.541 299.365 299.192 1.13573e+08 63.0621 56.7865 8 13 0 5 0 0
3180 318 300.798 300.627 300.453 300.273 300.089 299.902 299.716 299.541 299.365 299.192 1.13764e+08 63.1875 56.8821 11 8 0 -3 0 0
3190 319 300.798 300.627 300.453 300.273 300.088 299.902 299.716 299.541 299.365 299.193 1.13586e+08 63.1138 56.7931 8 15 0 7 0 0
3200 320 300.797 300.626 300.453 300.273 300.089 299.902 299.716 299.541 299.366 299.193 1.136e+08 63.1585 56.8 22 12 0 -10 0 0
3210 321 300.798 300.626 300.453 300.273 300.088 299.902 299.716 299.541 299.366 299.193 1.13819e+08 63.2838 56.9093 7 12 0 5 0 0
3220 322 300.797 300.626 300.453 300.273 300.088 299.902 299.716 299.541 299.366 299.194 1.13829e+08 63.3197 56.9145 13 16 0 3 0 0
3230 323 300.797 300.626 300.452 300.273 300.087 299.902 299.716 299.542 299.366 299.194 1.13552e+08 63.1704 56.7762 13 11 0 -2 0 0
3240 324 300.797 300.627 300.452 300.273 300.087 299.901 299.716 299.542 299.367 299.194 1.13508e+08 63.1646 56.754 11 9 0 -2 0 0
3250 325 300.797 300.626 300.451 300.273 300.087 299.901 299.716 299.542 299.367 299.194 1.1321e+08 63.0099 56.6051 7 12 0 5 0 0
3260 326 300.797 300.626 300.451 300.272 300.087 299.901 299.716 299.542 299.367 299.194 1.12997e+08 62.9001 56.4983 14 12 0 -2 0 0
3270 327 300.797 300.626 300.451 300.272 300.087 299.901 299.716 299.542 299.368 299.194 1.12777e+08 62.801 56.3885 15 12 0 -3 0 0
3280 328 300.797 300.625 300.45 300.272 300.087 299.901 299.716 299.542 299.368 299.194 1.12653e+08 62.7334 56.3266 15 13 0 -2 0 0
3290 329 300.798 300.625 300.45 300.272 300.087 299.901 299.716 299.542 299.368 299.194 1.12577e+08 62.6881 56.2885 14 18 0 4 0 0
3300 330 300.798 300.625 300.45 300.272 300.087 299.901 299.717 299.541 299.369 299.193 1.12479e+08 62.6265 56.2394 12 14 0 2 0 0
3310 331 300.798 300.624 300.451 300.271 300.087 299.901 299.716 299.541 299.369 299.194 1.12999e+08 62.9298 56.4996 12 16 0 4 0 0
3320 332 300.798 300.624 300.45 300.271 300.087 299.901 299.716 299.542 299.369 299.194 1.13138e+08 63.031 56.569 10 13 0 3 0 0
3330 333 300.798 300.624 300.45 300.271 300.088 299.902 299.716 299.542 299.369 299.194 1.12934e+08 62.9168 56.4668 10 16 0 6 0 0
3340 334 300.798 300.624 300.45 300.271 300.087 299.902 299.716 299.542 299.369 299.194 1.12535e+08 62.6899 56.2676 16 20 0 4 0 0
3350 335 300.798 300.624 300.45 300.27 300.088 299.902 299.716 299.542 299.37 299.194 1.12222e+08 62.5346 56.1109 12 6 0 -6 0 0
3360 336 300.799 300.624 300.45 300.27 300.088 299.902 299.716 299.542 299.37 299.194 1.12632e+08 62.7793 56.3162 13 16 0 3 0 0
3370 337 300.798 300.624 300.45 300.27 300.088 299.902 299.716 299.543 299.371 299.194 1.12705e+08 62.8302 56.3523 13 8 0 -5 0 0
3380 338 300.799 300.623 300.45 300.27 300.088 299.902 299.716 299.543 299.371 299.194 1.13155e+08 63.0856 56.5774 13 11 0 -2 0 0
3390 339 300.799 300.623 300.45 300.27 300.088 299.902 299.716 299.543 299.371 299.194 1.1327e+08 63.1779 56.635 8 13 0 5 0 0
3400 340 300.799 300.623 300.449 300.27 300.087 299.902 299.716 299.543 299.371 299.194 1.13657e+08 63.4021 56.8286 8 17 0 9 0 0
3410 341 300.799 300.622 300.449 300.27 300.087 299.902 299.716 299.543 299.371 299.195 1.1391e+08 63.5567 56.9552 13 13 0 0 0 0
3420 342 300.798 300.622 300.45 300.27 300.087 299.902 299.716 299.543 299.371 299.196 1.13744e+08 63.4889 56.8718 9 10 0 1 0 0
3430 343 300.797 300.622 300.449 300.271 300.086 299.903 299.716 299.543 299.371 299.196 1.13844e+08 63.586 56.9218 16 15 0 -1 0 0
3440 344 300.797 300.621 300.449 300.27 300.086 299.903 299.715 299.543 299.372 299.197 1.14168e+08 63.7922 57.0841 11 6 0 -5 0 0
3450 345 300.797 300.621 300.449 300.27 300.086 299.903 299.715 299.543 299.372 299.197 1.1345e+08 63.4011 56.7249 4 18 0 14 0 0
3460 346 300.797 300.621 300.448 300.27 300.086 299.903 299.715 299.542 299.372 299.197 1.13283e+08 63.3307 56.6414 17 13 0 -4 0 0
3470 347 300.797 300.621 300.448 300.269 300.086 299.903 299.716 299.542 299.372 299.198 1.13227e+08 63.3155 56.6137 12 9 0 -3 0 0
3480 348 300.796 300.621 300.448 300.269 300.086 299.902 299.716 299.542 299.373 299.198 1.13277e+08 63.3731 56.6385 15 12 0 -3 0 0
3490 349 300.796 300.621 300.447 300.27 300.086 299.902 299.716 299.542 299.373 299.198 1.13064e+08 63.2592 56.5321 7 13 0 6 0 0
3500 350 300.795 300.621 300.447 300.27 300.086 299.901 299.716 299.542 299.373 299.198 1.13102e+08 63.3079 56.5511 11 6 0 -5 0 0
3510 351 300.795 300.62 300.447 300.269 300.086 299.901 299.716 299.543 299.373 299.198 1.12745e+08 63.1331 56.3724 9 13 0 4 0 0
3520 352 300.795 300.62 300.447 300.269 300.086 299.901 299.717 299.543 299.374 299.199 1.13211e+08 63.4094 56.6057 11 10 0 -1 0 0
3530 353 300.795 300.619 300.447 300.269 300.086 299.901 299.717 299.543 299.373 299.199 1.13845e+08 63.7698 56.9224 16 14 0 -2 0 0
3540 354 300.795 300.619 300.447 300.27 300.085 299.901 299.717 299.543 299.373 299.199 1.13633e+08 63.661 56.8166 9 11 0 2 0 0
3550 355 300.795 300.619 300.447 300.27 300.085 299.902 299.716 299.543 299.374 299.199 1.13757e+08 63.7323 56.8783 6 17 0 11 0 0
3560 356 300.795 300.62 300.447 300.269 300.085 299.901 299.716 299.543 299.373 299.199 1.13656e+08 63.6783 56.8282 17 16 0 -1 0 0
3570 357 300.795 300.62 300.446 300.269 300.085 299.902 299.716 299.543 299.373 299.199 1.1323e+08 63.4535 56.615 7 15 0 8 0 0
3580 358 300.795 300.62 300.446 300.268 300.085 299.902 299.716 299.543 299.373 299.199 1.12973e+08 63.3227 56.4865 14 17 0 3 0 0
3590 359 300.794 300.62 300.446 300.268 300.085 299.902 299.717 299.543 299.373 299.2 1.12656e+08 63.1588 56.3282 13 10 0 -3 0 0
3600 360 300.794 300.62 300.446 300.269 300.086 299.901 299.716 299.543 299.374 299.199 1.12703e+08 63.1775 56.3515 14 11 0 -3 0 0
3610 361 300.794 300.62 300.447 300.268 300.086 299.901 299.717 299.543 299.374 299.199 1.12671e+08 63.1509 56.3356 6 14 0 8 0 0
3620 362 300.794 300.62 300.446 300.268 300.086 299.901 299.717 299.543 299.374 299.2 1.13172e+08 63.4487 56.5858 12 13 0 1 0 0
3630 363 300.794 300.62 300.446 300.268 300.086 299.901 299.717 299.543 299.374 299.2 1.13458e+08 63.6261 56.7288 14 11 0 -3 0 0
3640 364 300.794 300.62 300.446 300.268 300.086 299.901 299.716 299.542 299.375 299.2 1.13271e+08 63.5135 56.6354 14 8 0 -6 0 0
3650 365 300.794 300.62 300.447 300.269 300.086 299.901 299.717 299.542 299.375 299.2 1.13348e+08 63.5507 56.6739 11 18 0 7 0 0
3660 366 300.794 300.62 300.447 300.269 300.086 299.902 299.717 299.541 299.375 299.2 1.12789e+08 63.2292 56.3944 16 12 0 -4 0 0
3670 367 300.794 300.62 300.447 300.269 300.086 299.901 299.717 299.542 299.374 299.2 1.13475e+08 63.6256 56.7373 10 19 0 9 0 0
3680 368 300.794 300.619 300.446 300.269 300.086 299.901 299.717 299.542 299.374 299.2 1.13229e+08 63.5057 56.6147 10 15 0 5 0 0
3690 369 300.794 300.619 300.446 300.268 300.086 299.901 299.718 299.542 299.375 299.2 1.1315e+08 63.4928 56.575 12 11 0 -1 0 0
3700 370 300.794 300.618 300.447 300.268 300.086 299.901 299.718 299.542 299.375 299.2 1.13274e+08 63.5558 56.6371 13 18 0 5 0 0
3710 371 300.794 300.619 300.447 300.268 300.086 299.901 299.718 299.542 299.375 299.2 1.12732e+08 63.2596 56.366 11 8 0 -3 0 0
3720 372 300.794 300.619 300.447 300.268 300.086 299.901 299.719 299.542 299.375 299.201 1.12373e+08 63.0707 56.1865 13 14 0 1 0 0
3730 373 300.793 300.619 300.447 300.268 300.086 299.901 299.719 299.542 299.375 299.201 1.12132e+08 62.9385 56.066 10 21 0 11 0 0
3740 374 300.793 300.619 300.447 300.268 300.086 299.901 299.719 299.542 299.375 299.201 1.11498e+08 62.601 55.7489 10 11 0 1 0 0
3750 375 300.793 300.618 300.447 300.268 300.086 299.901 299.719 299.543 299.375 299.201 1.11696e+08 62.7318 55.8481 10 14 0 4 0 0
3760 376 300.793 300.619 300.447 300.267 300.086 299.901 299.719 299.543 299.375 299.201 1.12184e+08 63.0078 56.092 9 19 0 10 0 0
3770 377 300.793 300.619 300.446 300.267 300.087 299.901 299.719 299.543 299.376 299.201 1.12052e+08 62.9473 56.0259 16 14 0 -2 0 0
3780 378 300.793 300.619 300.446 300.267 300.087 299.901 299.719 299.543 299.376 299.201 1.1217e+08 63.0115 56.0852 16 11 0 -5 0 0
3790 379 300.793 300.619 300.446 300.267 300.087 299.901 299.719 299.544 299.375 299.201 1.12114e+08 62.9926 56.0568 11 14 0 3 0 0
3800 380 300.792 300.619 300.445 300.266 300.087 299.901 299.72 299.544 299.375 299.202 1.11745e+08 62.8047 55.8725 13 13 0 0 0 0
3810 381 300.793 300.618 300.446 300.266 300.087 299.901 299.72 299.544 299.375 299.202 1.11901e+08 62.892 55.9505 18 14 0 -4 0 0
3820 382 300.793 300.618 300.445 300.266 300.087 299.901 299.719 299.544 299.375 299.202 1.12063e+08 62.988 56.0313 11 18 0 7 0 0
3830 383 300.793 300.618 300.445 300.266 300.087 299.901 299.719 299.544 299.375 299.202 1.12782e+08 63.3978 56.3909 12 7 0 -5 0 0
3840 384 300.794 300.617 300.445 300.266 300.087 299.901 299.719 299.543 299.375 299.202 1.13041e+08 63.539 56.5206 8 12 0 4 0 0
3850 385 300.793 300.617 300.445 300.266 300.087 299.901 299.72 299.544 299.375 299.202 1.13923e+08 64.0566 56.9617 16 16 0 0 0 0
3860 386 300.793 300.617 300.445 300.266 300.086 299.901 299.72 299.544 299.375 299.202 1.14155e+08 64.2138 57.0776 11 11 0 0 0 0
3870 387 300.793 300.616 300.445 300.265 300.086 299.901 299.72 299.544 299.375 299.203 1.1388e+08 64.0622 56.94 10 10 0 0 0 0
3880 388 300.794 300.616 300.445 300.265 300.086 299.901 299.72 299.544 299.375 299.203 1.13596e+08 63.9051 56.7979 13 10 0 -3 0 0
3890 389 300.794 300.616 300.445 300.266 300.086 299.901 299.72 299.544 299.375 299.203 1.13061e+08 63.5879 56.5305 21 11 0 -10 0 0
3900 390 300.793 300.616 300.445 300.266 300.085 299.901 299.72 299.544 299.375 299.203 1.13081e+08 63.6217 56.5406 9 11 0 2 0 0
3910 391 300.794 300.616 300.445 300.266 300.085 299.901 299.721 299.543 299.376 299.203 1.12906e+08 63.5224 56.4531 7 9 0 2 0 0
3920 392 300.794 300.616 300.445 300.267 300.085 299.902 299.721 299.544 299.375 299.203 1.1313e+08 63.6348 56.5649 14 12 0 -2 0 0
3930 393 300.794 300.616 300.444 300.267 300.085 299.902 299.721 299.543 299.375 299.203 1.13629e+08 63.9329 56.8146 9 13 0 4 0 0
3940 394 300.794 300.616 300.444 300.267 300.085 299.901 299.721 299.544 299.375 299.203 1.13922e+08 64.104 56.9612 17 15 0 -2 0 0
3950 395 300.793 300.617 300.444 300.267 300.085 299.902 299.721 299.544 299.375 299.203 1.14073e+08 64.1767 57.0364 10 8 0 -2 0 0
3960 396 300.793 300.617 300.444 300.266 300.085 299.902 299.721 299.543 299.375 299.204 1.1387e+08 64.0722 56.9349 9 12 0 3 0 0
3970 397 300.793 300.617 300.444 300.266 300.085 299.902 299.721 299.544 299.375 299.204 1.13191e+08 63.7124 56.5957 14 12 0 -2 0 0
3980 398 300.793 300.617 300.443 300.266 300.085 299.902 299.721 299.544 299.375 299.203 1.13354e+08 63.8073 56.6771 9 13 0 4 0 0
3990 399 300.792 300.618 300.444 300.266 300.085 299.903 299.721 299.544 299.375 299.203 1.1279e+08 63.4858 56.3952 9 10 0 1 0 0
4000 400 300.793 300.618 300.444 300.265 300.085 299.902 299.721 299.545 299.375 299.203 1.12267e+08 63.1935 56.1334 11 13 0 2 0 0
4010 401 300.793 300.618 300.444 300.265 300.084 299.902 299.721 299.545 299.375 299.203 1.1246e+08 63.2998 56.2298 12 8 0 -4 0 0
4020 402 300.792 300.618 300.444 300.265 300.084 299.903 299.721 299.545 299.375 299.203 1.12904e+08 63.5579 56.4518 10 9 0 -1 0 0
4030 403 300.792 300.618 300.444 300.264 300.084 299.903 299.721 299.546 299.375 299.203 1.12496e+08 63.3329 56.2481 11 11 0 0 0 0
4040 404 300.792 300.618 300.444 300.264 300.083 299.903 299.721 299.546 299.375 299.203 1.1299e+08 63.6212 56.4951 6 16 0 10 0 0
4050 405 300.792 300.618 300.444 300.264 300.083 299.903 299.721 299.547 299.376 299.202 1.12601e+08 63.4203 56.3005 13 11 0 -2 0 0
4060 406 300.791 300.618 300.443 300.264 300.083 299.902 299.721 299.547 299.375 299.203 1.12863e+08 63.5769 56.4315 10 8 0 -2 0 0
4070 407 300.792 300.618 300.443 300.264 300.082 299.902 299.721 299.548 299.375 299.202 1.13041e+08 63.671 56.5206 8 13 0 5 0 0
4080 408 300.791 300.618 300.443 300.264 300.082 299.901 299.721 299.548 299.375 299.202 1.1336e+08 63.859 56.6798 10 14 0 4 0 0
4090 409 300.791 300.617 300.443 300.265 300.082 299.901 299.721 299.549 299.374 299.202 1.12933e+08 63.6252 56.4665 13 10 0 -3 0 0
4100 410 300.791 300.616 300.443 300.265 300.082 299.901 299.721 299.549 299.374 299.202 1.1304e+08 63.6921 56.5199 14 17 0 3 0 0
4110 411 300.792 300.616 300.443 300.264 300.082 299.901 299.722 299.549 299.374 299.202 1.12603e+08 63.4455 56.3013 5 13 0 8 0 0
4120 412 300.792 300.616 300.443 300.264 300.083 299.901 299.722 299.549 299.374 299.202 1.12088e+08 63.1644 56.0438 11 10 0 -1 0 0
4130 413 300.793 300.615 300.443 300.264 300.083 299.9 299.722 299.549 299.374 299.203 1.11753e+08 62.974 55.8766 11 12 0 1 0 0
4140 414 300.793 300.615 300.443 300.264 300.083 299.9 299.722 299.55 299.374 299.202 1.12113e+08 63.1945 56.0564 11 11 0 0 0 0
4150 415 300.793 300.615 300.443 300.264 300.083 299.9 299.722 299.55 299.374 299.202 1.12622e+08 63.4756 56.3108 17 12 0 -5 0 0
4160 416 300.793 300.615 300.442 300.264 300.082 299.9 299.723 299.55 299.374 299.202 1.13198e+08 63.8001 56.5988 16 11 0 -5 0 0
4170 417 300.794 300.614 300.442 300.264 300.082 299.899 299.722 299.55 299.375 299.202 1.13814e+08 64.1513 56.9072 11 15 0 4 0 0
4180 418 300.794 300.614 300.442 300.264 300.082 299.899 299.722 299.55 299.376 299.201 1.13523e+08 63.9929 56.7614 15 13 0 -2 0 0
4190 419 300.794 300.614 300.442 300.264 300.083 299.899 299.722 299.55 299.376 299.201 1.13382e+08 63.9078 56.691 13 13 0 0 0 0
4200 420 300.795 300.613 300.442 300.263 300.083 299.899 299.722 299.55 299.376 299.201 1.13495e+08 63.9656 56.7474 10 12 0 2 0 0
4210 421 300.795 300.613 300.442 300.263 300.082 299.898 299.722 299.55 299.376 299.201 1.13362e+08 63.8936 56.681 12 12 0 0 0 0
4220 422 300.795 300.613 300.442 300.263 300.083 299.898 299.722 299.55 299.376 299.2 1.13655e+08 64.0562 56.8273 18 13 0 -5 0 0
4230 423 300.795 300.612 300.442 300.263 300.083 299.898 299.723 299.55 299.377 299.199 1.13678e+08 64.0799 56.8389 13 8 0 -5 0 0
4240 424 300.795 300.612 300.442 300.263 300.083 299.898 299.723 299.55 299.377 299.199 1.13801e+08 64.1398 56.9007 8 13 0 5 0 0
4250 425 300.795 300.612 300.442 300.263 300.083 299.898 299.723 299.549 299.377 299.2 1.13747e+08 64.1123 56.8733 12 13 0 1 0 0
4260 426 300.795 300.612 300.443 300.262 300.083 299.898 299.723 299.55 299.377 299.199 1.14314e+08 64.4378 57.157 9 8 0 -1 0 0
4270 427 300.795 300.612 300.442 300.262 300.083 299.898 299.723 299.55 299.377 299.2 1.14526e+08 64.5661 57.2628 20 17 0 -3 0 0
4280 428 300.795 300.612 300.442 300.262 300.083 299.897 299.722 299.55 299.377 299.2 1.15079e+08 64.8739 57.5393 14 14 0 0 0 0
4290 429 300.796 300.612 300.443 300.262 300.082 299.898 299.723 299.549 299.378 299.2 1.15146e+08 64.9232 57.5732 15 9 0 -6 0 0
4300 430 300.796 300.612 300.443 300.261 300.083 299.897 299.723 299.55 299.378 299.2 1.15407e+08 65.0732 57.7035 12 2 0 -10 0 0
4310 431 300.796 300.612 300.443 300.261 300.082 299.897 299.723 299.55 299.378 299.2 1.1541e+08 65.0776 57.7049 7 5 0 -2 0 0
4320 432 300.795 300.611 300.443 300.261 300.082 299.897 299.723 299.55 299.378 299.2 1.15395e+08 65.0892 57.6976 11 13 0 2 0 0
4330 433 300.795 300.611 300.443 300.261 300.081 299.896 299.723 299.55 299.378 299.2 1.15149e+08 64.9661 57.5746 14 9 0 -5 0 0
4340 434 300.795 300.612 300.442 300.261 300.081 299.896 299.723 299.55 299.378 299.2 1.15716e+08 65.2829 57.8581 16 12 0 -4 0 0
4350 435 300.795 300.612 300.442 300.261 300.081 299.896 299.723 299.55 299.378 299.201 1.15823e+08 65.3533 57.9114 13 12 0 -1 0 0
4360 436 300.795 300.612 300.441 300.261 300.081 299.897 299.723 299.55 299.378 299.201 1.15883e+08 65.3918 57.9416 14 17 0 3 0 0
4370 437 300.796 300.612 300.441 300.261 300.081 299.897 299.723 299.55 299.378 299.201 1.16302e+08 65.6256 58.1509 11 7 0 -4 0 0
4380 438 300.796 300.612 300.441 300.261 300.081 299.897 299.724 299.55 299.378 299.201 1.15774e+08 65.3248 57.8868 12 11 0 -1 0 0
4390 439 300.796 300.612 300.441 300.261 300.081 299.897 299.724 299.55 299.378 299.202 1.15388e+08 65.1204 57.6938 17 13 0 -4 0 0
4400 440 300.795 300.613 300.44 300.261 300.08 299.896 299.724 299.55 299.379 299.202 1.15588e+08 65.2546 57.7938 12 9 0 -3 0 0
4410 441 300.795 300.613 300.44 300.262 300.08 299.897 299.724 299.549 299.379 299.202 1.15034e+08 64.9426 57.5171 15 10 0 -5 0 0
4420 442 300.796 300.613 300.44 300.261 300.08 299.896 299.724 299.549 299.38 299.202 1.14716e+08 64.7621 57.3579 19 7 0 -12 0 0
4430 443 300.795 300.613 300.44 300.261 300.081 299.896 299.724 299.549 299.38 299.202 1.14562e+08 64.6806 57.2812 11 13 0 2 0 0
4440 444 300.795 300.613 300.439 300.261 300.081 299.896 299.724 299.549 299.38 299.202 1.14077e+08 64.4173 57.0385 14 11 0 -3 0 0
4450 445 300.796 300.614 300.439 300.261 300.08 299.896 299.724 299.549 299.38 299.202 1.14695e+08 64.7617 57.3474 10 14 0 4 0 0
4460 446 300.796 300.614 300.439 300.261 300.08 299.895 299.724 299.549 299.38 299.202 1.14132e+08 64.4446 57.0658 5 7 0 2 0 0
4470 447 300.795 300.614 300.438 300.261 300.08 299.895 299.723 299.549 299.38 299.202 1.14846e+08 64.8569 57.4229 10 13 0 3 0 0
4480 448 300.795 300.615 300.438 300.261 300.079 299.895 299.723 299.549 299.38 299.203 1.14558e+08 64.7026 57.2791 10 11 0 1 0 0
4490 449 300.795 300.614 300.438 300.26 300.079 299.895 299.723 299.55 299.379 299.203 1.14168e+08 64.4842 57.0841 12 8 0 -4 0 0
4500 450 300.796 300.614 300.438 300.26 300.079 299.895 299.724 299.55 299.379 299.204 1.141e+08 64.4603 57.05 5 11 0 6 0 0
4510 451 300.795 300.614 300.438 300.26 300.079 299.895 299.723 299.55 299.378 299.204 1.13556e+08 64.1632 56.778 11 5 0 -6 0 0
4520 452 300.795 300.614 300.438 300.26 300.079 299.895 299.724 299.551 299.378 299.204 1.13535e+08 64.1485 56.7674 10 12 0 2 0 0
4530 453 300.796 300.614 300.438 300.26 300.079 299.895 299.724 299.551 299.378 299.204 1.13543e+08 64.1522 56.7714 9 9 0 0 0 0
4540 454 300.796 300.613 300.439 300.259 300.079 299.895 299.724 299.551 299.378 299.205 1.14127e+08 64.5039 57.0636 15 13 0 -2 0 0
4550 455 300.796 300.613 300.438 300.259 300.079 299.895 299.724 299.551 299.378 299.205 1.14465e+08 64.6932 57.2323 14 20 0 6 0 0
4560 456 300.796 300.613 300.438 300.259 300.079 299.895 299.723 299.552 299.378 299.205 1.14716e+08 64.8507 57.3578 13 8 0 -5 0 0
4570 457 300.796 300.613 300.438 300.259 300.08 299.896 299.723 299.551 299.378 299.205 1.14932e+08 64.9752 57.466 16 16 0 0 0 0
4580 458 300.796 300.613 300.437 300.259 300.08 299.896 299.722 299.552 299.378 299.205 1.15226e+08 65.1607 57.6129 14 15 0 1 0 0
4590 459 300.795 300.613 300.437 300.259 300.08 299.896 299.722 299.552 299.378 299.206 1.14868e+08 64.9682 57.4338 9 13 0 4 0 0
4600 460 300.795 300.613 300.438 300.258 300.08 299.896 299.722 299.551 299.378 299.206 1.15046e+08 65.0699 57.5231 11 14 0 3 0 0
4610 461 300.795 300.613 300.437 300.259 300.08 299.896 299.722 299.551 299.379 299.205 1.14913e+08 64.9989 57.4564 11 12 0 1 0 0
4620 462 300.795 300.613 300.437 300.258 300.08 299.896 299.721 299.55 299.379 299.206 1.14348e+08 64.6796 57.1742 11 10 0 -1 0 0
4630 463 300.795 300.613 300.437 300.258 300.08 299.896 299.721 299.55 299.379 299.207 1.14626e+08 64.8608 57.3128 9 13 0 4 0 0
4640 464 300.795 300.613 300.437 300.258 300.08 299.897 299.721 299.55 299.378 299.208 1.14466e+08 64.7586 57.2331 15 10 0 -5 0 0
4650 465 300.796 300.613 300.437 300.258 300.08 299.897 299.721 299.549 299.378 299.208 1.14284e+08 64.6491 57.142 14 23 0 9 0 0
4660 466 300.796 300.613 300.437 300.258 300.08 299.898 299.721 299.549 299.378 299.209 1.14393e+08 64.7211 57.1963 10 7 0 -3 0 0
4670 467 300.795 300.613 300.437 300.258 300.079 299.898 299.721 299.549 299.378 299.209 1.14631e+08 64.8778 57.3153 14 10 0 -4 0 0
4680 468 300.794 300.613 300.437 300.258 300.079 299.899 299.72 299.549 299.378 299.209 1.14716e+08 64.9407 57.3579 9 12 0 3 0 0
4690 469 300.794 300.613 300.436 300.258 300.079 299.899 299.72 299.549 299.378 299.209 1.15228e+08 65.2495 57.6142 11 12 0 1 0 0
4700 470 300.793 300.613 300.436 300.258 300.079 299.899 299.72 299.549 299.378 299.21 1.147e+08 64.9655 57.3501 11 11 0 0 0 0
4710 471 300.793 300.613 300.436 300.258 300.079 299.899 299.72 299.549 299.378 299.21 1.14814e+08 65.0429 57.4068 12 15 0 3 0 0
4720 472 300.793 300.613 300.436 300.259 300.079 299.899 299.72 299.549 299.378 299.21 1.14923e+08 65.1121 57.4616 12 19 0 7 0 0
4730 473 300.793 300.613 300.436 300.259 300.079 299.899 299.72 299.549 299.379 299.209 1.14713e+08 64.9963 57.3566 7 18 0 11 0 0
4740 474 300.793 300.613 300.436 300.259 300.079 299.9 299.72 299.549 299.379 299.209 1.14483e+08 64.8561 57.2414 13 12 0 -1 0 0
4750 475 300.793 300.612 300.436 300.258 300.079 299.9 299.72 299.548 299.379 299.209 1.14781e+08 65.0349 57.3907 15 14 0 -1 0 0
4760 476 300.794 300.612 300.436 300.258 300.08 299.9 299.72 299.548 299.379 299.209 1.1423e+08 64.7245 57.1152 15 16 0 1 0 0
4770 477 300.793 300.612 300.436 300.258 300.08 299.9 299.72 299.548 299.379 299.209 1.14388e+08 64.8082 57.1941 9 15 0 6 0 0
4780 478 300.793 300.612 300.435 300.259 300.079 299.9 299.72 299.548 299.379 299.21 1.14007e+08 64.6192 57.0034 13 11 0 -2 0 0
4790 479 300.792 300.612 300.436 300.259 300.079 299.901 299.72 299.549 299.379 299.21 1.13989e+08 64.6297 56.9946 14 11 0 -3 0 0
4800 480 300.792 300.612 300.435 300.258 300.079 299.901 299.721 299.549 299.379 299.21 1.14022e+08 64.6603 57.011 16 8 0 -8 0 0
4810 481 300.792 300.612 300.435 300.259 300.08 299.901 299.721 299.549 299.378 299.21 1.1429e+08 64.8025 57.1449 12 8 0 -4 0 0
4820 482 300.792 300.612 300.435 300.259 300.08 299.9 299.721 299.549 299.379 299.21 1.14226e+08 64.7725 57.113 18 5 0 -13 0 0
4830 483 300.792 300.612 300.435 300.259 300.079 299.901 299.72 299.549 299.379 299.209 1.14336e+08 64.839 57.1679 11 12 0 1 0 0
4840 484 300.791 300.612 300.434 300.259 300.08 299.901 299.721 299.549 299.379 299.209 1.14185e+08 64.7591 57.0926 8 13 0 5 0 0
4850 485 300.791 300.612 300.435 300.258 300.08 299.901 299.72 299.549 299.379 299.209 1.13537e+08 64.385 56.7686 7 7 0 0 0 0
4860 486 300.791 300.612 300.435 300.258 300.08 299.902 299.72 299.549 299.379 299.209 1.1347e+08 64.3604 56.7352 15 7 0 -8 0 0
4870 487 300.79 300.613 300.435 300.258 300.081 299.902 299.72 299.549 299.379 299.209 1.14028e+08 64.6713 57.0138 13 17 0 4 0 0
4880 488 300.79 300.613 300.435 300.258 300.081 299.902 299.72 299.549 299.379 299.208 1.14414e+08 64.8865 57.2071 15 11 0 -4 0 0
4890 489 300.79 300.613 300.435 300.257 300.081 299.902 299.72 299.549 299.379 299.208 1.14212e+08 64.7662 57.1059 16 12 0 -4 0 0
4900 490 300.79 300.613 300.435 300.257 300.08 299.902 299.72 299.549 299.379 299.208 1.14472e+08 64.9218 57.2358 17 23 0 6 0 0
4910 491 300.79 300.612 300.435 300.257 300.081 299.902 299.72 299.549 299.379 299.209 1.14615e+08 65.0179 57.3074 12 12 0 0 0 0
4920 492 300.79 300.612 300.435 300.257 300.081 299.902 299.72 299.549 299.379 299.208 1.146e+08 65.0079 57.3002 8 12 0 4 0 0
4930 493 300.79 300.612 300.435 300.257 300.081 299.903 299.72 299.549 299.379 299.208 1.14493e+08 64.9627 57.2465 12 12 0 0 0 0
4940 494 300.79 300.611 300.435 300.257 300.08 299.903 299.72 299.549 299.38 299.207 1.14577e+08 65.011 57.2886 13 10 0 -3 0 0
4950 495 300.789 300.611 300.435 300.257 300.08 299.903 299.72 299.55 299.38 299.208 1.14886e+08 65.2062 57.4428 13 16 0 3 0 0
4960 496 300.789 300.611 300.435 300.256 300.081 299.903 299.72 299.55 299.38 299.207 1.14971e+08 65.2676 57.4856 12 6 0 -6 0 0
4970 497 300.789 300.611 300.435 300.256 300.081 299.903 299.72 299.549 299.38 299.208 1.15222e+08 65.4219 57.6109 14 15 0 1 0 0
4980 498 300.789 300.612 300.434 300.256 300.081 299.903 299.721 299.549 299.38 299.208 1.15155e+08 65.3812 57.5776 13 16 0 3 0 0
4990 499 300.789 300.611 300.434 300.255 300.081 299.903 299.72 299.549 299.38 299.208 1.14207e+08 64.857 57.1036 8 10 0 2 0 0
5000 500 300.789 300.611 300.433 300.255 300.081 299.904 299.72 299.549 299.381 299.207 1.13595e+08 64.5028 56.7973 14 13 0 -1 0 0
5010 501 300.79 300.611 300.434 300.255 300.081 299.904 299.72 299.55 299.381 299.207 1.13134e+08 64.2423 56.5669 5 15 0 10 0 0
5020 502 300.79 300.61 300.434 300.255 300.081 299.903 299.721 299.549 299.381 299.207 1.1301e+08 64.1816 56.5051 13 9 0 -4 0 0
5030 503 300.79 300.61 300.434 300.255 300.082 299.903 299.721 299.549 299.381 299.207 1.13513e+08 64.4625 56.7563 9 13 0 4 0 0
5040 504 300.791 300.61 300.433 300.255 300.082 299.903 299.721 299.549 299.381 299.207 1.13325e+08 64.3661 56.6624 16 16 0 0 0 0
5050 505 300.791 300.61 300.433 300.255 300.083 299.903 299.722 299.549 299.382 299.207 1.13349e+08 64.3903 56.6745 11 13 0 2 0 0
5060 506 300.791 300.609 300.432 300.255 300.083 299.902 299.722 299.549 299.382 299.207 1.13464e+08 64.4763 56.7321 17 15 0 -2 0 0
5070 507 300.791 300.609 300.432 300.255 300.083 299.902 299.722 299.549 299.382 299.207 1.12998e+08 64.208 56.4992 15 16 0 1 0 0
5080 508 300.791 300.61 300.432 300.255 300.083 299.902 299.723 299.55 299.382 299.207 1.13519e+08 64.5065 56.7594 14 12 0 -2 0 0
5090 509 300.791 300.61 300.431 300.255 300.083 299.902 299.723 299.55 299.382 299.207 1.13401e+08 64.4465 56.7004 14 8 0 -6 0 0
5100 510 300.791 300.609 300.431 300.255 300.083 299.901 299.723 299.549 299.382 299.206 1.13749e+08 64.6364 56.8744 6 10 0 4 0 0
5110 511 300.791 300.609 300.43 300.255 300.083 299.901 299.724 299.549 299.382 299.206 1.13393e+08 64.4402 56.6966 9 13 0 4 0 0
5120 512 300.791 300.609 300.43 300.255 300.083 299.901 299.725 299.549 299.382 299.206 1.13188e+08 64.333 56.5939 14 8 0 -6 0 0
5130 513 300.791 300.609 300.43 300.256 300.082 299.901 299.725 299.549 299.382 299.207 1.13197e+08 64.3516 56.5983 10 17 0 7 0 0
5140 514 300.791 300.609 300.43 300.256 300.082 299.901 299.725 299.549 299.382 299.207 1.13407e+08 64.486 56.7033 5 12 0 7 0 0
5150 515 300.791 300.608 300.429 300.256 300.082 299.9 299.726 299.548 299.382 299.207 1.131e+08 64.328 56.5499 15 18 0 3 0 0
5160 516 300.79 300.608 300.43 300.256 300.081 299.9 299.726 299.549 299.382 299.208 1.1306e+08 64.3256 56.5302 14 15 0 1 0 0
5170 517 300.791 300.608 300.43 300.256 300.081 299.9 299.727 299.549 299.382 299.207 1.13043e+08 64.3038 56.5217 11 14 0 3 0 0
5180 518 300.79 300.608 300.43 300.256 300.081 299.9 299.727 299.549 299.382 299.207 1.13285e+08 64.4395 56.6427 20 19 0 -1 0 0
5190 519 300.79 300.608 300.43 300.256 300.08 299.901 299.727 299.549 299.382 299.207 1.13713e+08 64.6973 56.8563 13 10 0 -3 0 0
5200 520 300.79 300.608 300.431 300.256 300.08 299.901 299.727 299.549 299.382 299.207 1.13244e+08 64.4451 56.6219 5 13 0 8 0 0
5210 521 300.79 300.607 300.431 300.256 300.08 299.901 299.728 299.55 299.382 299.207 1.1346e+08 64.5727 56.7299 7 16 0 9 0 0
5220 522 300.789 300.608 300.431 300.256 300.08 299.901 299.727 299.55 299.382 299.207 1.13656e+08 64.6915 56.8279 14 20 0 6 0 0
5230 523 300.789 300.608 300.432 300.256 300.08 299.901 299.727 299.55 299.382 299.207 1.13346e+08 64.5148 56.673 12 9 0 -3 0 0
5240 524 300.789 300.608 300.432 300.256 300.08 299.901 299.727 299.551 299.382 299.207 1.13964e+08 64.8809 56.9818 10 5 0 -5 0 0
5250 525 300.788 300.607 300.432 300.255 300.08 299.901 299.727 299.551 299.382 299.207 1.14283e+08 65.0825 57.1413 13 10 0 -3 0 0
5260 526 300.788 300.607 300.432 300.255 300.079 299.902 299.726 299.551 299.383 299.207 1.14474e+08 65.221 57.2372 14 8 0 -6 0 0
5270 527 300.788 300.607 300.433 300.256 300.079 299.902 299.726 299.552 299.383 299.207 1.13891e+08 64.8901 56.9456 10 12 0 2 0 0
5280 528 300.788 300.607 300.433 300.256 300.08 299.902 299.726 299.551 299.384 299.207 1.14655e+08 65.3152 57.3277 12 9 0 -3 0 0
5290 529 300.788 300.607 300.433 300.256 300.079 299.902 299.726 299.552 299.384 299.207 1.14693e+08 65.3467 57.3464 14 14 0 0 0 0
5300 530 300.788 300.606 300.433 300.256 300.079 299.902 299.726 299.553 299.384 299.207 1.14503e+08 65.2489 57.2515 7 15 0 8 0 0
5310 531 300.788 300.606 300.433 300.256 300.079 299.902 299.726 299.553 299.384 299.207 1.13883e+08 64.9157 56.9413 10 13 0 3 0 0
5320 532 300.788 300.606 300.432 300.256 300.079 299.903 299.726 299.553 299.384 299.207 1.14e+08 64.9941 56.9998 16 14 0 -2 0 0
5330 533 300.787 300.606 300.432 300.256 300.079 299.903 299.726 299.554 299.384 299.207 1.13971e+08 64.9827 56.9856 15 12 0 -3 0 0
5340 534 300.788 300.606 300.432 300.256 300.079 299.904 299.726 299.554 299.384 299.207 1.14019e+08 65.0156 57.0094 11 17 0 6 0 0
5350 535 300.787 300.606 300.432 300.255 300.079 299.904 299.726 299.555 299.383 299.207 1.13602e+08 64.7878 56.8008 7 6 0 -1 0 0
5360 536 300.788 300.606 300.432 300.255 300.078 299.904 299.727 299.555 299.383 299.207 1.13331e+08 64.6218 56.6655 13 17 0 4 0 0
5370 537 300.788 300.606 300.431 300.255 300.079 299.904 299.727 299.555 299.383 299.207 1.13289e+08 64.6097 56.6443 6 16 0 10 0 0
5380 538 300.787 300.606 300.431 300.255 300.078 299.904 299.727 299.555 299.383 299.206 1.13163e+08 64.5463 56.5813 10 19 0 9 0 0
5390 539 300.787 300.606 300.431 300.255 300.078 299.905 299.728 299.555 299.383 299.207 1.1392e+08 64.9935 56.9598 14 6 0 -8 0 0
5400 540 300.787 300.606 300.431 300.255 300.078 299.905 299.728 299.555 299.383 299.206 1.13635e+08 64.8449 56.8177 17 17 0 0 0 0
5410 541 300.788 300.605 300.43 300.256 300.078 299.905 299.729 299.555 299.384 299.206 1.13077e+08 64.5273 56.5385 17 11 0 -6 0 0
5420 542 300.788 300.606 300.43 300.256 300.078 299.905 299.729 299.556 299.384 299.206 1.13085e+08 64.5376 56.5425 12 11 0 -1 0 0
5430 543 300.788 300.606 300.43 300.257 300.078 299.905 299.73 299.556 299.384 299.206 1.12704e+08 64.3168 56.3518 10 11 0 1 0 0
5440 544 300.787 300.606 300.43 300.256 300.079 299.905 299.73 299.556 299.384 299.206 1.1285e+08 64.4157 56.425 11 13 0 2 0 0
5450 545 300.788 300.606 300.43 300.256 300.079 299.905 299.73 299.556 299.384 299.206 1.12983e+08 64.4904 56.4916 13 14 0 1 0 0
5460 546 300.788 300.605 300.43 300.256 300.078 299.905 299.73 299.556 299.384 299.206 1.12915e+08 64.4616 56.4574 6 9 0 3 0 0
5470 547 300.787 300.605 300.43 300.255 300.078 299.905 299.73 299.556 299.384 299.206 1.13831e+08 65.0069 56.9154 7 8 0 1 0 0
5480 548 300.787 300.605 300.43 300.255 300.078 299.906 299.73 299.556 299.384 299.206 1.13562e+08 64.8592 56.7808 17 8 0 -9 0 0
5490 549 300.788 300.605 300.43 300.256 300.078 299.906 299.731 299.556 299.384 299.206 1.13532e+08 64.8311 56.7661 17 15 0 -2 0 0
5500 550 300.788 300.604 300.43 300.256 300.078 299.906 299.731 299.556 299.384 299.206 1.13787e+08 64.9809 56.8933 17 12 0 -5 0 0
5510 551 300.787 300.604 300.431 300.256 300.078 299.907 299.731 299.556 299.384 299.205 1.13527e+08 64.8281 56.7636 12 11 0 -1 0 0
5520 552 300.788 300.604 300.431 300.256 300.078 299.907 299.731 299.556 299.385 299.205 1.13639e+08 64.8852 56.8196 14 10 0 -4 0 0
5530 553 300.788 300.604 300.431 300.256 300.078 299.907 299.731 299.556 299.384 299.205 1.13476e+08 64.7904 56.7381 14 13 0 -1 0 0
5540 554 300.787 300.604 300.43 300.257 300.078 299.907 299.731 299.557 299.385 299.205 1.13895e+08 65.043 56.9475 12 9 0 -3 0 0
5550 555 300.788 300.604 300.43 300.257 300.078 299.906 299.732 299.557 299.385 299.205 1.13632e+08 64.9049 56.8161 20 14 0 -6 0 0
5560 556 300.788 300.604 300.43 300.256 300.078 299.906 299.732 299.557 299.385 299.205 1.14022e+08 65.1135 57.011 17 14 0 -3 0 0
5570 557 300.788 300.604 300.429 300.256 300.077 299.906 299.732 299.557 299.385 299.205 1.14079e+08 65.1563 57.0396 19 13 0 -6 0 0
5580 558 300.789 300.604 300.429 300.256 300.077 299.907 299.733 299.557 299.385 299.205 1.1407e+08 65.1565 57.0348 14 16 0 2 0 0
5590 559 300.789 300.604 300.429 300.256 300.077 299.907 299.733 299.557 299.385 299.205 1.14333e+08 65.3158 57.1663 15 15 0 0 0 0
5600 560 300.789 300.603 300.429 300.256 300.077 299.907 299.733 299.557 299.385 299.205 1.14492e+08 65.4242 57.2462 10 7 0 -3 0 0
5610 561 300.788 300.603 300.428 300.255 300.077 299.906 299.733 299.557 299.385 299.205 1.14331e+08 65.3412 57.1654 17 7 0 -10 0 0
5620 562 300.788 300.604 300.428 300.256 300.078 299.906 299.733 299.557 299.385 299.205 1.1428e+08 65.3083 57.1402 9 14 0 5 0 0
5630 563 300.788 300.604 300.428 300.256 300.078 299.906 299.733 299.557 299.385 299.205 1.14316e+08 65.3278 57.1579 12 11 0 -1 0 0
5640 564 300.788 300.603 300.428 300.255 300.077 299.906 299.733 299.557 299.385 299.205 1.14222e+08 65.2979 57.1109 18 12 0 -6 0 0
5650 565 300.788 300.603 300.428 300.255 300.077 299.905 299.733 299.557 299.385 299.205 1.14141e+08 65.2564 57.0703 8 6 0 -2 0 0
5660 566 300.788 300.602 300.427 300.255 300.077 299.905 299.733 299.557 299.385 299.206 1.14423e+08 65.4557 57.2116 12 7 0 -5 0 0
5670 567 300.788 300.603 300.427 300.255 300.077 299.906 299.733 299.558 299.385 299.206 1.14468e+08 65.4887 57.234 20 11 0 -9 0 0
5680 568 300.788 300.602 300.427 300.254 300.077 299.906 299.733 299.559 299.386 299.207 1.15439e+08 66.0733 57.7196 8 16 0 8 0 0
5690 569 300.788 300.602 300.427 300.254 300.078 299.906 299.733 299.558 299.386 299.207 1.14696e+08 65.6489 57.3481 16 16 0 0 0 0
5700 570 300.788 300.602 300.427 300.253 300.078 299.906 299.733 299.558 299.386 299.207 1.14523e+08 65.5478 57.2613 7 11 0 4 0 0
5710 571 300.789 300.602 300.428 300.254 300.078 299.905 299.733 299.558 299.387 299.207 1.14073e+08 65.3006 57.0367 17 13 0 -4 0 0
5720 572 300.789 300.602 300.428 300.253 300.078 299.905 299.733 299.558 299.388 299.207 1.14667e+08 65.6685 57.3336 15 13 0 -2 0 0
5730 573 300.789 300.602 300.427 300.253 300.079 299.905 299.733 299.559 299.388 299.207 1.14628e+08 65.6516 57.3139 10 13 0 3 0 0
5740 574 300.789 300.602 300.428 300.252 300.08 299.905 299.733 299.559 299.388 299.207 1.1422e+08 65.4177 57.1102 11 10 0 -1 0 0
5750 575 300.788 300.602 300.427 300.252 300.079 299.905 299.733 299.559 299.388 299.207 1.14221e+08 65.4166 57.1106 9 13 0 4 0 0
5760 576 300.788 300.602 300.427 300.252 300.079 299.905 299.732 299.559 299.388 299.207 1.14114e+08 65.3661 57.057 11 10 0 -1 0 0
5770 577 300.788 300.603 300.427 300.251 300.08 299.904 299.733 299.559 299.388 299.207 1.13911e+08 65.2559 56.9555 8 10 0 2 0 0
5780 578 300.788 300.602 300.427 300.252 300.08 299.905 299.733 299.558 299.389 299.208 1.13713e+08 65.1806 56.8564 16 9 0 -7 0 0
5790 579 300.787 300.602 300.427 300.251 300.08 299.905 299.733 299.559 299.389 299.208 1.13249e+08 64.9288 56.6244 10 10 0 0 0 0
5800 580 300.787 300.603 300.427 300.252 300.08 299.905 299.733 299.559 299.389 299.208 1.13213e+08 64.9224 56.6067 14 8 0 -6 0 0
5810 581 300.787 300.602 300.426 300.252 300.08 299.905 299.734 299.559 299.389 299.209 1.14112e+08 65.4595 57.0558 8 14 0 6 0 0
5820 582 300.787 300.603 300.427 300.252 300.08 299.905 299.734 299.56 299.39 299.209 1.14089e+08 65.4645 57.0446 20 9 0 -11 0 0
5830 583 300.787 300.602 300.427 300.253 300.08 299.906 299.734 299.56 299.39 299.209 1.14473e+08 65.6988 57.2363 12 4 0 -8 0 0
5840 584 300.787 300.601 300.427 300.253 300.08 299.906 299.733 299.561 299.39 299.209 1.14014e+08 65.4531 57.007 13 15 0 2 0 0
5850 585 300.787 300.601 300.427 300.253 300.08 299.906 299.733 299.561 299.391 299.21 1.1386e+08 65.4055 56.9298 7 7 0 0 0 0
5860 586 300.787 300.6 300.426 300.253 300.08 299.906 299.734 299.56 299.391 299.21 1.14134e+08 65.5872 57.0668 23 11 0 -12 0 0
5870 587 300.786 300.6 300.426 300.253 300.08 299.906 299.733 299.56 299.391 299.21 1.14427e+08 65.7668 57.2136 6 10 0 4 0 0
5880 588 300.786 300.6 300.426 300.252 300.08 299.906 299.734 299.56 299.391 299.211 1.1464e+08 65.9062 57.3202 19 13 0 -6 0 0
5890 589 300.786 300.6 300.426 300.253 300.08 299.907 299.734 299.56 299.392 299.211 1.15135e+08 66.2007 57.5674 7 11 0 4 0 0
5900 590 300.786 300.6 300.426 300.252 300.08 299.907 299.734 299.56 299.392 299.211 1.14994e+08 66.1455 57.4968 10 8 0 -2 0 0
5910 591 300.786 300.6 300.426 300.252 300.079 299.907 299.734 299.56 299.392 299.211 1.14935e+08 66.117 57.4675 14 14 0 0 0 0
5920 592 300.786 300.599 300.425 300.252 300.08 299.907 299.734 299.56 299.392 299.211 1.1406e+08 65.6165 57.0301 8 13 0 5 0 0
5930 593 300.786 300.6 300.425 300.252 300.08 299.907 299.734 299.56 299.392 299.211 1.14444e+08 65.8472 57.222 16 14 0 -2 0 0
5940 594 300.787 300.599 300.425 300.252 300.08 299.907 299.735 299.56 299.393 299.211 1.14345e+08 65.7834 57.1724 12 15 0 3 0 0
5950 595 300.787 300.599 300.425 300.252 300.08 299.907 299.735 299.56 299.393 299.211 1.14974e+08 66.1547 57.4871 9 15 0 6 0 0
5960 596 300.787 300.599 300.425 300.252 300.079 299.907 299.735 299.561 299.393 299.211 1.14999e+08 66.1835 57.4993 10 12 0 2 0 0
5970 597 300.786 300.599 300.425 300.252 300.079 299.908 299.735 299.561 299.393 299.211 1.14913e+08 66.134 57.4563 15 9 0 -6 0 0
5980 598 300.786 300.599 300.426 300.252 300.079 299.908 299.735 299.561 299.392 299.211 1.14841e+08 66.0987 57.4204 9 13 0 4 0 0
5990 599 300.786 300.599 300.426 300.252 300.079 299.908 299.735 299.561 299.392 299.212 1.14968e+08 66.1785 57.4842 11 13 0 2 0 0
6000 600 300.786 300.599 300.426 300.252 300.079 299.908 299.735 299.562 299.391 299.212 1.14694e+08 66.0297 57.3472 10 13 0 3 0 0
6010 601 300.786 300.6 300.426 300.252 300.079 299.908 299.735 299.562 299.391 299.212 1.15041e+08 66.2236 57.5203 16 18 0 2 0 0
6020 602 300.786 300.6 300.426 300.252 300.079 299.908 299.736 299.563 299.391 299.212 1.14606e+08 65.9745 57.3032 10 8 0 -2 0 0
6030 603 300.787 300.6 300.426 300.251 300.079 299.908 299.736 299.563 299.391 299.212 1.14487e+08 65.8921 57.2433 15 21 0 6 0 0
6040 604 300.786 300.6 300.426 300.251 300.079 299.908 299.736 299.563 299.391 299.211 1.13676e+08 65.4202 56.8382 11 12 0 1 0 0
6050 605 300.785 300.601 300.425 300.251 300.079 299.909 299.736 299.563 299.391 299.211 1.13856e+08 65.538 56.9278 9 7 0 -2 0 0
6060 606 300.785 300.601 300.425 300.251 300.079 299.909 299.736 299.563 299.392 299.211 1.14178e+08 65.7303 57.0889 13 17 0 4 0 0
6070 607 300.784 300.601 300.425 300.251 300.079 299.909 299.736 299.563 299.392 299.21 1.1376e+08 65.4947 56.8798 14 19 0 5 0 0
6080 608 300.784 300.601 300.425 300.251 300.08 299.91 299.735 299.564 299.391 299.211 1.13425e+08 65.3171 56.7123 10 13 0 3 0 0
6090 609 300.784 300.601 300.425 300.251 300.08 299.91 299.735 299.563 299.391 299.211 1.13138e+08 65.1441 56.569 13 18 0 5 0 0
6100 610 300.784 300.601 300.425 300.251 300.08 299.91 299.736 299.564 299.391 299.211 1.1309e+08 65.1305 56.5451 6 13 0 7 0 0
6110 611 300.783 300.602 300.425 300.251 300.08 299.909 299.736 299.564 299.391 299.212 1.13051e+08 65.1315 56.5255 13 11 0 -2 0 0
6120 612 300.783 300.602 300.425 300.252 300.08 299.91 299.736 299.564 299.391 299.212 1.13227e+08 65.246 56.6136 16 12 0 -4 0 0
6130 613 300.783 300.602 300.425 300.252 300.08 299.91 299.736 299.564 299.392 299.212 1.13107e+08 65.1791 56.5536 18 13 0 -5 0 0
6140 614 300.783 300.602 300.425 300.252 300.08 299.91 299.735 299.564 299.392 299.213 1.13033e+08 65.1595 56.5167 7 7 0 0 0 0
6150 615 300.782 300.602 300.425 300.253 300.08 299.911 299.735 299.565 299.392 299.213 1.1303e+08 65.1783 56.5151 15 9 0 -6 0 0
6160 616 300.782 300.602 300.425 300.252 300.081 299.91 299.735 299.565 299.392 299.213 1.13297e+08 65.3443 56.6483 9 9 0 0 0 0
6170 617 300.782 300.602 300.425 300.252 300.081 299.91 299.735 299.565 299.392 299.213 1.12925e+08 65.1255 56.4625 15 14 0 -1 0 0
6180 618 300.782 300.601 300.425 300.252 300.081 299.91 299.735 299.566 299.392 299.213 1.12796e+08 65.0683 56.3979 12 8 0 -4 0 0
6190 619 300.782 300.601 300.425 300.252 300.081 299.91 299.735 299.566 299.393 299.213 1.12661e+08 65.0114 56.3307 14 8 0 -6 0 0
6200 620 300.782 300.6 300.425 300.252 300.082 299.909 299.736 299.566 299.393 299.213 1.13216e+08 65.3503 56.6079 11 13 0 2 0 0
6210 621 300.782 300.6 300.425 300.252 300.082 299.909 299.736 299.567 299.393 299.213 1.12979e+08 65.2355 56.4897 17 13 0 -4 0 0
6220 622 300.781 300.601 300.425 300.252 300.083 299.909 299.737 299.567 299.394 299.213 1.13134e+08 65.3364 56.567 8 7 0 -1 0 0
6230 623 300.782 300.6 300.425 300.252 300.083 299.909 299.737 299.567 299.394 299.213 1.12711e+08 65.0918 56.3557 7 17 0 10 0 0
6240 624 300.782 300.599 300.425 300.252 300.083 299.91 299.737 299.568 299.394 299.213 1.13207e+08 65.3814 56.6033 14 4 0 -10 0 0
6250 625 300.782 300.599 300.425 300.252 300.083 299.91 299.737 299.568 299.394 299.213 1.13029e+08 65.2961 56.5143 11 17 0 6 0 0
6260 626 300.782 300.599 300.425 300.252 300.083 299.911 299.737 299.568 299.394 299.212 1.13315e+08 65.4673 56.6575 10 16 0 6 0 0
6270 627 300.782 300.599 300.425 300.252 300.084 299.91 299.737 299.568 299.394 299.213 1.13306e+08 65.4618 56.6529 11 17 0 6 0 0
6280 628 300.782 300.599 300.425 300.252 300.084 299.911 299.737 299.568 299.394 299.213 1.13709e+08 65.6973 56.8546 11 13 0 2 0 0
6290 629 300.782 300.599 300.425 300.252 300.084 299.911 299.736 299.568 299.394 299.213 1.13598e+08 65.6309 56.7988 6 19 0 13 0 0
6300 630 300.782 300.598 300.425 300.252 300.085 299.911 299.737 299.568 299.394 299.213 1.13435e+08 65.5404 56.7177 15 13 0 -2 0 0
6310 631 300.782 300.598 300.425 300.253 300.085 299.91 299.737 299.569 299.395 299.213 1.1311e+08 65.3614 56.5548 13 12 0 -1 0 0
6320 632 300.783 300.598 300.425 300.253 300.085 299.91 299.737 299.569 299.395 299.213 1.13338e+08 65.4962 56.669 10 13 0 3 0 0
6330 633 300.783 300.597 300.425 300.253 300.085 299.91 299.738 299.569 299.395 299.212 1.1314e+08 65.3888 56.5698 12 11 0 -1 0 0
6340 634 300.782 300.597 300.425 300.253 300.085 299.911 299.738 299.569 299.395 299.213 1.13539e+08 65.6394 56.7694 11 12 0 1 0 0
6350 635 300.782 300.597 300.425 300.254 300.085 299.911 299.737 299.569 299.395 299.213 1.13335e+08 65.533 56.6676 12 8 0 -4 0 0
6360 636 300.782 300.597 300.425 300.254 300.085 299.911 299.738 299.57 299.395 299.213 1.13505e+08 65.6358 56.7526 11 14 0 3 0 0
6370 637 300.781 300.597 300.425 300.254 300.085 299.91 299.738 299.57 299.395 299.213 1.13506e+08 65.654 56.7532 7 13 0 6 0 0
6380 638 300.782 300.597 300.425 300.254 300.085 299.91 299.738 299.57 299.395 299.214 1.12802e+08 65.2513 56.4009 13 7 0 -6 0 0
6390 639 300.782 300.597 300.425 300.255 300.085 299.91 299.738 299.57 299.395 299.214 1.12955e+08 65.3464 56.4777 12 15 0 3 0 0
6400 640 300.782 300.597 300.425 300.255 300.084 299.91 299.738 299.57 299.395 299.214 1.13366e+08 65.5892 56.683 7 15 0 8 0 0
6410 641 300.781 300.597 300.425 300.255 300.084 299.91 299.739 299.571 299.396 299.214 1.13028e+08 65.4145 56.5141 20 16 0 -4 0 0
6420 642 300.781 300.597 300.425 300.255 300.084 299.91 299.738 299.571 299.396 299.214 1.13279e+08 65.5671 56.6395 6 18 0 12 0 0
6430 643 300.781 300.597 300.424 300.255 300.084 299.91 299.738 299.57 299.396 299.214 1.13557e+08 65.7376 56.7786 13 15 0 2 0 0
6440 644 300.781 300.597 300.424 300.256 300.084 299.91 299.738 299.571 299.396 299.214 1.13937e+08 65.963 56.9684 16 13 0 -3 0 0
6450 645 300.781 300.597 300.424 300.256 300.084 299.911 299.738 299.571 299.396 299.215 1.1397e+08 66.005 56.985 12 12 0 0 0 0
6460 646 300.781 300.597 300.424 300.256 300.084 299.911 299.738 299.571 299.397 299.214 1.13603e+08 65.7987 56.8014 12 9 0 -3 0 0
6470 647 300.781 300.596 300.424 300.256 300.084 299.91 299.738 299.571 299.397 299.214 1.13607e+08 65.8064 56.8034 13 14 0 1 0 0
6480 648 300.781 300.596 300.425 300.256 300.083 299.911 299.739 299.571 299.397 299.214 1.13665e+08 65.8493 56.8326 13 9 0 -4 0 0
6490 649 300.781 300.596 300.425 300.256 300.083 299.911 299.74 299.571 299.397 299.215 1.13769e+08 65.9186 56.8847 8 9 0 1 0 0
6500 650 300.781 300.596 300.425 300.256 300.083 299.911 299.739 299.571 299.397 299.215 1.13747e+08 65.9132 56.8733 7 12 0 5 0 0
6510 651 300.781 300.597 300.425 300.256 300.083 299.911 299.74 299.571 299.398 299.216 1.13708e+08 65.8998 56.8542 12 13 0 1 0 0
6520 652 300.78 300.596 300.425 300.257 300.082 299.911 299.74 299.571 299.398 299.216 1.13919e+08 66.037 56.9594 16 9 0 -7 0 0
6530 653 300.78 300.596 300.425 300.257 300.082 299.911 299.74 299.571 299.398 299.215 1.14023e+08 66.0925 57.0115 17 9 0 -8 0 0
6540 654 300.78 300.596 300.425 300.257 300.082 299.911 299.74 299.572 299.398 299.215 1.1428e+08 66.2587 57.1399 9 13 0 4 0 0
6550 655 300.78 300.596 300.425 300.257 300.082 299.911 299.741 299.571 299.398 299.216 1.14649e+08 66.4835 57.3247 7 13 0 6 0 0
6560 656 300.781 300.596 300.425 300.257 300.082 299.911 299.741 299.571 299.399 299.216 1.1517e+08 66.7941 57.585 12 19 0 7 0 0
6570 657 300.78 300.596 300.425 300.257 300.082 299.911 299.741 299.572 299.399 299.217 1.14723e+08 66.5599 57.3613 8 17 0 9 0 0
6580 658 300.781 300.596 300.425 300.258 300.082 299.912 299.741 299.572 299.399 299.217 1.14627e+08 66.5103 57.3134 7 11 0 4 0 0
6590 659 300.78 300.596 300.425 300.258 300.082 299.912 299.742 299.571 299.4 299.217 1.14363e+08 66.3847 57.1817 16 11 0 -5 0 0
6600 660 300.78 300.596 300.426 300.258 300.082 299.912 299.743 299.571 299.4 299.218 1.14419e+08 66.4231 57.2095 13 14 0 1 0 0
6610 661 300.78 300.596 300.426 300.258 300.082 299.911 299.743 299.571 299.4 299.218 1.14642e+08 66.5654 57.3211 11 18 0 7 0 0
6620 662 300.78 300.596 300.426 300.258 300.082 299.911 299.743 299.571 299.4 299.218 1.14321e+08 66.3794 57.1605 15 10 0 -5 0 0
6630 663 300.78 300.595 300.426 300.258 300.083 299.911 299.743 299.572 299.4 299.218 1.14102e+08 66.2549 57.051 11 11 0 0 0 0
6640 664 300.78 300.595 300.426 300.259 300.083 299.911 299.743 299.572 299.4 299.218 1.13615e+08 65.9787 56.8077 8 11 0 3 0 0
6650 665 300.78 300.595 300.426 300.259 300.083 299.912 299.743 299.572 299.4 299.218 1.13195e+08 65.7331 56.5974 16 12 0 -4 0 0
6660 666 300.78 300.594 300.426 300.26 300.083 299.912 299.743 299.573 299.4 299.218 1.13327e+08 65.844 56.6635 9 12 0 3 0 0
6670 667 300.78 300.594 300.426 300.259 300.082 299.912 299.743 299.573 299.401 299.218 1.13587e+08 65.9951 56.7937 13 13 0 0 0 0
6680 668 300.78 300.594 300.426 300.259 300.083 299.912 299.744 299.573 299.401 299.218 1.13083e+08 65.7094 56.5413 10 14 0 4 0 0
6690 669 300.78 300.594 300.426 300.258 300.083 299.912 299.744 299.574 299.4 299.218 1.13282e+08 65.8209 56.6408 9 13 0 4 0 0
6700 670 300.78 300.594 300.427 300.258 300.083 299.912 299.744 299.574 299.4 299.218 1.13519e+08 65.9686 56.7594 13 13 0 0 0 0
6710 671 300.779 300.594 300.427 300.258 300.082 299.913 299.743 299.574 299.4 299.218 1.13627e+08 66.029 56.8135 13 16 0 3 0 0
6720 672 300.78 300.595 300.427 300.258 300.082 299.913 299.743 299.575 299.399 299.218 1.13496e+08 65.9471 56.748 15 10 0 -5 0 0
6730 673 300.779 300.595 300.427 300.258 300.082 299.913 299.743 299.575 299.399 299.218 1.13525e+08 65.9699 56.7623 10 13 0 3 0 0
6740 674 300.779 300.595 300.427 300.258 300.082 299.913 299.742 299.575 299.399 299.219 1.13615e+08 66.025 56.8076 10 8 0 -2 0 0
6750 675 300.779 300.595 300.427 300.258 300.082 299.913 299.742 299.575 299.399 299.219 1.13346e+08 65.8635 56.6731 17 11 0 -6 0 0
6760 676 300.779 300.595 300.427 300.258 300.082 299.913 299.742 299.575 299.399 299.218 1.13436e+08 65.9202 56.718 10 10 0 0 0 0
6770 677 300.779 300.595 300.427 300.258 300.083 299.912 299.742 299.575 299.399 299.218 1.12694e+08 65.4735 56.3471 13 13 0 0 0 0
6780 678 300.779 300.595 300.427 300.258 300.083 299.912 299.741 299.575 299.399 299.218 1.13126e+08 65.7166 56.5628 13 14 0 1 0 0
6790 679 300.78 300.595 300.427 300.258 300.083 299.913 299.741 299.575 299.399 299.219 1.13322e+08 65.8295 56.6608 11 7 0 -4 0 0
6800 680 300.78 300.595 300.427 300.258 300.083 299.913 299.742 299.575 299.399 299.219 1.1333e+08 65.8472 56.6649 16 15 0 -1 0 0
6810 681 300.78 300.595 300.428 300.258 300.083 299.913 299.742 299.575 299.399 299.219 1.13523e+08 65.9541 56.7616 13 13 0 0 0 0
6820 682 300.779 300.595 300.427 300.258 300.083 299.913 299.741 299.576 299.398 299.219 1.13282e+08 65.8136 56.6411 10 14 0 4 0 0
6830 683 300.779 300.595 300.427 300.258 300.083 299.913 299.741 299.576 299.398 299.219 1.13214e+08 65.7911 56.6072 23 13 0 -10 0 0
6840 684 300.779 300.595 300.427 300.258 300.083 299.913 299.741 299.576 299.398 299.219 1.12619e+08 65.4528 56.3093 8 7 0 -1 0 0
6850 685 300.778 300.595 300.426 300.258 300.083 299.913 299.741 299.575 299.398 299.219 1.12509e+08 65.4066 56.2547 15 10 0 -5 0 0
6860 686 300.777 300.595 300.427 300.258 300.084 299.913 299.741 299.575 299.399 299.219 1.12442e+08 65.3655 56.221 15 16 0 1 0 0
6870 687 300.777 300.595 300.427 300.258 300.084 299.913 299.741 299.575 299.399 299.219 1.12623e+08 65.4732 56.3113 11 11 0 0 0 0
6880 688 300.777 300.595 300.426 300.258 300.084 299.913 299.741 299.575 299.399 299.218 1.12234e+08 65.2516 56.1171 11 18 0 7 0 0
6890 689 300.777 300.595 300.426 300.257 300.084 299.913 299.742 299.575 299.399 299.218 1.12239e+08 65.2542 56.1194 6 12 0 6 0 0
6900 690 300.777 300.595 300.426 300.257 300.085 299.913 299.742 299.575 299.399 299.218 1.12095e+08 65.2002 56.0476 10 9 0 -1 0 0
6910 691 300.776 300.595 300.426 300.256 300.085 299.913 299.743 299.575 299.4 299.218 1.12077e+08 65.22 56.0384 9 4 0 -5 0 0
6920 692 300.776 300.594 300.426 300.257 300.085 299.913 299.743 299.575 299.4 299.218 1.1254e+08 65.4937 56.2702 11 10 0 -1 0 0
6930 693 300.776 300.595 300.426 300.256 300.085 299.913 299.743 299.574 299.4 299.219 1.12724e+08 65.6087 56.3622 10 13 0 3 0 0
6940 694 300.776 300.595 300.426 300.256 300.086 299.914 299.744 299.574 299.4 299.219 1.12238e+08 65.3262 56.119 16 11 0 -5 0 0
6950 695 300.775 300.594 300.425 300.255 300.086 299.914 299.744 299.573 299.4 299.218 1.12043e+08 65.2239 56.0216 9 18 0 9 0 0
6960 696 300.776 300.595 300.425 300.255 300.086 299.915 299.744 299.573 299.4 299.218 1.12226e+08 65.3401 56.1128 9 15 0 6 0 0
6970 697 300.776 300.595 300.425 300.255 300.086 299.915 299.744 299.573 299.401 299.218 1.11813e+08 65.104 55.9066 10 14 0 4 0 0
6980 698 300.776 300.594 300.425 300.255 300.086 299.914 299.745 299.573 299.401 299.218 1.11771e+08 65.0796 55.8853 12 9 0 -3 0 0
6990 699 300.776 300.594 300.425 300.255 300.086 299.915 299.745 299.573 299.402 299.218 1.11815e+08 65.1193 55.9074 15 7 0 -8 0 0
7000 700 300.777 300.594 300.425 300.255 300.087 299.915 299.746 299.573 299.402 299.218 1.11919e+08 65.1681 55.9596 10 13 0 3 0 0
7010 701 300.778 300.594 300.424 300.255 300.087 299.915 299.746 299.572 299.401 299.219 1.11729e+08 65.0559 55.8643 19 6 0 -13 0 0
7020 702 300.777 300.594 300.425 300.255 300.087 299.915 299.746 299.573 299.401 299.218 1.11509e+08 64.9348 55.7544 12 8 0 -4 0 0
7030 703 300.777 300.594 300.424 300.254 300.087 299.915 299.747 299.572 299.4 299.218 1.11289e+08 64.7923 55.6445 12 18 0 6 0 0
7040 704 300.777 300.594 300.425 300.254 300.087 299.915 299.747 299.572 299.4 299.219 1.11623e+08 64.9921 55.8114 9 12 0 3 0 0
7050 705 300.777 300.594 300.425 300.254 300.087 299.915 299.748 299.572 299.4 299.22 1.11671e+08 65.0395 55.8355 18 10 0 -8 0 0
7060 706 300.777 300.594 300.424 300.254 300.087 299.915 299.748 299.572 299.399 299.22 1.10927e+08 64.6042 55.4635 17 10 0 -7 0 0
7070 707 300.777 300.593 300.424 300.255 300.087 299.915 299.749 299.571 299.399 299.22 1.113e+08 64.8318 55.6502 12 9 0 -3 0 0
7080 708 300.777 300.593 300.424 300.255 300.087 299.914 299.749 299.572 299.399 299.22 1.11122e+08 64.7405 55.5609 14 7 0 -7 0 0
7090 709 300.778 300.593 300.424 300.255 300.087 299.915 299.75 299.572 299.399 299.22 1.11047e+08 64.697 55.5235 7 20 0 13 0 0
7100 710 300.778 300.593 300.424 300.255 300.087 299.915 299.749 299.572 299.398 299.221 1.10564e+08 64.4249 55.2821 14 13 0 -1 0 0
7110 711 300.777 300.593 300.424 300.255 300.087 299.915 299.749 299.573 299.399 299.221 1.10343e+08 64.3044 55.1714 16 19 0 3 0 0
7120 712 300.778 300.594 300.423 300.255 300.087 299.916 299.749 299.573 299.399 299.221 1.10343e+08 64.296 55.1716 15 9 0 -6 0 0
7130 713 300.778 300.594 300.423 300.255 300.087 299.916 299.749 299.572 299.399 299.22 1.10736e+08 64.5193 55.3681 7 13 0 6 0 0
7140 714 300.778 300.594 300.422 300.256 300.087 299.916 299.749 299.572 299.399 299.22 1.10277e+08 64.2401 55.1385 13 12 0 -1 0 0
7150 715 300.778 300.594 300.422 300.256 300.087 299.916 299.75 299.572 299.399 299.22 1.10332e+08 64.2744 55.166 17 17 0 0 0 0
7160 716 300.779 300.594 300.422 300.256 300.087 299.916 299.75 299.572 299.399 299.22 1.10284e+08 64.2482 55.142 16 8 0 -8 0 0
7170 717 300.779 300.593 300.422 300.256 300.087 299.916 299.75 299.572 299.399 299.22 1.10336e+08 64.2774 55.1681 15 18 0 3 0 0
7180 718 300.778 300.593 300.422 300.256 300.087 299.916 299.75 299.573 299.399 299.22 1.10263e+08 64.2478 55.1316 13 8 0 -5 0 0
7190 719 300.778 300.593 300.423 300.256 300.087 299.916 299.75 299.573 299.399 299.22 1.10408e+08 64.3284 55.2042 12 19 0 7 0 0
7200 720 300.779 300.593 300.423 300.255 300.087 299.917 299.75 299.572 299.399 299.22 1.09929e+08 64.0451 54.9643 9 17 0 8 0 0
7210 721 300.779 300.593 300.423 300.255 300.087 299.917 299.75 299.572 299.399 299.22 1.09634e+08 63.8787 54.8171 16 16 0 0 0 0
7220 722 300.779 300.593 300.423 300.255 300.087 299.917 299.75 299.573 299.399 299.22 1.10098e+08 64.1453 55.0489 10 11 0 1 0 0
7230 723 300.779 300.593 300.423 300.255 300.087 299.917 299.749 299.573 299.399 299.221 1.10203e+08 64.2246 55.1016 11 11 0 0 0 0
7240 724 300.779 300.592 300.424 300.255 300.087 299.917 299.749 299.573 299.4 299.221 1.0991e+08 64.0603 54.9548 10 19 0 9 0 0
7250 725 300.779 300.592 300.424 300.254 300.087 299.917 299.749 299.574 299.4 299.221 1.09833e+08 64.0271 54.9167 10 16 0 6 0 0
7260 726 300.779 300.592 300.424 300.254 300.087 299.917 299.749 299.574 299.4 299.221 1.10005e+08 64.1274 55.0026 16 15 0 -1 0 0
7270 727 300.779 300.593 300.424 300.254 300.087 299.917 299.749 299.575 299.399 299.221 1.10326e+08 64.2893 55.163 14 20 0 6 0 0
7280 728 300.78 300.593 300.424 300.254 300.087 299.917 299.749 299.575 299.399 299.221 1.10762e+08 64.5477 55.3812 15 3 0 -12 0 0
7290 729 300.78 300.593 300.424 300.254 300.087 299.917 299.749 299.576 299.399 299.221 1.10917e+08 64.6332 55.4583 14 13 0 -1 0 0
7300 730 300.78 300.593 300.424 300.255 300.087 299.917 299.75 299.576 299.399 299.221 1.11281e+08 64.8443 55.6406 14 9 0 -5 0 0
7310 731 300.78 300.593 300.424 300.255 300.087 299.917 299.75 299.576 299.398 299.221 1.11887e+08 65.1985 55.9434 10 16 0 6 0 0
7320 732 300.78 300.593 300.424 300.255 300.087 299.917 299.75 299.576 299.398 299.22 1.11626e+08 65.0276 55.8132 6 18 0 12 0 0
7330 733 300.78 300.593 300.424 300.254 300.087 299.917 299.75 299.577 299.398 299.22 1.11505e+08 64.9667 55.7523 13 11 0 -2 0 0
7340 734 300.78 300.593 300.425 300.254 300.087 299.917 299.75 299.577 299.398 299.22 1.11019e+08 64.6807 55.5095 12 8 0 -4 0 0
7350 735 300.779 300.593 300.425 300.254 300.087 299.917 299.75 299.578 299.398 299.22 1.11616e+08 65.0337 55.808 11 13 0 2 0 0
7360 736 300.779 300.594 300.424 300.253 300.086 299.917 299.75 299.578 299.398 299.22 1.1152e+08 65.0052 55.7599 8 7 0 -1 0 0
7370 737 300.779 300.593 300.424 300.253 300.086 299.917 299.751 299.578 299.398 299.22 1.11477e+08 64.9919 55.7387 8 18 0 10 0 0
7380 738 300.778 300.593 300.424 300.254 300.086 299.917 299.751 299.578 299.398 299.22 1.11344e+08 64.9415 55.6721 19 6 0 -13 0 0
7390 739 300.778 300.593 300.424 300.254 300.086 299.917 299.751 299.579 299.399 299.22 1.11393e+08 64.9847 55.6967 13 14 0 1 0 0
7400 740 300.778 300.593 300.424 300.254 300.086 299.917 299.751 299.579 299.399 299.221 1.11587e+08 65.1053 55.7934 14 13 0 -1 0 0
7410 741 300.778 300.593 300.424 300.254 300.085 299.917 299.751 299.578 299.4 299.22 1.11778e+08 65.2046 55.8892 9 9 0 0 0 0
7420 742 300.777 300.593 300.424 300.255 300.085 299.917 299.751 299.579 299.4 299.22 1.11133e+08 64.846 55.5664 16 14 0 -2 0 0
7430 743 300.777 300.594 300.424 300.255 300.085 299.917 299.751 299.579 299.4 299.219 1.11484e+08 65.0433 55.742 7 10 0 3 0 0
7440 744 300.778 300.594 300.424 300.255 300.084 299.917 299.751 299.579 299.4 299.219 1.11408e+08 64.9884 55.7042 10 12 0 2 0 0
7450 745 300.778 300.594 300.424 300.255 300.084 299.917 299.751 299.579 299.4 299.219 1.11425e+08 64.9917 55.7126 16 8 0 -8 0 0
7460 746 300.778 300.594 300.424 300.255 300.084 299.917 299.751 299.579 299.401 299.219 1.11517e+08 65.0518 55.7584 9 10 0 1 0 0
7470 747 300.777 300.594 300.424 300.256 300.084 299.917 299.75 299.579 299.401 299.218 1.11943e+08 65.2964 55.9717 15 11 0 -4 0 0
7480 748 300.778 300.594 300.424 300.255 300.084 299.918 299.75 299.579 299.402 299.218 1.1203e+08 65.3421 56.015 21 13 0 -8 0 0
7490 749 300.778 300.593 300.424 300.255 300.084 299.918 299.75 299.579 299.402 299.218 1.1241e+08 65.56 56.2049 11 15 0 4 0 0
7500 750 300.779 300.593 300.425 300.256 300.084 299.918 299.751 299.579 299.401 299.218 1.12055e+08 65.3309 56.0276 10 20 0 10 0 0
7510 751 300.779 300.594 300.425 300.256 300.084 299.918 299.751 299.579 299.401 299.218 1.12264e+08 65.4487 56.1318 14 10 0 -4 0 0
7520 752 300.778 300.594 300.424 300.256 300.084 299.918 299.752 299.579 299.401 299.218 1.12699e+08 65.7231 56.3497 13 9 0 -4 0 0
7530 753 300.778 300.593 300.424 300.256 300.085 299.918 299.752 299.579 299.401 299.217 1.12721e+08 65.7239 56.3606 10 16 0 6 0 0
7540 754 300.779 300.593 300.424 300.256 300.084 299.918 299.751 299.579 299.401 299.217 1.12362e+08 65.5091 56.1809 12 20 0 8 0 0
7550 755 300.779 300.593 300.425 300.257 300.084 299.919 299.751 299.58 299.401 299.217 1.12056e+08 65.3311 56.0281 10 12 0 2 0 0
7560 756 300.779 300.593 300.425 300.257 300.084 299.919 299.752 299.58 299.402 299.217 1.11837e+08 65.1921 55.9184 13 23 0 10 0 0
7570 757 300.779 300.593 300.425 300.257 300.084 299.919 299.751 299.58 299.403 299.216 1.12182e+08 65.4013 56.0908 14 13 0 -1 0 0
7580 758 300.779 300.593 300.425 300.257 300.083 299.92 299.751 299.58 299.403 299.216 1.12416e+08 65.5428 56.2082 6 11 0 5 0 0
7590 759 300.779 300.593 300.425 300.258 300.083 299.92 299.751 299.58 299.403 299.216 1.1232e+08 65.4964 56.1598 9 13 0 4 0 0
7600 760 300.778 300.593 300.425 300.258 300.083 299.92 299.752 299.58 299.403 299.216 1.11948e+08 65.2765 55.9739 6 15 0 9 0 0
7610 761 300.778 300.594 300.425 300.257 300.083 299.92 299.752 299.58 299.403 299.216 1.11786e+08 65.1869 55.8931 8 12 0 4 0 0
7620 762 300.778 300.594 300.425 300.258 300.083 299.92 299.752 299.58 299.403 299.216 1.11893e+08 65.2517 55.9465 12 6 0 -6 0 0
7630 763 300.778 300.594 300.426 300.258 300.083 299.92 299.753 299.58 299.404 299.216 1.11886e+08 65.2551 55.9432 11 15 0 4 0 0
7640 764 300.778 300.595 300.425 300.257 300.083 299.92 299.753 299.58 299.404 299.217 1.11827e+08 65.2149 55.9135 9 11 0 2 0 0
7650 765 300.779 300.595 300.425 300.257 300.084 299.919 299.754 299.58 299.404 299.216 1.11571e+08 65.0471 55.7854 12 15 0 3 0 0
7660 766 300.779 300.596 300.425 300.257 300.084 299.92 299.754 299.579 299.404 299.217 1.11306e+08 64.8913 55.6532 11 11 0 0 0 0
7670 767 300.779 300.596 300.424 300.257 300.083 299.92 299.754 299.579 299.404 299.217 1.11438e+08 64.9683 55.7189 11 11 0 0 0 0
7680 768 300.779 300.597 300.425 300.257 300.084 299.92 299.754 299.579 299.404 299.217 1.11894e+08 65.2225 55.9469 15 16 0 1 0 0
7690 769 300.779 300.597 300.424 300.257 300.084 299.92 299.754 299.579 299.404 299.218 1.11779e+08 65.1728 55.8893 11 16 0 5 0 0
7700 770 300.78 300.597 300.425 300.257 300.084 299.92 299.754 299.58 299.404 299.218 1.11749e+08 65.1564 55.8743 10 12 0 2 0 0
7710 771 300.779 300.597 300.425 300.256 300.084 299.92 299.754 299.58 299.403 299.219 1.1178e+08 65.1795 55.89 13 10 0 -3 0 0
7720 772 300.779 300.598 300.424 300.256 300.085 299.92 299.754 299.58 299.404 299.219 1.12146e+08 65.4067 56.0731 13 9 0 -4 0 0
7730 773 300.778 300.598 300.424 300.256 300.085 299.92 299.753 299.579 299.404 299.22 1.12064e+08 65.3856 56.032 14 10 0 -4 0 0
7740 774 300.778 300.598 300.423 300.256 300.085 299.92 299.753 299.579 299.404 299.22 1.11661e+08 65.1609 55.8306 9 14 0 5 0 0
7750 775 300.778 300.598 300.423 300.256 300.085 299.92 299.753 299.579 299.404 299.22 1.11384e+08 65.0037 55.692 8 16 0 8 0 0
7760 776 300.778 300.599 300.423 300.255 300.085 299.92 299.753 299.579 299.404 299.221 1.11913e+08 65.342 55.9565 14 9 0 -5 0 0
7770 777 300.778 300.599 300.423 300.255 300.085 299.919 299.753 299.579 299.404 299.221 1.11656e+08 65.1851 55.8281 17 7 0 -10 0 0
7780 778 300.778 300.599 300.423 300.255 300.086 299.919 299.753 299.579 299.403 299.222 1.11452e+08 65.0547 55.726 13 15 0 2 0 0
7790 779 300.779 300.598 300.423 300.255 300.087 299.919 299.753 299.579 299.403 299.222 1.11127e+08 64.8676 55.5637 9 13 0 4 0 0
7800 780 300.778 300.598 300.423 300.255 300.087 299.919 299.753 299.579 299.404 299.222 1.10559e+08 64.5541 55.2796 13 13 0 0 0 0
7810 781 300.779 300.599 300.423 300.255 300.088 299.918 299.753 299.579 299.404 299.223 1.11034e+08 64.8247 55.5171 7 16 0 9 0 0
7820 782 300.779 300.599 300.423 300.255 300.088 299.919 299.753 299.579 299.404 299.224 1.10946e+08 64.7931 55.4729 12 10 0 -2 0 0
7830 783 300.779 300.599 300.423 300.256 300.087 299.919 299.753 299.579 299.404 299.224 1.11512e+08 65.1154 55.7562 13 17 0 4 0 0
7840 784 300.779 300.599 300.423 300.256 300.086 299.919 299.753 299.58 299.404 299.223 1.1142e+08 65.0617 55.7101 11 7 0 -4 0 0
7850 785 300.779 300.6 300.422 300.256 300.086 299.92 299.753 299.579 299.404 299.223 1.11388e+08 65.0287 55.6942 11 7 0 -4 0 0
7860 786 300.779 300.599 300.422 300.256 300.087 299.919 299.753 299.579 299.404 299.223 1.11265e+08 64.9782 55.6323 12 13 0 1 0 0
7870 787 300.779 300.6 300.422 300.256 300.086 299.92 299.753 299.58 299.405 299.223 1.11485e+08 65.0997 55.7423 11 7 0 -4 0 0
7880 788 300.779 300.6 300.422 300.256 300.086 299.92 299.753 299.58 299.404 299.223 1.11377e+08 65.0256 55.6885 14 14 0 0 0 0
7890 789 300.78 300.6 300.423 300.256 300.086 299.92 299.753 299.58 299.404 299.223 1.1172e+08 65.2077 55.8598 11 11 0 0 0 0
7900 790 300.78 300.6 300.423 300.256 300.086 299.92 299.752 299.58 299.405 299.223 1.1126e+08 64.9351 55.6301 12 14 0 2 0 0
7910 791 300.78 300.601 300.423 300.256 300.086 299.921 299.753 299.58 299.405 299.223 1.10942e+08 64.7475 55.4708 13 11 0 -2 0 0
7920 792 300.78 300.601 300.422 300.256 300.086 299.921 299.753 299.58 299.405 299.223 1.10933e+08 64.7519 55.4664 6 11 0 5 0 0
7930 793 300.78 300.601 300.422 300.256 300.087 299.921 299.753 299.579 299.406 299.223 1.10383e+08 64.4199 55.1915 12 11 0 -1 0 0
7940 794 300.78 300.601 300.422 300.257 300.087 299.921 299.753 299.579 299.406 299.223 1.10545e+08 64.5287 55.2726 6 14 0 8 0 0
7950 795 300.779 300.601 300.422 300.256 300.087 299.921 299.752 299.578 299.406 299.223 1.10968e+08 64.7728 55.4841 12 14 0 2 0 0
7960 796 300.779 300.6 300.422 300.256 300.087 299.921 299.753 299.579 299.406 299.223 1.11012e+08 64.8082 55.5058 14 14 0 0 0 0
7970 797 300.78 300.6 300.423 300.256 300.087 299.921 299.753 299.578 299.406 299.222 1.11043e+08 64.8099 55.5215 14 16 0 2 0 0
7980 798 300.78 300.6 300.423 300.256 300.087 299.921 299.752 299.578 299.406 299.222 1.11028e+08 64.7787 55.514 9 13 0 4 0 0
7990 799 300.78 300.599 300.424 300.256 300.086 299.921 299.752 299.578 299.406 299.223 1.11608e+08 65.1336 55.804 14 21 0 7 0 0
8000 800 300.78 300.599 300.424 300.255 300.087 299.921 299.752 299.578 299.406 299.223 1.12101e+08 65.4256 56.0505 9 6 0 -3 0 0
8010 801 300.78 300.599 300.424 300.255 300.087 299.921 299.751 299.579 299.407 299.223 1.12093e+08 65.4346 56.0465 16 12 0 -4 0 0
8020 802 300.78 300.599 300.424 300.256 300.087 299.921 299.752 299.579 299.406 299.223 1.12573e+08 65.704 56.2867 11 14 0 3 0 0
8030 803 300.78 300.599 300.424 300.256 300.087 299.921 299.752 299.579 299.406 299.223 1.13192e+08 66.0708 56.596 10 7 0 -3 0 0
8040 804 300.78 300.599 300.424 300.257 300.087 299.921 299.752 299.58 299.407 299.223 1.12509e+08 65.6991 56.2547 13 15 0 2 0 0
8050 805 300.78 300.599 300.424 300.256 300.087 299.92 299.752 299.58 299.407 299.223 1.12858e+08 65.8988 56.4289 7 11 0 4 0 0
8060 806 300.78 300.599 300.424 300.256 300.087 299.92 299.751 299.58 299.407 299.224 1.1323e+08 66.1321 56.615 10 8 0 -2 0 0
8070 807 300.781 300.599 300.424 300.256 300.087 299.92 299.752 299.581 299.407 299.224 1.13477e+08 66.2792 56.7383 14 14 0 0 0 0
8080 808 300.78 300.599 300.424 300.256 300.087 299.92 299.751 299.581 299.407 299.224 1.1383e+08 66.5005 56.9152 8 20 0 12 0 0
8090 809 300.78 300.599 300.425 300.256 300.087 299.92 299.751 299.582 299.407 299.224 1.13165e+08 66.1171 56.5825 12 8 0 -4 0 0
8100 810 300.78 300.598 300.425 300.256 300.087 299.92 299.751 299.581 299.407 299.224 1.13526e+08 66.3158 56.7629 12 13 0 1 0 0
8110 811 300.78 300.599 300.425 300.255 300.087 299.92 299.751 299.582 299.407 299.223 1.13514e+08 66.3097 56.7569 16 13 0 -3 0 0
8120 812 300.779 300.599 300.425 300.255 300.087 299.92 299.752 299.582 299.407 299.223 1.13333e+08 66.2293 56.6667 12 12 0 0 0 0
8130 813 300.779 300.598 300.425 300.256 300.087 299.919 299.751 299.582 299.407 299.224 1.13632e+08 66.4034 56.8161 13 15 0 2 0 0
8140 814 300.779 300.598 300.426 300.256 300.087 299.919 299.751 299.582 299.407 299.223 1.13811e+08 66.495 56.9054 14 11 0 -3 0 0
8150 815 300.779 300.598 300.426 300.256 300.087 299.919 299.751 299.583 299.408 299.224 1.13842e+08 66.5384 56.9209 12 17 0 5 0 0
8160 816 300.78 300.598 300.426 300.255 300.087 299.919 299.751 299.583 299.408 299.224 1.13585e+08 66.3954 56.7925 13 13 0 0 0 0
8170 817 300.78 300.598 300.426 300.255 300.088 299.92 299.751 299.583 299.408 299.223 1.13544e+08 66.3517 56.772 14 15 0 1 0 0
8180 818 300.78 300.598 300.426 300.255 300.088 299.919 299.752 299.583 299.408 299.223 1.14017e+08 66.6219 57.0083 11 12 0 1 0 0
8190 819 300.78 300.598 300.427 300.255 300.088 299.919 299.752 299.583 299.408 299.222 1.13469e+08 66.2981 56.7344 12 12 0 0 0 0
8200 820 300.78 300.597 300.427 300.255 300.088 299.919 299.752 299.584 299.409 299.222 1.13512e+08 66.3272 56.7562 8 14 0 6 0 0
8210 821 300.78 300.597 300.427 300.255 300.089 299.919 299.752 299.584 299.409 299.222 1.13799e+08 66.5013 56.8996 12 11 0 -1 0 0
8220 822 300.78 300.598 300.427 300.255 300.089 299.919 299.753 299.584 299.409 299.222 1.13708e+08 66.451 56.8541 13 10 0 -3 0 0
8230 823 300.78 300.598 300.427 300.255 300.089 299.919 299.753 299.584 299.409 299.223 1.13352e+08 66.243 56.6761 11 11 0 0 0 0
8240 824 300.781 300.598 300.427 300.255 300.089 299.919 299.753 299.584 299.41 299.222 1.13588e+08 66.3741 56.794 9 9 0 0 0 0
8250 825 300.781 300.598 300.427 300.255 300.09 299.918 299.753 299.584 299.41 299.223 1.13654e+08 66.4185 56.827 14 13 0 -1 0 0
8260 826 300.781 300.599 300.427 300.255 300.09 299.918 299.753 299.585 299.41 299.222 1.13327e+08 66.2275 56.6637 18 18 0 0 0 0
8270 827 300.781 300.599 300.427 300.255 300.089 299.919 299.753 299.585 299.41 299.222 1.13474e+08 66.3118 56.7369 5 8 0 3 0 0
8280 828 300.781 300.599 300.427 300.254 300.089 299.919 299.754 299.585 299.41 299.222 1.13796e+08 66.4887 56.898 13 9 0 -4 0 0
8290 829 300.781 300.599 300.427 300.254 300.089 299.919 299.754 299.585 299.41 299.222 1.13937e+08 66.5735 56.9685 16 17 0 1 0 0
8300 830 300.781 300.599 300.427 300.254 300.089 299.919 299.754 299.585 299.411 299.222 1.13609e+08 66.3846 56.8047 8 13 0 5 0 0
8310 831 300.781 300.599 300.427 300.254 300.089 299.919 299.753 299.585 299.411 299.222 1.13767e+08 66.5013 56.8834 11 9 0 -2 0 0
8320 832 300.781 300.599 300.427 300.254 300.089 299.919 299.753 299.585 299.411 299.223 1.13977e+08 66.6427 56.9887 9 14 0 5 0 0
8330 833 300.78 300.599 300.428 300.253 300.089 299.92 299.753 299.586 299.411 299.223 1.13697e+08 66.4965 56.8486 12 11 0 -1 0 0
8340 834 300.78 300.598 300.427 300.253 300.089 299.92 299.753 299.586 299.411 299.223 1.14143e+08 66.7749 57.0713 8 7 0 -1 0 0
8350 835 300.78 300.599 300.427 300.253 300.089 299.921 299.753 299.586 299.411 299.223 1.14248e+08 66.86 57.124 13 18 0 5 0 0
8360 836 300.781 300.599 300.426 300.254 300.089 299.921 299.753 299.586 299.411 299.224 1.14601e+08 67.0705 57.3006 14 10 0 -4 0 0
8370 837 300.781 300.598 300.426 300.253 300.088 299.922 299.753 299.586 299.412 299.224 1.13857e+08 66.6527 56.9287 9 16 0 7 0 0
8380 838 300.781 300.598 300.427 300.253 300.088 299.922 299.753 299.586 299.412 299.224 1.14061e+08 66.7739 57.0305 9 15 0 6 0 0
8390 839 300.781 300.598 300.426 300.254 300.088 299.922 299.753 299.586 299.411 299.224 1.13799e+08 66.6288 56.8994 14 16 0 2 0 0
8400 840 300.782 300.598 300.426 300.254 300.088 299.922 299.753 299.586 299.412 299.224 1.13591e+08 66.4975 56.7953 4 16 0 12 0 0
8410 841 300.782 300.598 300.426 300.254 300.088 299.922 299.754 299.586 299.412 299.224 1.13214e+08 66.2789 56.607 14 12 0 -2 0 0
8420 842 300.782 300.598 300.426 300.254 300.088 299.922 299.753 299.586 299.412 299.225 1.13459e+08 66.4415 56.7295 6 8 0 2 0 0
8430 843 300.782 300.597 300.425 300.254 300.088 299.922 299.754 299.587 299.412 299.225 1.12894e+08 66.1175 56.4471 11 17 0 6 0 0
8440 844 300.781 300.597 300.425 300.255 300.088 299.922 299.754 299.587 299.412 299.225 1.13709e+08 66.6137 56.8546 14 8 0 -6 0 0
8450 845 300.782 300.597 300.425 300.255 300.088 299.922 299.754 299.587 299.413 299.225 1.13782e+08 66.6666 56.8909 13 11 0 -2 0 0
8460 846 300.782 300.597 300.424 300.256 300.088 299.922 299.754 299.587 299.413 299.226 1.13813e+08 66.7038 56.9066 11 11 0 0 0 0
8470 847 300.782 300.597 300.425 300.256 300.088 299.923 299.754 299.587 299.413 299.226 1.13362e+08 66.4416 56.6812 12 10 0 -2 0 0
8480 848 300.782 300.597 300.425 300.256 300.088 299.923 299.754 299.587 299.413 299.226 1.14267e+08 66.9921 57.1336 18 5 0 -13 0 0
8490 849 300.782 300.597 300.425 300.256 300.088 299.923 299.754 299.587 299.414 299.227 1.1424e+08 66.9822 57.12 11 15 0 4 0 0
8500 850 300.783 300.597 300.425 300.256 300.088 299.923 299.754 299.588 299.414 299.227 1.14216e+08 66.9512 57.108 13 12 0 -1 0 0
8510 851 300.783 300.597 300.425 300.255 300.089 299.922 299.754 299.588 299.413 299.227 1.14835e+08 67.3161 57.4175 13 7 0 -6 0 0
8520 852 300.783 300.597 300.425 300.255 300.089 299.923 299.754 299.588 299.414 299.226 1.14739e+08 67.2586 57.3693 23 10 0 -13 0 0
8530 853 300.784 300.597 300.425 300.255 300.089 299.923 299.754 299.589 299.414 299.226 1.15091e+08 67.4668 57.5457 12 12 0 0 0 0
8540 854 300.784 300.596 300.426 300.255 300.089 299.922 299.755 299.589 299.414 299.226 1.14975e+08 67.3979 57.4873 11 15 0 4 0 0
8550 855 300.784 300.596 300.426 300.255 300.088 299.923 299.755 299.59 299.414 299.226 1.14999e+08 67.438 57.4993 11 10 0 -1 0 0
8560 856 300.784 300.595 300.425 300.255 300.088 299.923 299.755 299.59 299.414 299.226 1.15086e+08 67.5035 57.5432 12 17 0 5 0 0
8570 857 300.784 300.595 300.425 300.255 300.089 299.923 299.755 299.59 299.414 299.226 1.14681e+08 67.2676 57.3405 10 15 0 5 0 0
8580 858 300.785 300.595 300.424 300.255 300.089 299.923 299.756 299.59 299.414 299.226 1.14728e+08 67.2928 57.3641 16 11 0 -5 0 0
8590 859 300.785 300.596 300.424 300.255 300.089 299.923 299.756 299.591 299.414 299.225 1.14193e+08 66.9582 57.0965 4 12 0 8 0 0
8600 860 300.785 300.596 300.424 300.255 300.089 299.924 299.756 299.591 299.414 299.226 1.13718e+08 66.7017 56.8589 20 12 0 -8 0 0
8610 861 300.785 300.596 300.424 300.256 300.089 299.923 299.756 299.591 299.414 299.226 1.13941e+08 66.835 56.9705 9 11 0 2 0 0
8620 862 300.785 300.596 300.424 300.256 300.09 299.923 299.756 299.591 299.414 299.225 1.14103e+08 66.9111 57.0516 15 13 0 -2 0 0
8630 863 300.785 300.595 300.425 300.256 300.09 299.924 299.756 299.592 299.414 299.225 1.14069e+08 66.8844 57.0346 15 15 0 0 0 0
8640 864 300.784 300.596 300.425 300.256 300.09 299.924 299.756 299.592 299.415 299.225 1.14205e+08 66.9775 57.1027 14 12 0 -2 0 0
8650 865 300.785 300.596 300.425 300.256 300.09 299.924 299.757 299.592 299.415 299.225 1.14205e+08 66.9751 57.1025 9 16 0 7 0 0
8660 866 300.784 300.596 300.424 300.256 300.09 299.924 299.756 299.592 299.415 299.224 1.13715e+08 66.6897 56.8574 20 12 0 -8 0 0
8670 867 300.784 300.596 300.424 300.256 300.09 299.924 299.756 299.592 299.415 299.224 1.13664e+08 66.6885 56.832 9 12 0 3 0 0
8680 868 300.783 300.596 300.424 300.256 300.09 299.924 299.757 299.592 299.415 299.225 1.14027e+08 66.9223 57.0134 12 20 0 8 0 0
8690 869 300.783 300.596 300.424 300.257 300.089 299.924 299.757 299.593 299.416 299.224 1.14191e+08 67.017 57.0955 12 10 0 -2 0 0
8700 870 300.783 300.596 300.424 300.257 300.089 299.923 299.757 299.592 299.416 299.224 1.1408e+08 66.9607 57.0401 21 19 0 -2 0 0
8710 871 300.783 300.596 300.424 300.257 300.089 299.923 299.757 299.593 299.416 299.225 1.14381e+08 67.1575 57.1905 14 6 0 -8 0 0
8720 872 300.783 300.596 300.424 300.257 300.089 299.923 299.758 299.592 299.417 299.225 1.14539e+08 67.2642 57.2697 15 14 0 -1 0 0
8730 873 300.783 300.596 300.424 300.256 300.089 299.923 299.758 299.592 299.417 299.225 1.1454e+08 67.2708 57.2701 12 9 0 -3 0 0
8740 874 300.783 300.596 300.424 300.256 300.089 299.924 299.758 299.592 299.417 299.226 1.1419e+08 67.0887 57.0952 13 10 0 -3 0 0
8750 875 300.784 300.595 300.424 300.256 300.089 299.924 299.758 299.592 299.417 299.226 1.14758e+08 67.4173 57.3788 19 11 0 -8 0 0
8760 876 300.784 300.595 300.424 300.256 300.089 299.924 299.757 299.592 299.418 299.226 1.14548e+08 67.2929 57.274 10 15 0 5 0 0
8770 877 300.784 300.596 300.423 300.256 300.089 299.923 299.758 299.592 299.418 299.226 1.14301e+08 67.1497 57.1506 16 13 0 -3 0 0
8780 878 300.784 300.596 300.423 300.257 300.089 299.923 299.758 299.592 299.418 299.226 1.14281e+08 67.1371 57.1403 7 9 0 2 0 0
8790 879 300.785 300.595 300.423 300.257 300.089 299.923 299.758 299.592 299.418 299.227 1.14415e+08 67.2356 57.2073 12 12 0 0 0 0
8800 880 300.784 300.595 300.423 300.257 300.089 299.923 299.758 299.592 299.418 299.228 1.14093e+08 67.0709 57.0466 16 11 0 -5 0 0
8810 881 300.784 300.595 300.423 300.257 300.089 299.923 299.758 299.592 299.418 299.228 1.14795e+08 67.4915 57.3974 9 14 0 5 0 0
8820 882 300.784 300.596 300.423 300.257 300.088 299.923 299.758 299.592 299.418 299.228 1.14274e+08 67.1994 57.1371 14 9 0 -5 0 0
8830 883 300.784 300.595 300.423 300.257 300.088 299.923 299.758 299.593 299.418 299.228 1.1436e+08 67.2533 57.1799 12 8 0 -4 0 0
8840 884 300.784 300.595 300.423 300.257 300.089 299.923 299.757 299.593 299.419 299.229 1.14574e+08 67.4123 57.2872 19 12 0 -7 0 0
8850 885 300.784 300.595 300.423 300.256 300.088 299.923 299.758 299.593 299.419 299.229 1.14466e+08 67.3627 57.233 9 11 0 2 0 0
8860 886 300.783 300.595 300.423 300.256 300.09 299.922 299.757 299.593 299.419 299.229 1.14585e+08 67.4657 57.2924 10 11 0 1 0 0
8870 887 300.783 300.595 300.423 300.255 300.09 299.923 299.758 299.593 299.419 299.229 1.14473e+08 67.4154 57.2363 14 13 0 -1 0 0
8880 888 300.783 300.595 300.422 300.255 300.09 299.923 299.758 299.593 299.419 299.229 1.1375e+08 66.9916 56.8752 18 6 0 -12 0 0
8890 889 300.783 300.595 300.422 300.255 300.09 299.923 299.758 299.593 299.419 299.23 1.13655e+08 66.9315 56.8276 14 14 0 0 0 0
8900 890 300.782 300.595 300.422 300.256 300.09 299.923 299.758 299.593 299.419 299.23 1.13396e+08 66.8078 56.698 14 9 0 -5 0 0
8910 891 300.783 300.594 300.422 300.256 300.09 299.923 299.758 299.594 299.419 299.23 1.13618e+08 66.9546 56.809 8 13 0 5 0 0
8920 892 300.782 300.595 300.422 300.256 300.09 299.923 299.758 299.594 299.418 299.23 1.13838e+08 67.09 56.9189 11 18 0 7 0 0
8930 893 300.783 300.595 300.421 300.255 300.09 299.923 299.758 299.594 299.418 299.23 1.14014e+08 67.1867 57.0068 7 11 0 4 0 0
8940 894 300.783 300.595 300.421 300.255 300.09 299.923 299.758 299.594 299.418 299.23 1.13821e+08 67.0656 56.9106 12 14 0 2 0 0
8950 895 300.783 300.595 300.421 300.255 300.091 299.923 299.759 299.595 299.419 299.23 1.1396e+08 67.1717 56.9802 14 8 0 -6 0 0
8960 896 300.782 300.595 300.42 300.255 300.091 299.922 299.759 299.595 299.419 299.231 1.14149e+08 67.3183 57.0743 11 7 0 -4 0 0
8970 897 300.782 300.595 300.42 300.256 300.091 299.923 299.759 299.595 299.419 299.231 1.13634e+08 67.0154 56.8172 15 12 0 -3 0 0
8980 898 300.783 300.595 300.419 300.256 300.091 299.923 299.759 299.595 299.418 299.231 1.13323e+08 66.8353 56.6613 14 17 0 3 0 0
8990 899 300.783 300.595 300.419 300.256 300.091 299.923 299.759 299.595 299.419 299.23 1.13064e+08 66.6716 56.532 13 14 0 1 0 0
9000 900 300.782 300.596 300.419 300.256 300.091 299.923 299.759 299.595 299.419 299.23 1.13531e+08 66.9588 56.7655 11 17 0 6 0 0
9010 901 300.782 300.596 300.418 300.255 300.091 299.923 299.76 299.595 299.419 299.23 1.13314e+08 66.8471 56.6572 8 11 0 3 0 0
9020 902 300.782 300.596 300.418 300.255 300.091 299.923 299.76 299.595 299.419 299.23 1.13405e+08 66.9104 56.7027 7 10 0 3 0 0
9030 903 300.782 300.595 300.418 300.255 300.091 299.923 299.76 299.595 299.419 299.23 1.1293e+08 66.6476 56.4651 14 14 0 0 0 0
9040 904 300.782 300.595 300.418 300.255 300.09 299.923 299.761 299.595 299.419 299.23 1.12731e+08 66.5263 56.3656 7 10 0 3 0 0
9050 905 300.781 300.596 300.419 300.255 300.09 299.923 299.761 299.595 299.419 299.231 1.12952e+08 66.6682 56.4762 11 13 0 2 0 0
9060 906 300.781 300.596 300.418 300.255 300.089 299.923 299.761 299.595 299.419 299.231 1.12973e+08 66.6937 56.4865 11 12 0 1 0 0
9070 907 300.781 300.596 300.418 300.255 300.089 299.924 299.761 299.595 299.419 299.231 1.13095e+08 66.7776 56.5476 8 15 0 7 0 0
9080 908 300.78 300.596 300.418 300.254 300.089 299.924 299.761 299.595 299.419 299.232 1.13019e+08 66.7659 56.5094 14 6 0 -8 0 0
9090 909 300.78 300.596 300.417 300.254 300.089 299.924 299.76 299.595 299.419 299.232 1.1258e+08 66.5067 56.2898 7 12 0 5 0 0
9100 910 300.78 300.595 300.417 300.254 300.088 299.924 299.76 299.595 299.418 299.232 1.12505e+08 66.4661 56.2524 17 15 0 -2 0 0
9110 911 300.78 300.595 300.417 300.254 300.088 299.924 299.76 299.595 299.418 299.232 1.11937e+08 66.1329 55.9685 4 9 0 5 0 0
9120 912 300.78 300.595 300.417 300.254 300.088 299.924 299.76 299.595 299.419 299.232 1.11604e+08 65.9598 55.8018 11 12 0 1 0 0
9130 913 300.78 300.595 300.416 300.255 300.088 299.925 299.76 299.595 299.419 299.232 1.1151e+08 65.9097 55.7548 15 14 0 -1 0 0
9140 914 300.78 300.595 300.416 300.255 300.088 299.925 299.76 299.595 299.419 299.232 1.11808e+08 66.1024 55.9041 8 5 0 -3 0 0
9150 915 300.779 300.595 300.416 300.255 300.088 299.925 299.76 299.595 299.419 299.233 1.11774e+08 66.0896 55.887 14 7 0 -7 0 0
9160 916 300.779 300.596 300.416 300.255 300.088 299.925 299.76 299.595 299.419 299.233 1.12249e+08 66.3719 56.1247 6 11 0 5 0 0
9170 917 300.779 300.596 300.415 300.255 300.088 299.926 299.76 299.595 299.419 299.233 1.12072e+08 66.2873 56.0362 11 14 0 3 0 0
9180 918 300.778 300.595 300.415 300.255 300.088 299.926 299.76 299.596 299.419 299.233 1.12246e+08 66.4254 56.1229 10 8 0 -2 0 0
9190 919 300.777 300.595 300.415 300.255 300.088 299.927 299.759 299.596 299.419 299.233 1.11987e+08 66.2917 55.9937 9 16 0 7 0 0
9200 920 300.776 300.596 300.415 300.255 300.088 299.927 299.76 299.596 299.419 299.233 1.11589e+08 66.0732 55.7944 13 10 0 -3 0 0
9210 921 300.776 300.596 300.415 300.254 300.088 299.928 299.76 299.596 299.419 299.233 1.11119e+08 65.8019 55.5594 16 11 0 -5 0 0
9220 922 300.777 300.595 300.415 300.255 300.088 299.927 299.76 299.596 299.419 299.234 1.11127e+08 65.8139 55.5637 7 10 0 3 0 0
9230 923 300.776 300.595 300.415 300.254 300.088 299.927 299.76 299.596 299.418 299.234 1.11347e+08 65.9553 55.6734 14 13 0 -1 0 0
9240 924 300.776 300.595 300.415 300.255 300.088 299.927 299.76 299.596 299.419 299.234 1.11046e+08 65.7869 55.5231 10 10 0 0 0 0
9250 925 300.776 300.595 300.414 300.255 300.087 299.927 299.76 299.596 299.419 299.234 1.11339e+08 65.9818 55.6693 6 15 0 9 0 0
9260 926 300.776 300.594 300.414 300.254 300.087 299.928 299.761 299.597 299.419 299.234 1.11401e+08 66.0466 55.7005 10 14 0 4 0 0
9270 927 300.777 300.594 300.415 300.254 300.087 299.928 299.76 299.597 299.419 299.234 1.11006e+08 65.8064 55.5031 18 13 0 -5 0 0
9280 928 300.777 300.594 300.415 300.254 300.087 299.928 299.76 299.597 299.419 299.235 1.11078e+08 65.84 55.5392 12 17 0 5 0 0
9290 929 300.777 300.594 300.415 300.254 300.088 299.928 299.76 299.596 299.419 299.234 1.11045e+08 65.8067 55.5224 10 15 0 5 0 0
9300 930 300.777 300.594 300.415 300.254 300.088 299.928 299.76 299.596 299.419 299.234 1.11438e+08 66.037 55.7188 14 7 0 -7 0 0
9310 931 300.777 300.594 300.415 300.254 300.088 299.928 299.761 299.596 299.42 299.234 1.12082e+08 66.4086 56.0412 11 18 0 7 0 0
9320 932 300.778 300.593 300.415 300.254 300.088 299.928 299.761 299.596 299.42 299.233 1.1146e+08 66.0391 55.7299 13 11 0 -2 0 0
9330 933 300.778 300.593 300.415 300.254 300.089 299.927 299.762 299.595 299.42 299.233 1.11555e+08 66.0967 55.7777 7 16 0 9 0 0
9340 934 300.778 300.593 300.415 300.254 300.089 299.927 299.762 299.595 299.42 299.233 1.11236e+08 65.9182 55.6179 13 9 0 -4 0 0
9350 935 300.778 300.592 300.415 300.254 300.089 299.928 299.763 299.595 299.42 299.233 1.11193e+08 65.8978 55.5966 8 12 0 4 0 0
9360 936 300.778 300.593 300.415 300.254 300.089 299.928 299.763 299.595 299.42 299.233 1.11191e+08 65.8877 55.5955 15 16 0 1 0 0
9370 937 300.778 300.593 300.414 300.253 300.089 299.928 299.763 299.595 299.421 299.233 1.11412e+08 66.0329 55.706 9 15 0 6 0 0
9380 938 300.778 300.592 300.414 300.253 300.089 299.929 299.764 299.595 299.421 299.233 1.11322e+08 65.9896 55.6609 14 8 0 -6 0 0
9390 939 300.778 300.593 300.414 300.253 300.09 299.928 299.764 299.595 299.421 299.232 1.11504e+08 66.0966 55.7518 13 8 0 -5 0 0
9400 940 300.778 300.593 300.414 300.253 300.089 299.928 299.764 299.595 299.422 299.232 1.10912e+08 65.7371 55.456 11 12 0 1 0 0
9410 941 300.778 300.592 300.414 300.253 300.09 299.928 299.765 299.594 299.422 299.232 1.11378e+08 66.0257 55.6888 16 21 0 5 0 0
9420 942 300.779 300.592 300.414 300.253 300.09 299.928 299.765 299.594 299.423 299.232 1.11507e+08 66.0988 55.7533 10 7 0 -3 0 0
9430 943 300.779 300.592 300.414 300.253 300.09 299.928 299.765 299.594 299.423 299.231 1.11018e+08 65.8046 55.5091 3 14 0 11 0 0
9440 944 300.779 300.592 300.414 300.253 300.09 299.928 299.766 299.595 299.423 299.232 1.11162e+08 65.9034 55.581 13 11 0 -2 0 0
9450 945 300.779 300.591 300.415 300.253 300.09 299.928 299.766 299.595 299.424 299.231 1.11454e+08 66.0839 55.7272 15 4 0 -11 0 0
9460 946 300.779 300.591 300.414 300.253 300.09 299.928 299.766 299.594 299.423 299.231 1.11926e+08 66.3675 55.9632 9 13 0 4 0 0
9470 947 300.78 300.591 300.414 300.252 300.091 299.928 299.766 299.594 299.423 299.232 1.11521e+08 66.1452 55.7606 10 12 0 2 0 0
9480 948 300.78 300.59 300.414 300.252 300.091 299.928 299.766 299.595 299.424 299.232 1.11448e+08 66.1119 55.7242 11 13 0 2 0 0
9490 949 300.78 300.59 300.414 300.252 300.091 299.928 299.767 299.595 299.424 299.233 1.11326e+08 66.068 55.663 13 7 0 -6 0 0
9500 950 300.78 300.589 300.414 300.252 300.091 299.927 299.767 299.595 299.424 299.233 1.113e+08 66.0572 55.6502 9 12 0 3 0 0
9510 951 300.781 300.589 300.414 300.251 300.091 299.927 299.767 299.595 299.424 299.233 1.11037e+08 65.9083 55.5185 17 9 0 -8 0 0
9520 952 300.78 300.589 300.414 300.25 300.092 299.927 299.767 299.595 299.424 299.233 1.11757e+08 66.3519 55.8787 10 17 0 7 0 0
9530 953 300.781 300.588 300.415 300.25 300.092 299.927 299.767 299.596 299.425 299.233 1.11995e+08 66.5081 55.9973 15 10 0 -5 0 0
9540 954 300.781 300.588 300.414 300.25 300.092 299.927 299.766 299.596 299.424 299.233 1.11896e+08 66.4362 55.948 10 18 0 8 0 0
9550 955 300.781 300.588 300.414 300.25 300.093 299.927 299.766 299.596 299.424 299.233 1.11857e+08 66.4258 55.9283 13 4 0 -9 0 0
9560 956 300.78 300.588 300.415 300.25 300.092 299.927 299.766 299.596 299.425 299.233 1.11952e+08 66.4887 55.976 8 17 0 9 0 0
9570 957 300.78 300.588 300.414 300.25 300.092 299.927 299.767 299.596 299.424 299.233 1.11925e+08 66.4822 55.9626 11 13 0 2 0 0
9580 958 300.78 300.588 300.414 300.25 300.092 299.927 299.767 299.597 299.425 299.234 1.12117e+08 66.6218 56.0586 12 9 0 -3 0 0
9590 959 300.78 300.588 300.414 300.25 300.092 299.927 299.766 299.596 299.425 299.233 1.11935e+08 66.5156 55.9676 12 3 0 -9 0 0
9600 960 300.78 300.588 300.414 300.25 300.092 299.927 299.766 299.597 299.425 299.233 1.12298e+08 66.7196 56.1489 15 15 0 0 0 0
9610 961 300.781 300.588 300.415 300.25 300.092 299.927 299.766 299.597 299.425 299.233 1.12537e+08 66.8469 56.2685 11 17 0 6 0 0
9620 962 300.78 300.588 300.414 300.25 300.092 299.927 299.766 299.597 299.425 299.233 1.12477e+08 66.8226 56.2387 12 10 0 -2 0 0
9630 963 300.78 300.588 300.414 300.25 300.091 299.928 299.766 299.597 299.424 299.233 1.12326e+08 66.7467 56.1629 17 19 0 2 0 0
9640 964 300.781 300.588 300.413 300.249 300.091 299.928 299.767 299.597 299.424 299.233 1.1226e+08 66.6995 56.1299 13 10 0 -3 0 0
9650 965 300.78 300.588 300.414 300.25 300.091 299.928 299.766 299.597 299.424 299.232 1.12515e+08 66.8518 56.2575 5 9 0 4 0 0
9660 966 300.779 300.588 300.414 300.25 300.091 299.928 299.766 299.597 299.424 299.232 1.12967e+08 67.1403 56.4835 22 13 0 -9 0 0
9670 967 300.779 300.588 300.414 300.25 300.09 299.929 299.766 299.598 299.424 299.233 1.13502e+08 67.468 56.7508 12 13 0 1 0 0
9680 968 300.779 300.588 300.414 300.25 300.09 299.929 299.767 299.598 299.424 299.233 1.13515e+08 67.4792 56.7573 7 14 0 7 0 0
9690 969 300.779 300.588 300.413 300.25 300.09 299.929 299.767 299.598 299.424 299.233 1.13144e+08 67.2807 56.572 14 16 0 2 0 0
9700 970 300.779 300.588 300.413 300.25 300.091 299.929 299.768 299.598 299.424 299.234 1.13207e+08 67.3298 56.6034 10 17 0 7 0 0
9710 971 300.779 300.587 300.413 300.249 300.09 299.929 299.768 299.598 299.424 299.234 1.13574e+08 67.5975 56.7869 11 6 0 -5 0 0
9720 972 300.779 300.587 300.413 300.249 300.09 299.929 299.768 299.598 299.424 299.235 1.13309e+08 67.4454 56.6543 14 14 0 0 0 0
9730 973 300.778 300.587 300.413 300.25 300.09 299.929 299.768 299.599 299.424 299.236 1.1313e+08 67.3867 56.5648 16 13 0 -3 0 0
9740 974 300.778 300.587 300.413 300.249 300.09 299.929 299.768 299.599 299.424 299.236 1.13211e+08 67.4497 56.6057 8 8 0 0 0 0
9750 975 300.778 300.587 300.413 300.249 300.09 299.93 299.768 299.599 299.423 299.236 1.12567e+08 67.0722 56.2837 14 14 0 0 0 0
9760 976 300.778 300.587 300.413 300.249 300.09 299.93 299.768 299.599 299.423 299.237 1.12192e+08 66.8611 56.0962 16 11 0 -5 0 0
9770 977 300.777 300.587 300.412 300.248 300.09 299.93 299.769 299.599 299.424 299.236 1.12294e+08 66.9521 56.1471 12 15 0 3 0 0
9780 978 300.777 300.587 300.413 300.249 300.09 299.93 299.769 299.599 299.424 299.236 1.1244e+08 67.0325 56.22 11 8 0 -3 0 0
9790 979 300.777 300.587 300.412 300.249 300.09 299.93 299.769 299.599 299.424 299.236 1.12503e+08 67.071 56.2513 11 16 0 5 0 0
9800 980 300.776 300.587 300.412 300.249 300.09 299.931 299.769 299.599 299.424 299.235 1.11869e+08 66.6907 55.9343 16 19 0 3 0 0
9810 981 300.776 300.587 300.412 300.249 300.091 299.93 299.77 299.599 299.423 299.235 1.1099e+08 66.1616 55.4952 21 8 0 -13 0 0
9820 982 300.776 300.587 300.413 300.249 300.09 299.93 299.769 299.599 299.423 299.235 1.11349e+08 66.3714 55.6747 12 8 0 -4 0 0
9830 983 300.775 300.587 300.413 300.249 300.09 299.929 299.769 299.6 299.423 299.235 1.11534e+08 66.5077 55.7668 12 10 0 -2 0 0
9840 984 300.775 300.587 300.413 300.248 300.09 299.929 299.77 299.601 299.423 299.236 1.11267e+08 66.3711 55.6336 16 15 0 -1 0 0
9850 985 300.774 300.588 300.413 300.248 300.09 299.929 299.77 299.601 299.423 299.235 1.1132e+08 66.4094 55.6601 15 14 0 -1 0 0
9860 986 300.774 300.588 300.413 300.248 300.09 299.93 299.77 299.601 299.424 299.235 1.11008e+08 66.2275 55.5042 12 5 0 -7 0 0
9870 987 300.774 300.588 300.413 300.248 300.09 299.929 299.77 299.602 299.424 299.235 1.10344e+08 65.8377 55.1718 18 13 0 -5 0 0
9880 988 300.775 300.588 300.413 300.248 300.09 299.929 299.769 299.602 299.424 299.235 1.10129e+08 65.6965 55.0647 12 13 0 1 0 0
9890 989 300.774 300.588 300.413 300.248 300.09 299.929 299.769 299.602 299.424 299.235 1.09981e+08 65.6258 54.9907 10 10 0 0 0 0
9900 990 300.774 300.588 300.413 300.248 300.089 299.93 299.769 299.602 299.425 299.234 1.10058e+08 65.6718 55.0288 20 10 0 -10 0 0
9910 991 300.774 300.588 300.413 300.248 300.089 299.93 299.77 299.603 299.425 299.234 1.10569e+08 65.9686 55.2843 9 9 0 0 0 0
9920 992 300.774 300.588 300.413 300.248 300.089 299.93 299.769 299.603 299.425 299.234 1.11089e+08 66.3042 55.5443 15 15 0 0 0 0
9930 993 300.774 300.588 300.413 300.248 300.089 299.93 299.769 299.603 299.425 299.234 1.1057e+08 65.9814 55.2849 15 10 0 -5 0 0
9940 994 300.774 300.587 300.413 300.248 300.089 299.931 299.769 299.603 299.425 299.233 1.0947e+08 65.3215 54.735 14 6 0 -8 0 0
9950 995 300.773 300.587 300.413 300.248 300.09 299.93 299.77 299.603 299.425 299.232 1.09556e+08 65.39 54.7778 15 6 0 -9 0 0
9960 996 300.773 300.587 300.413 300.248 300.09 299.93 299.77 299.603 299.426 299.232 1.10243e+08 65.7909 55.1216 14 8 0 -6 0 0
9970 997 300.774 300.588 300.413 300.248 300.09 299.93 299.77 299.603 299.426 299.232 1.10397e+08 65.8734 55.1983 14 8 0 -6 0 0
9980 998 300.774 300.587 300.413 300.249 300.09 299.93 299.77 299.604 299.426 299.232 1.11315e+08 66.4321 55.6575 14 19 0 5 0 0
9990 999 300.774 300.587 300.413 300.249 300.09 299.93 299.77 299.603 299.427 299.232 1.1152e+08 66.5574 55.76 10 12 0 2 0 0
10000 1000 300.774 300.587 300.413 300.249 300.09 299.93 299.77 299.603 299.427 299.231 1.11306e+08 66.4383 55.6531 18 10 0 -8 0 0
