index,x_nm,y_nm,z_nm,volume_nm3
0,0.5,0.5,0.5,1.12281
1,0.5,0.5,1.5,1.12281
2,0.5,0.5,2.5,1.12281
3,0.5,0.5,3.5,1.12281
4,0.5,0.5,4.5,1.12281
5,0.5,0.5,5.5,1.12281
6,0.5,0.5,6.5,1.12281
7,0.5,0.5,7.5,1.12281
8,0.5,0.5,8.5,1.12281
9,0.5,0.5,9.5,1.12281
10,0.5,1.5,0.5,1.12281
11,0.5,1.5,1.5,1.12281
12,0.5,1.5,2.5,1.12281
13,0.5,1.5,3.5,1.12281
14,0.5,1.5,4.5,1.12281
15,0.5,1.5,5.5,1.12281
16,0.5,1.5,6.5,1.12281
17,0.5,1.5,7.5,1.12281
18,0.5,1.5,8.5,1.12281
19,0.5,1.5,9.5,1.12281
20,0.5,2.5,0.5,1.12281
21,0.5,2.5,1.5,1.12281
22,0.5,2.5,2.5,1.12281
23,0.5,2.5,3.5,1.12281
24,0.5,2.5,4.5,1.12281
25,0.5,2.5,5.5,1.12281
26,0.5,2.5,6.5,1.12281
27,0.5,2.5,7.5,1.12281
28,0.5,2.5,8.5,1.12281
29,0.5,2.5,9.5,1.12281
30,0.5,3.5,0.5,1.12281
31,0.5,3.5,1.5,1.12281
32,0.5,3.5,2.5,1.12281
33,0.5,3.5,3.5,1.12281
34,0.5,3.5,4.5,1.12281
35,0.5,3.5,5.5,1.12281
36,0.5,3.5,6.5,1.12281
37,0.5,3.5,7.5,1.12281
38,0.5,3.5,8.5,1.12281
39,0.5,3.5,9.5,1.12281
40,0.5,4.5,0.5,1.12281
41,0.5,4.5,1.5,1.12281
42,0.5,4.5,2.5,1.12281
43,0.5,4.5,3.5,1.12281
44,0.5,4.5,4.5,1.12281
45,0.5,4.5,5.5,1.12281
46,0.5,4.5,6.5,1.12281
47,0.5,4.5,7.5,1.12281
48,0.5,4.5,8.5,1.12281
49,0.5,4.5,9.5,1.12281
50,0.5,5.5,0.5,1.12281
51,0.5,5.5,1.5,1.12281
52,0.5,5.5,2.5,1.12281
53,0.5,5.5,3.5,1.12281
54,0.5,5.5,4.5,1.12281
55,0.5,5.5,5.5,1.12281
56,0.5,5.5,6.5,1.12281
57,0.5,5.5,7.5,1.12281
58,0.5,5.5,8.5,1.12281
59,0.5,5.5,9.5,1.12281
60,0.5,6.5,0.5,1.12281
61,0.5,6.5,1.5,1.12281
62,0.5,6.5,2.5,1.12281
63,0.5,6.5,3.5,1.12281
64,0.5,6.5,4.5,1.12281
65,0.5,6.5,5.5,1.12281
66,0.5,6.5,6.5,1.12281
67,0.5,6.5,7.5,1.12281
68,0.5,6.5,8.5,1.12281
69,0.5,6.5,9.5,1.12281
70,0.5,7.5,0.5,1.12281
71,0.5,7.5,1.5,1.12281
72,0.5,7.5,2.5,1.12281
73,0.5,7.5,3.5,1.12281
74,0.5,7.5,4.5,1.12281
75,0.5,7.5,5.5,1.12281
76,0.5,7.5,6.5,1.12281
77,0.5,7.5,7.5,1.12281
78,0.5,7.5,8.5,1.12281
79,0.5,7.5,9.5,1.12281
80,0.5,8.5,0.5,1.12281
81,0.5,8.5,1.5,1.12281
82,0.5,8.5,2.5,1.12281
83,0.5,8.5,3.5,1.12281
84,0.5,8.5,4.5,1.12281
85,0.5,8.5,5.5,1.12281
86,0.5,8.5,6.5,1.12281
87,0.5,8.5,7.5,1.12281
88,0.5,8.5,8.5,1.12281
89,0.5,8.5,9.5,1.12281
90,0.5,9.5,0.5,1.12281
91,0.5,9.5,1.5,1.12281
92,0.5,9.5,2.5,1.12281
93,0.5,9.5,3.5,1.12281
94,0.5,9.5,4.5,1.12281
95,0.5,9.5,5.5,1.12281
96,0.5,9.5,6.5,1.12281
97,0.5,9.5,7.5,1.12281
98,0.5,9.5,8.5,1.12281
99,0.5,9.5,9.5,1.12281
100,0.5,10.5,0.5,1.12281
101,0.5,10.5,1.5,1.12281
102,0.5,10.5,2.5,1.12281
103,0.5,10.5,3.5,1.12281
104,0.5,10.5,4.5,1.12281
105,0.5,10.5,5.5,1.12281
106,0.5,10.5,6.5,1.12281
107,0.5,10.5,7.5,1.12281
108,0.5,10.5,8.5,1.12281
109,0.5,10.5,9.5,1.12281
110,0.5,11.5,0.5,1.12281
111,0.5,11.5,1.5,1.12281
112,0.5,11.5,2.5,1.12281
113,0.5,11.5,3.5,1.12281
114,0.5,11.5,4.5,1.12281
115,0.5,11.5,5.5,1.12281
116,0.5,11.5,6.5,1.12281
117,0.5,11.5,7.5,1.12281
118,0.5,11.5,8.5,1.12281
119,0.5,11.5,9.5,1.12281
120,0.5,12.5,0.5,1.12281
121,0.5,12.5,1.5,1.12281
122,0.5,12.5,2.5,1.12281
123,0.5,12.5,3.5,1.12281
124,0.5,12.5,4.5,1.12281
125,0.5,12.5,5.5,1.12281
126,0.5,12.5,6.5,1.12281
127,0.5,12.5,7.5,1.12281
128,0.5,12.5,8.5,1.12281
129,0.5,12.5,9.5,1.12281
130,0.5,13.5,0.5,1.12281
131,0.5,13.5,1.5,1.12281
132,0.5,13.5,2.5,1.12281
133,0.5,13.5,3.5,1.12281
134,0.5,13.5,4.5,1.12281
135,0.5,13.5,5.5,1.12281
136,0.5,13.5,6.5,1.12281
137,0.5,13.5,7.5,1.12281
138,0.5,13.5,8.5,1.12281
139,0.5,13.5,9.5,1.12281
140,0.5,14.5,0.5,1.12281
141,0.5,14.5,1.5,1.12281
142,0.5,14.5,2.5,1.12281
143,0.5,14.5,3.5,1.12281
144,0.5,14.5,4.5,1.12281
145,0.5,14.5,5.5,1.12281
146,0.5,14.5,6.5,1.12281
147,0.5,14.5,7.5,1.12281
148,0.5,14.5,8.5,1.12281
149,0.5,14.5,9.5,1.12281
150,0.5,15.5,0.5,1.12281
151,0.5,15.5,1.5,1.12281
152,0.5,15.5,2.5,1.12281
153,0.5,15.5,3.5,1.12281
154,0.5,15.5,4.5,1.12281
155,0.5,15.5,5.5,1.12281
156,0.5,15.5,6.5,1.12281
157,0.5,15.5,7.5,1.12281
158,0.5,15.5,8.5,1.12281
159,0.5,15.5,9.5,1.12281
160,0.5,16.5,0.5,1.12281
161,0.5,16.5,1.5,1.12281
162,0.5,16.5,2.5,1.12281
163,0.5,16.5,3.5,1.12281
164,0.5,16.5,4.5,1.12281
165,0.5,16.5,5.5,1.12281
166,0.5,16.5,6.5,1.12281
167,0.5,16.5,7.5,1.12281
168,0.5,16.5,8.5,1.12281
169,0.5,16.5,9.5,1.12281
170,0.5,17.5,0.5,1.12281
171,0.5,17.5,1.5,1.12281
172,0.5,17.5,2.5,1.12281
173,0.5,17.5,3.5,1.12281
174,0.5,17.5,4.5,1.12281
175,0.5,17.5,5.5,1.12281
176,0.5,17.5,6.5,1.12281
177,0.5,17.5,7.5,1.12281
178,0.5,17.5,8.5,1.12281
179,0.5,17.5,9.5,1.12281
180,0.5,18.5,0.5,1.12281
181,0.5,18.5,1.5,1.12281
182,0.5,18.5,2.5,1.12281
183,0.5,18.5,3.5,1.12281
184,0.5,18.5,4.5,1.12281
185,0.5,18.5,5.5,1.12281
186,0.5,18.5,6.5,1.12281
187,0.5,18.5,7.5,1.12281
188,0.5,18.5,8.5,1.12281
189,0.5,18.5,9.5,1.12281
190,0.5,19.5,0.5,1.12281
191,0.5,19.5,1.5,1.12281
192,0.5,19.5,2.5,1.12281
193,0.5,19.5,3.5,1.12281
194,0.5,19.5,4.5,1.12281
195,0.5,19.5,5.5,1.12281
196,0.5,19.5,6.5,1.12281
197,0.5,19.5,7.5,1.12281
198,0.5,19.5,8.5,1.12281
199,0.5,19.5,9.5,1.12281
200,0.5,20.5,0.5,1.12281
201,0.5,20.5,1.5,1.12281
202,0.5,20.5,2.5,1.12281
203,0.5,20.5,3.5,1.12281
204,0.5,20.5,4.5,1.12281
205,0.5,20.5,5.5,1.12281
206,0.5,20.5,6.5,1.12281
207,0.5,20.5,7.5,1.12281
208,0.5,20.5,8.5,1.12281
209,0.5,20.5,9.5,1.12281
210,0.5,21.5,0.5,1.12281
211,0.5,21.5,1.5,1.12281
212,0.5,21.5,2.5,1.12281
213,0.5,21.5,3.5,1.12281
214,0.5,21.5,4.5,1.12281
215,0.5,21.5,5.5,1.12281
216,0.5,21.5,6.5,1.12281
217,0.5,21.5,7.5,1.12281
218,0.5,21.5,8.5,1.12281
219,0.5,21.5,9.5,1.12281
220,0.5,22.5,0.5,1.12281
221,0.5,22.5,1.5,1.12281
222,0.5,22.5,2.5,1.12281
223,0.5,22.5,3.5,1.12281
224,0.5,22.5,4.5,1.12281
225,0.5,22.5,5.5,1.12281
226,0.5,22.5,6.5,1.12281
227,0.5,22.5,7.5,1.12281
228,0.5,22.5,8.5,1.12281
229,0.5,22.5,9.5,1.12281
230,0.5,23.5,0.5,1.12281
231,0.5,23.5,1.5,1.12281
232,0.5,23.5,2.5,1.12281
233,0.5,23.5,3.5,1.12281
234,0.5,23.5,4.5,1.12281
235,0.5,23.5,5.5,1.12281
236,0.5,23.5,6.5,1.12281
237,0.5,23.5,7.5,1.12281
238,0.5,23.5,8.5,1.12281
239,0.5,23.5,9.5,1.12281
240,0.5,24.5,0.5,1.12281
241,0.5,24.5,1.5,1.12281
242,0.5,24.5,2.5,1.12281
243,0.5,24.5,3.5,1.12281
244,0.5,24.5,4.5,1.12281
245,0.5,24.5,5.5,1.12281
246,0.5,24.5,6.5,1.12281
247,0.5,24.5,7.5,1.12281
248,0.5,24.5,8.5,1.12281
249,0.5,24.5,9.5,1.12281
250,0.5,25.5,0.5,1.12281
251,0.5,25.5,1.5,1.12281
252,0.5,25.5,2.5,1.12281
253,0.5,25.5,3.5,1.12281
254,0.5,25.5,4.5,1.12281
255,0.5,25.5,5.5,1.12281
256,0.5,25.5,6.5,1.12281
257,0.5,25.5,7.5,1.12281
258,0.5,25.5,8.5,1.12281
259,0.5,25.5,9.5,1.12281
260,0.5,26.5,0.5,1.12281
261,0.5,26.5,1.5,1.12281
262,0.5,26.5,2.5,1.12281
263,0.5,26.5,3.5,1.12281
264,0.5,26.5,4.5,1.12281
265,0.5,26.5,5.5,1.12281
266,0.5,26.5,6.5,1.12281
267,0.5,26.5,7.5,1.12281
268,0.5,26.5,8.5,1.12281
269,0.5,26.5,9.5,1.12281
270,0.5,27.5,0.5,1.12281
271,0.5,27.5,1.5,1.12281
272,0.5,27.5,2.5,1.12281
273,0.5,27.5,3.5,1.12281
274,0.5,27.5,4.5,1.12281
275,0.5,27.5,5.5,1.12281
276,0.5,27.5,6.5,1.12281
277,0.5,27.5,7.5,1.12281
278,0.5,27.5,8.5,1.12281
279,0.5,27.5,9.5,1.12281
280,0.5,28.5,0.5,1.12281
281,0.5,28.5,1.5,1.12281
282,0.5,28.5,2.5,1.12281
283,0.5,28.5,3.5,1.12281
284,0.5,28.5,4.5,1.12281
285,0.5,28.5,5.5,1.12281
286,0.5,28.5,6.5,1.12281
287,0.5,28.5,7.5,1.12281
288,0.5,28.5,8.5,1.12281
289,0.5,28.5,9.5,1.12281
290,0.5,29.5,0.5,1.12281
291,0.5,29.5,1.5,1.12281
292,0.5,29.5,2.5,1.12281
293,0.5,29.5,3.5,1.12281
294,0.5,29.5,4.5,1.12281
295,0.5,29.5,5.5,1.12281
296,0.5,29.5,6.5,1.12281
297,0.5,29.5,7.5,1.12281
298,0.5,29.5,8.5,1.12281
299,0.5,29.5,9.5,1.12281
300,0.5,30.5,0.5,1.12281
301,0.5,30.5,1.5,1.12281
302,0.5,30.5,2.5,1.12281
303,0.5,30.5,3.5,1.12281
304,0.5,30.5,4.5,1.12281
305,0.5,30.5,5.5,1.12281
306,0.5,30.5,6.5,1.12281
307,0.5,30.5,7.5,1.12281
308,0.5,30.5,8.5,1.12281
309,0.5,30.5,9.5,1.12281
310,0.5,31.5,0.5,1.12281
311,0.5,31.5,1.5,1.12281
312,0.5,31.5,2.5,1.12281
313,0.5,31.5,3.5,1.12281
314,0.5,31.5,4.5,1.12281
315,0.5,31.5,5.5,1.12281
316,0.5,31.5,6.5,1.12281
317,0.5,31.5,7.5,1.12281
318,0.5,31.5,8.5,1.12281
319,0.5,31.5,9.5,1.12281
320,0.5,32.5,0.5,1.12281
321,0.5,32.5,1.5,1.12281
322,0.5,32.5,2.5,1.12281
323,0.5,32.5,3.5,1.12281
324,0.5,32.5,4.5,1.12281
325,0.5,32.5,5.5,1.12281
326,0.5,32.5,6.5,1.12281
327,0.5,32.5,7.5,1.12281
328,0.5,32.5,8.5,1.12281
329,0.5,32.5,9.5,1.12281
330,0.5,33.5,0.5,1.12281
331,0.5,33.5,1.5,1.12281
332,0.5,33.5,2.5,1.12281
333,0.5,33.5,3.5,1.12281
334,0.5,33.5,4.5,1.12281
335,0.5,33.5,5.5,1.12281
336,0.5,33.5,6.5,1.12281
337,0.5,33.5,7.5,1.12281
338,0.5,33.5,8.5,1.12281
339,0.5,33.5,9.5,1.12281
340,0.5,34.5,0.5,1.12281
341,0.5,34.5,1.5,1.12281
342,0.5,34.5,2.5,1.12281
343,0.5,34.5,3.5,1.12281
344,0.5,34.5,4.5,1.12281
345,0.5,34.5,5.5,1.12281
346,0.5,34.5,6.5,1.12281
347,0.5,34.5,7.5,1.12281
348,0.5,34.5,8.5,1.12281
349,0.5,34.5,9.5,1.12281
350,0.5,35.5,0.5,1.12281
351,0.5,35.5,1.5,1.12281
352,0.5,35.5,2.5,1.12281
353,0.5,35.5,3.5,1.12281
354,0.5,35.5,4.5,1.12281
355,0.5,35.5,5.5,1.12281
356,0.5,35.5,6.5,1.12281
357,0.5,35.5,7.5,1.12281
358,0.5,35.5,8.5,1.12281
359,0.5,35.5,9.5,1.12281
360,1.5,0.5,0.5,1.12281
361,1.5,0.5,1.5,1.12281
362,1.5,0.5,2.5,1.12281
363,1.5,0.5,3.5,1.12281
364,1.5,0.5,4.5,1.12281
365,1.5,0.5,5.5,1.12281
366,1.5,0.5,6.5,1.12281
367,1.5,0.5,7.5,1.12281
368,1.5,0.5,8.5,1.12281
369,1.5,0.5,9.5,1.12281
370,1.5,1.5,0.5,1.12281
371,1.5,1.5,1.5,1.12281
372,1.5,1.5,2.5,1.12281
373,1.5,1.5,3.5,1.12281
374,1.5,1.5,4.5,1.12281
375,1.5,1.5,5.5,1.12281
376,1.5,1.5,6.5,1.12281
377,1.5,1.5,7.5,1.12281
378,1.5,1.5,8.5,1.12281
379,1.5,1.5,9.5,1.12281
380,1.5,2.5,0.5,1.12281
381,1.5,2.5,1.5,1.12281
382,1.5,2.5,2.5,1.12281
383,1.5,2.5,3.5,1.12281
384,1.5,2.5,4.5,1.12281
385,1.5,2.5,5.5,1.12281
386,1.5,2.5,6.5,1.12281
387,1.5,2.5,7.5,1.12281
388,1.5,2.5,8.5,1.12281
389,1.5,2.5,9.5,1.12281
390,1.5,3.5,0.5,1.12281
391,1.5,3.5,1.5,1.12281
392,1.5,3.5,2.5,1.12281
393,1.5,3.5,3.5,1.12281
394,1.5,3.5,4.5,1.12281
395,1.5,3.5,5.5,1.12281
396,1.5,3.5,6.5,1.12281
397,1.5,3.5,7.5,1.12281
398,1.5,3.5,8.5,1.12281
399,1.5,3.5,9.5,1.12281
400,1.5,4.5,0.5,1.12281
401,1.5,4.5,1.5,1.12281
402,1.5,4.5,2.5,1.12281
403,1.5,4.5,3.5,1.12281
404,1.5,4.5,4.5,1.12281
405,1.5,4.5,5.5,1.12281
406,1.5,4.5,6.5,1.12281
407,1.5,4.5,7.5,1.12281
408,1.5,4.5,8.5,1.12281
409,1.5,4.5,9.5,1.12281
410,1.5,5.5,0.5,1.12281
411,1.5,5.5,1.5,1.12281
412,1.5,5.5,2.5,1.12281
413,1.5,5.5,3.5,1.12281
414,1.5,5.5,4.5,1.12281
415,1.5,5.5,5.5,1.12281
416,1.5,5.5,6.5,1.12281
417,1.5,5.5,7.5,1.12281
418,1.5,5.5,8.5,1.12281
419,1.5,5.5,9.5,1.12281
420,1.5,6.5,0.5,1.12281
421,1.5,6.5,1.5,1.12281
422,1.5,6.5,2.5,1.12281
423,1.5,6.5,3.5,1.12281
424,1.5,6.5,4.5,1.12281
425,1.5,6.5,5.5,1.12281
426,1.5,6.5,6.5,1.12281
427,1.5,6.5,7.5,1.12281
428,1.5,6.5,8.5,1.12281
429,1.5,6.5,9.5,1.12281
430,1.5,7.5,0.5,1.12281
431,1.5,7.5,1.5,1.12281
432,1.5,7.5,2.5,1.12281
433,1.5,7.5,3.5,1.12281
434,1.5,7.5,4.5,1.12281
435,1.5,7.5,5.5,1.12281
436,1.5,7.5,6.5,1.12281
437,1.5,7.5,7.5,1.12281
438,1.5,7.5,8.5,1.12281
439,1.5,7.5,9.5,1.12281
440,1.5,8.5,0.5,1.12281
441,1.5,8.5,1.5,1.12281
442,1.5,8.5,2.5,1.12281
443,1.5,8.5,3.5,1.12281
444,1.5,8.5,4.5,1.12281
445,1.5,8.5,5.5,1.12281
446,1.5,8.5,6.5,1.12281
447,1.5,8.5,7.5,1.12281
448,1.5,8.5,8.5,1.12281
449,1.5,8.5,9.5,1.12281
450,1.5,9.5,0.5,1.12281
451,1.5,9.5,1.5,1.12281
452,1.5,9.5,2.5,1.12281
453,1.5,9.5,3.5,1.12281
454,1.5,9.5,4.5,1.12281
455,1.5,9.5,5.5,1.12281
456,1.5,9.5,6.5,1.12281
457,1.5,9.5,7.5,1.12281
458,1.5,9.5,8.5,1.12281
459,1.5,9.5,9.5,1.12281
460,1.5,10.5,0.5,1.12281
461,1.5,10.5,1.5,1.12281
462,1.5,10.5,2.5,1.12281
463,1.5,10.5,3.5,1.12281
464,1.5,10.5,4.5,1.12281
465,1.5,10.5,5.5,1.12281
466,1.5,10.5,6.5,1.12281
467,1.5,10.5,7.5,1.12281
468,1.5,10.5,8.5,1.12281
469,1.5,10.5,9.5,1.12281
470,1.5,11.5,0.5,1.12281
471,1.5,11.5,1.5,1.12281
472,1.5,11.5,2.5,1.12281
473,1.5,11.5,3.5,1.12281
474,1.5,11.5,4.5,1.12281
475,1.5,11.5,5.5,1.12281
476,1.5,11.5,6.5,1.12281
477,1.5,11.5,7.5,1.12281
478,1.5,11.5,8.5,1.12281
479,1.5,11.5,9.5,1.12281
480,1.5,12.5,0.5,1.12281
481,1.5,12.5,1.5,1.12281
482,1.5,12.5,2.5,1.12281
483,1.5,12.5,3.5,1.12281
484,1.5,12.5,4.5,1.12281
485,1.5,12.5,5.5,1.12281
486,1.5,12.5,6.5,1.12281
487,1.5,12.5,7.5,1.12281
488,1.5,12.5,8.5,1.12281
489,1.5,12.5,9.5,1.12281
490,1.5,13.5,0.5,1.12281
491,1.5,13.5,1.5,1.12281
492,1.5,13.5,2.5,1.12281
493,1.5,13.5,3.5,1.12281
494,1.5,13.5,4.5,1.12281
495,1.5,13.5,5.5,1.12281
496,1.5,13.5,6.5,1.12281
497,1.5,13.5,7.5,1.12281
498,1.5,13.5,8.5,1.12281
499,1.5,13.5,9.5,1.12281
500,1.5,14.5,0.5,1.12281
501,1.5,14.5,1.5,1.12281
502,1.5,14.5,2.5,1.12281
503,1.5,14.5,3.5,1.12281
504,1.5,14.5,4.5,1.12281
505,1.5,14.5,5.5,1.12281
506,1.5,14.5,6.5,1.12281
507,1.5,14.5,7.5,1.12281
508,1.5,14.5,8.5,1.12281
509,1.5,14.5,9.5,1.12281
510,1.5,15.5,0.5,1.12281
511,1.5,15.5,1.5,1.12281
512,1.5,15.5,2.5,1.12281
513,1.5,15.5,3.5,1.12281
514,1.5,15.5,4.5,1.12281
515,1.5,15.5,5.5,1.12281
516,1.5,15.5,6.5,1.12281
517,1.5,15.5,7.5,1.12281
518,1.5,15.5,8.5,1.12281
519,1.5,15.5,9.5,1.12281
520,1.5,16.5,0.5,1.12281
521,1.5,16.5,1.5,1.12281
522,1.5,16.5,2.5,1.12281
523,1.5,16.5,3.5,1.12281
524,1.5,16.5,4.5,1.12281
525,1.5,16.5,5.5,1.12281
526,1.5,16.5,6.5,1.12281
527,1.5,16.5,7.5,1.12281
528,1.5,16.5,8.5,1.12281
529,1.5,16.5,9.5,1.12281
530,1.5,17.5,0.5,1.12281
531,1.5,17.5,1.5,1.12281
532,1.5,17.5,2.5,1.12281
533,1.5,17.5,3.5,1.12281
534,1.5,17.5,4.5,1.12281
535,1.5,17.5,5.5,1.12281
536,1.5,17.5,6.5,1.12281
537,1.5,17.5,7.5,1.12281
538,1.5,17.5,8.5,1.12281
539,1.5,17.5,9.5,1.12281
540,1.5,18.5,0.5,1.12281
541,1.5,18.5,1.5,1.12281
542,1.5,18.5,2.5,1.12281
543,1.5,18.5,3.5,1.12281
544,1.5,18.5,4.5,1.12281
545,1.5,18.5,5.5,1.12281
546,1.5,18.5,6.5,1.12281
547,1.5,18.5,7.5,1.12281
548,1.5,18.5,8.5,1.12281
549,1.5,18.5,9.5,1.12281
550,1.5,19.5,0.5,1.12281
551,1.5,19.5,1.5,1.12281
552,1.5,19.5,2.5,1.12281
553,1.5,19.5,3.5,1.12281
554,1.5,19.5,4.5,1.12281
555,1.5,19.5,5.5,1.12281
556,1.5,19.5,6.5,1.12281
557,1.5,19.5,7.5,1.12281
558,1.5,19.5,8.5,1.12281
559,1.5,19.5,9.5,1.12281
560,1.5,20.5,0.5,1.12281
561,1.5,20.5,1.5,1.12281
562,1.5,20.5,2.5,1.12281
563,1.5,20.5,3.5,1.12281
564,1.5,20.5,4.5,1.12281
565,1.5,20.5,5.5,1.12281
566,1.5,20.5,6.5,1.12281
567,1.5,20.5,7.5,1.12281
568,1.5,20.5,8.5,1.12281
569,1.5,20.5,9.5,1.12281
570,1.5,21.5,0.5,1.12281
571,1.5,21.5,1.5,1.12281
572,1.5,21.5,2.5,1.12281
573,1.5,21.5,3.5,1.12281
574,1.5,21.5,4.5,1.12281
575,1.5,21.5,5.5,1.12281
576,1.5,21.5,6.5,1.12281
577,1.5,21.5,7.5,1.12281
578,1.5,21.5,8.5,1.12281
579,1.5,21.5,9.5,1.12281
580,1.5,22.5,0.5,1.12281
581,1.5,22.5,1.5,1.12281
582,1.5,22.5,2.5,1.12281
583,1.5,22.5,3.5,1.12281
584,1.5,22.5,4.5,1.12281
585,1.5,22.5,5.5,1.12281
586,1.5,22.5,6.5,1.12281
587,1.5,22.5,7.5,1.12281
588,1.5,22.5,8.5,1.12281
589,1.5,22.5,9.5,1.12281
590,1.5,23.5,0.5,1.12281
591,1.5,23.5,1.5,1.12281
592,1.5,23.5,2.5,1.12281
593,1.5,23.5,3.5,1.12281
594,1.5,23.5,4.5,1.12281
595,1.5,23.5,5.5,1.12281
596,1.5,23.5,6.5,1.12281
597,1.5,23.5,7.5,1.12281
598,1.5,23.5,8.5,1.12281
599,1.5,23.5,9.5,1.12281
600,1.5,24.5,0.5,1.12281
601,1.5,24.5,1.5,1.12281
602,1.5,24.5,2.5,1.12281
603,1.5,24.5,3.5,1.12281
604,1.5,24.5,4.5,1.12281
605,1.5,24.5,5.5,1.12281
606,1.5,24.5,6.5,1.12281
607,1.5,24.5,7.5,1.12281
608,1.5,24.5,8.5,1.12281
609,1.5,24.5,9.5,1.12281
610,1.5,25.5,0.5,1.12281
611,1.5,25.5,1.5,1.12281
612,1.5,25.5,2.5,1.12281
613,1.5,25.5,3.5,1.12281
614,1.5,25.5,4.5,1.12281
615,1.5,25.5,5.5,1.12281
616,1.5,25.5,6.5,1.12281
617,1.5,25.5,7.5,1.12281
618,1.5,25.5,8.5,1.12281
619,1.5,25.5,9.5,1.12281
620,1.5,26.5,0.5,1.12281
621,1.5,26.5,1.5,1.12281
622,1.5,26.5,2.5,1.12281
623,1.5,26.5,3.5,1.12281
624,1.5,26.5,4.5,1.12281
625,1.5,26.5,5.5,1.12281
626,1.5,26.5,6.5,1.12281
627,1.5,26.5,7.5,1.12281
628,1.5,26.5,8.5,1.12281
629,1.5,26.5,9.5,1.12281
630,1.5,27.5,0.5,1.12281
631,1.5,27.5,1.5,1.12281
632,1.5,27.5,2.5,1.12281
633,1.5,27.5,3.5,1.12281
634,1.5,27.5,4.5,1.12281
635,1.5,27.5,5.5,1.12281
636,1.5,27.5,6.5,1.12281
637,1.5,27.5,7.5,1.12281
638,1.5,27.5,8.5,1.12281
639,1.5,27.5,9.5,1.12281
640,1.5,28.5,0.5,1.12281
641,1.5,28.5,1.5,1.12281
642,1.5,28.5,2.5,1.12281
643,1.5,28.5,3.5,1.12281
644,1.5,28.5,4.5,1.12281
645,1.5,28.5,5.5,1.12281
646,1.5,28.5,6.5,1.12281
647,1.5,28.5,7.5,1.12281
648,1.5,28.5,8.5,1.12281
649,1.5,28.5,9.5,1.12281
650,1.5,29.5,0.5,1.12281
651,1.5,29.5,1.5,1.12281
652,1.5,29.5,2.5,1.12281
653,1.5,29.5,3.5,1.12281
654,1.5,29.5,4.5,1.12281
655,1.5,29.5,5.5,1.12281
656,1.5,29.5,6.5,1.12281
657,1.5,29.5,7.5,1.12281
658,1.5,29.5,8.5,1.12281
659,1.5,29.5,9.5,1.12281
660,1.5,30.5,0.5,1.12281
661,1.5,30.5,1.5,1.12281
662,1.5,30.5,2.5,1.12281
663,1.5,30.5,3.5,1.12281
664,1.5,30.5,4.5,1.12281
665,1.5,30.5,5.5,1.12281
666,1.5,30.5,6.5,1.12281
667,1.5,30.5,7.5,1.12281
668,1.5,30.5,8.5,1.12281
669,1.5,30.5,9.5,1.12281
670,1.5,31.5,0.5,1.12281
671,1.5,31.5,1.5,1.12281
672,1.5,31.5,2.5,1.12281
673,1.5,31.5,3.5,1.12281
674,1.5,31.5,4.5,1.12281
675,1.5,31.5,5.5,1.12281
676,1.5,31.5,6.5,1.12281
677,1.5,31.5,7.5,1.12281
678,1.5,31.5,8.5,1.12281
679,1.5,31.5,9.5,1.12281
680,1.5,32.5,0.5,1.12281
681,1.5,32.5,1.5,1.12281
682,1.5,32.5,2.5,1.12281
683,1.5,32.5,3.5,1.12281
684,1.5,32.5,4.5,1.12281
685,1.5,32.5,5.5,1.12281
686,1.5,32.5,6.5,1.12281
687,1.5,32.5,7.5,1.12281
688,1.5,32.5,8.5,1.12281
689,1.5,32.5,9.5,1.12281
690,1.5,33.5,0.5,1.12281
691,1.5,33.5,1.5,1.12281
692,1.5,33.5,2.5,1.12281
693,1.5,33.5,3.5,1.12281
694,1.5,33.5,4.5,1.12281
695,1.5,33.5,5.5,1.12281
696,1.5,33.5,6.5,1.12281
697,1.5,33.5,7.5,1.12281
698,1.5,33.5,8.5,1.12281
699,1.5,33.5,9.5,1.12281
700,1.5,34.5,0.5,1.12281
701,1.5,34.5,1.5,1.12281
702,1.5,34.5,2.5,1.12281
703,1.5,34.5,3.5,1.12281
704,1.5,34.5,4.5,1.12281
705,1.5,34.5,5.5,1.12281
706,1.5,34.5,6.5,1.12281
707,1.5,34.5,7.5,1.12281
708,1.5,34.5,8.5,1.12281
709,1.5,34.5,9.5,1.12281
710,1.5,35.5,0.5,1.12281
711,1.5,35.5,1.5,1.12281
712,1.5,35.5,2.5,1.12281
713,1.5,35.5,3.5,1.12281
714,1.5,35.5,4.5,1.12281
715,1.5,35.5,5.5,1.12281
716,1.5,35.5,6.5,1.12281
717,1.5,35.5,7.5,1.12281
718,1.5,35.5,8.5,1.12281
719,1.5,35.5,9.5,1.12281
720,2.5,0.5,0.5,1.12281
721,2.5,0.5,1.5,1.12281
722,2.5,0.5,2.5,1.12281
723,2.5,0.5,3.5,1.12281
724,2.5,0.5,4.5,1.12281
725,2.5,0.5,5.5,1.12281
726,2.5,0.5,6.5,1.12281
727,2.5,0.5,7.5,1.12281
728,2.5,0.5,8.5,1.12281
729,2.5,0.5,9.5,1.12281
730,2.5,1.5,0.5,1.12281
731,2.5,1.5,1.5,1.12281
732,2.5,1.5,2.5,1.12281
733,2.5,1.5,3.5,1.12281
734,2.5,1.5,4.5,1.12281
735,2.5,1.5,5.5,1.12281
736,2.5,1.5,6.5,1.12281
737,2.5,1.5,7.5,1.12281
738,2.5,1.5,8.5,1.12281
739,2.5,1.5,9.5,1.12281
740,2.5,2.5,0.5,1.12281
741,2.5,2.5,1.5,1.12281
742,2.5,2.5,2.5,1.12281
743,2.5,2.5,3.5,1.12281
744,2.5,2.5,4.5,1.12281
745,2.5,2.5,5.5,1.12281
746,2.5,2.5,6.5,1.12281
747,2.5,2.5,7.5,1.12281
748,2.5,2.5,8.5,1.12281
749,2.5,2.5,9.5,1.12281
750,2.5,3.5,0.5,1.12281
751,2.5,3.5,1.5,1.12281
752,2.5,3.5,2.5,1.12281
753,2.5,3.5,3.5,1.12281
754,2.5,3.5,4.5,1.12281
755,2.5,3.5,5.5,1.12281
756,2.5,3.5,6.5,1.12281
757,2.5,3.5,7.5,1.12281
758,2.5,3.5,8.5,1.12281
759,2.5,3.5,9.5,1.12281
760,2.5,4.5,0.5,1.12281
761,2.5,4.5,1.5,1.12281
762,2.5,4.5,2.5,1.12281
763,2.5,4.5,3.5,1.12281
764,2.5,4.5,4.5,1.12281
765,2.5,4.5,5.5,1.12281
766,2.5,4.5,6.5,1.12281
767,2.5,4.5,7.5,1.12281
768,2.5,4.5,8.5,1.12281
769,2.5,4.5,9.5,1.12281
770,2.5,5.5,0.5,1.12281
771,2.5,5.5,1.5,1.12281
772,2.5,5.5,2.5,1.12281
773,2.5,5.5,3.5,1.12281
774,2.5,5.5,4.5,1.12281
775,2.5,5.5,5.5,1.12281
776,2.5,5.5,6.5,1.12281
777,2.5,5.5,7.5,1.12281
778,2.5,5.5,8.5,1.12281
779,2.5,5.5,9.5,1.12281
780,2.5,6.5,0.5,1.12281
781,2.5,6.5,1.5,1.12281
782,2.5,6.5,2.5,1.12281
783,2.5,6.5,3.5,1.12281
784,2.5,6.5,4.5,1.12281
785,2.5,6.5,5.5,1.12281
786,2.5,6.5,6.5,1.12281
787,2.5,6.5,7.5,1.12281
788,2.5,6.5,8.5,1.12281
789,2.5,6.5,9.5,1.12281
790,2.5,7.5,0.5,1.12281
791,2.5,7.5,1.5,1.12281
792,2.5,7.5,2.5,1.12281
793,2.5,7.5,3.5,1.12281
794,2.5,7.5,4.5,1.12281
795,2.5,7.5,5.5,1.12281
796,2.5,7.5,6.5,1.12281
797,2.5,7.5,7.5,1.12281
798,2.5,7.5,8.5,1.12281
799,2.5,7.5,9.5,1.12281
800,2.5,8.5,0.5,1.12281
801,2.5,8.5,1.5,1.12281
802,2.5,8.5,2.5,1.12281
803,2.5,8.5,3.5,1.12281
804,2.5,8.5,4.5,1.12281
805,2.5,8.5,5.5,1.12281
806,2.5,8.5,6.5,1.12281
807,2.5,8.5,7.5,1.12281
808,2.5,8.5,8.5,1.12281
809,2.5,8.5,9.5,1.12281
810,2.5,9.5,0.5,1.12281
811,2.5,9.5,1.5,1.12281
812,2.5,9.5,2.5,1.12281
813,2.5,9.5,3.5,1.12281
814,2.5,9.5,4.5,1.12281
815,2.5,9.5,5.5,1.12281
816,2.5,9.5,6.5,1.12281
817,2.5,9.5,7.5,1.12281
818,2.5,9.5,8.5,1.12281
819,2.5,9.5,9.5,1.12281
820,2.5,10.5,0.5,1.12281
821,2.5,10.5,1.5,1.12281
822,2.5,10.5,2.5,1.12281
823,2.5,10.5,3.5,1.12281
824,2.5,10.5,4.5,1.12281
825,2.5,10.5,5.5,1.12281
826,2.5,10.5,6.5,1.12281
827,2.5,10.5,7.5,1.12281
828,2.5,10.5,8.5,1.12281
829,2.5,10.5,9.5,1.12281
830,2.5,11.5,0.5,1.12281
831,2.5,11.5,1.5,1.12281
832,2.5,11.5,2.5,1.12281
833,2.5,11.5,3.5,1.12281
834,2.5,11.5,4.5,1.12281
835,2.5,11.5,5.5,1.12281
836,2.5,11.5,6.5,1.12281
837,2.5,11.5,7.5,1.12281
838,2.5,11.5,8.5,1.12281
839,2.5,11.5,9.5,1.12281
840,2.5,12.5,0.5,1.12281
841,2.5,12.5,1.5,1.12281
842,2.5,12.5,2.5,1.12281
843,2.5,12.5,3.5,1.12281
844,2.5,12.5,4.5,1.12281
845,2.5,12.5,5.5,1.12281
846,2.5,12.5,6.5,1.12281
847,2.5,12.5,7.5,1.12281
848,2.5,12.5,8.5,1.12281
849,2.5,12.5,9.5,1.12281
850,2.5,13.5,0.5,1.12281
851,2.5,13.5,1.5,1.12281
852,2.5,13.5,2.5,1.12281
853,2.5,13.5,3.5,1.12281
854,2.5,13.5,4.5,1.12281
855,2.5,13.5,5.5,1.12281
856,2.5,13.5,6.5,1.12281
857,2.5,13.5,7.5,1.12281
858,2.5,13.5,8.5,1.12281
859,2.5,13.5,9.5,1.12281
860,2.5,14.5,0.5,1.12281
861,2.5,14.5,1.5,1.12281
862,2.5,14.5,2.5,1.12281
863,2.5,14.5,3.5,1.12281
864,2.5,14.5,4.5,1.12281
865,2.5,14.5,5.5,1.12281
866,2.5,14.5,6.5,1.12281
867,2.5,14.5,7.5,1.12281
868,2.5,14.5,8.5,1.12281
869,2.5,14.5,9.5,1.12281
870,2.5,15.5,0.5,1.12281
871,2.5,15.5,1.5,1.12281
872,2.5,15.5,2.5,1.12281
873,2.5,15.5,3.5,1.12281
874,2.5,15.5,4.5,1.12281
875,2.5,15.5,5.5,1.12281
876,2.5,15.5,6.5,1.12281
877,2.5,15.5,7.5,1.12281
878,2.5,15.5,8.5,1.12281
879,2.5,15.5,9.5,1.12281
880,2.5,16.5,0.5,1.12281
881,2.5,16.5,1.5,1.12281
882,2.5,16.5,2.5,1.12281
883,2.5,16.5,3.5,1.12281
884,2.5,16.5,4.5,1.12281
885,2.5,16.5,5.5,1.12281
886,2.5,16.5,6.5,1.12281
887,2.5,16.5,7.5,1.12281
888,2.5,16.5,8.5,1.12281
889,2.5,16.5,9.5,1.12281
890,2.5,17.5,0.5,1.12281
891,2.5,17.5,1.5,1.12281
892,2.5,17.5,2.5,1.12281
893,2.5,17.5,3.5,1.12281
894,2.5,17.5,4.5,1.12281
895,2.5,17.5,5.5,1.12281
896,2.5,17.5,6.5,1.12281
897,2.5,17.5,7.5,1.12281
898,2.5,17.5,8.5,1.12281
899,2.5,17.5,9.5,1.12281
900,2.5,18.5,0.5,1.12281
901,2.5,18.5,1.5,1.12281
902,2.5,18.5,2.5,1.12281
903,2.5,18.5,3.5,1.12281
904,2.5,18.5,4.5,1.12281
905,2.5,18.5,5.5,1.12281
906,2.5,18.5,6.5,1.12281
907,2.5,18.5,7.5,1.12281
908,2.5,18.5,8.5,1.12281
909,2.5,18.5,9.5,1.12281
910,2.5,19.5,0.5,1.12281
911,2.5,19.5,1.5,1.12281
912,2.5,19.5,2.5,1.12281
913,2.5,19.5,3.5,1.12281
914,2.5,19.5,4.5,1.12281
915,2.5,19.5,5.5,1.12281
916,2.5,19.5,6.5,1.12281
917,2.5,19.5,7.5,1.12281
918,2.5,19.5,8.5,1.12281
919,2.5,19.5,9.5,1.12281
920,2.5,20.5,0.5,1.12281
921,2.5,20.5,1.5,1.12281
922,2.5,20.5,2.5,1.12281
923,2.5,20.5,3.5,1.12281
924,2.5,20.5,4.5,1.12281
925,2.5,20.5,5.5,1.12281
926,2.5,20.5,6.5,1.12281
927,2.5,20.5,7.5,1.12281
928,2.5,20.5,8.5,1.12281
929,2.5,20.5,9.5,1.12281
930,2.5,21.5,0.5,1.12281
931,2.5,21.5,1.5,1.12281
932,2.5,21.5,2.5,1.12281
933,2.5,21.5,3.5,1.12281
934,2.5,21.5,4.5,1.12281
935,2.5,21.5,5.5,1.12281
936,2.5,21.5,6.5,1.12281
937,2.5,21.5,7.5,1.12281
938,2.5,21.5,8.5,1.12281
939,2.5,21.5,9.5,1.12281
940,2.5,22.5,0.5,1.12281
941,2.5,22.5,1.5,1.12281
942,2.5,22.5,2.5,1.12281
943,2.5,22.5,3.5,1.12281
944,2.5,22.5,4.5,1.12281
945,2.5,22.5,5.5,1.12281
946,2.5,22.5,6.5,1.12281
947,2.5,22.5,7.5,1.12281
948,2.5,22.5,8.5,1.12281
949,2.5,22.5,9.5,1.12281
950,2.5,23.5,0.5,1.12281
951,2.5,23.5,1.5,1.12281
952,2.5,23.5,2.5,1.12281
953,2.5,23.5,3.5,1.12281
954,2.5,23.5,4.5,1.12281
955,2.5,23.5,5.5,1.12281
956,2.5,23.5,6.5,1.12281
957,2.5,23.5,7.5,1.12281
958,2.5,23.5,8.5,1.12281
959,2.5,23.5,9.5,1.12281
960,2.5,24.5,0.5,1.12281
961,2.5,24.5,1.5,1.12281
962,2.5,24.5,2.5,1.12281
963,2.5,24.5,3.5,1.12281
964,2.5,24.5,4.5,1.12281
965,2.5,24.5,5.5,1.12281
966,2.5,24.5,6.5,1.12281
967,2.5,24.5,7.5,1.12281
968,2.5,24.5,8.5,1.12281
969,2.5,24.5,9.5,1.12281
970,2.5,25.5,0.5,1.12281
971,2.5,25.5,1.5,1.12281
972,2.5,25.5,2.5,1.12281
973,2.5,25.5,3.5,1.12281
974,2.5,25.5,4.5,1.12281
975,2.5,25.5,5.5,1.12281
976,2.5,25.5,6.5,1.12281
977,2.5,25.5,7.5,1.12281
978,2.5,25.5,8.5,1.12281
979,2.5,25.5,9.5,1.12281
980,2.5,26.5,0.5,1.12281
981,2.5,26.5,1.5,1.12281
982,2.5,26.5,2.5,1.12281
983,2.5,26.5,3.5,1.12281
984,2.5,26.5,4.5,1.12281
985,2.5,26.5,5.5,1.12281
986,2.5,26.5,6.5,1.12281
987,2.5,26.5,7.5,1.12281
988,2.5,26.5,8.5,1.12281
989,2.5,26.5,9.5,1.12281
990,2.5,27.5,0.5,1.12281
991,2.5,27.5,1.5,1.12281
992,2.5,27.5,2.5,1.12281
993,2.5,27.5,3.5,1.12281
994,2.5,27.5,4.5,1.12281
995,2.5,27.5,5.5,1.12281
996,2.5,27.5,6.5,1.12281
997,2.5,27.5,7.5,1.12281
998,2.5,27.5,8.5,1.12281
999,2.5,27.5,9.5,1.12281
1000,2.5,28.5,0.5,1.12281
1001,2.5,28.5,1.5,1.12281
1002,2.5,28.5,2.5,1.12281
1003,2.5,28.5,3.5,1.12281
1004,2.5,28.5,4.5,1.12281
1005,2.5,28.5,5.5,1.12281
1006,2.5,28.5,6.5,1.12281
1007,2.5,28.5,7.5,1.12281
1008,2.5,28.5,8.5,1.12281
1009,2.5,28.5,9.5,1.12281
1010,2.5,29.5,0.5,1.12281
1011,2.5,29.5,1.5,1.12281
1012,2.5,29.5,2.5,1.12281
1013,2.5,29.5,3.5,1.12281
1014,2.5,29.5,4.5,1.12281
1015,2.5,29.5,5.5,1.12281
1016,2.5,29.5,6.5,1.12281
1017,2.5,29.5,7.5,1.12281
1018,2.5,29.5,8.5,1.12281
1019,2.5,29.5,9.5,1.12281
1020,2.5,30.5,0.5,1.12281
1021,2.5,30.5,1.5,1.12281
1022,2.5,30.5,2.5,1.12281
1023,2.5,30.5,3.5,1.12281
1024,2.5,30.5,4.5,1.12281
1025,2.5,30.5,5.5,1.12281
1026,2.5,30.5,6.5,1.12281
1027,2.5,30.5,7.5,1.12281
1028,2.5,30.5,8.5,1.12281
1029,2.5,30.5,9.5,1.12281
1030,2.5,31.5,0.5,1.12281
1031,2.5,31.5,1.5,1.12281
1032,2.5,31.5,2.5,1.12281
1033,2.5,31.5,3.5,1.12281
1034,2.5,31.5,4.5,1.12281
1035,2.5,31.5,5.5,1.12281
1036,2.5,31.5,6.5,1.12281
1037,2.5,31.5,7.5,1.12281
1038,2.5,31.5,8.5,1.12281
1039,2.5,31.5,9.5,1.12281
1040,2.5,32.5,0.5,1.12281
1041,2.5,32.5,1.5,1.12281
1042,2.5,32.5,2.5,1.12281
1043,2.5,32.5,3.5,1.12281
1044,2.5,32.5,4.5,1.12281
1045,2.5,32.5,5.5,1.12281
1046,2.5,32.5,6.5,1.12281
1047,2.5,32.5,7.5,1.12281
1048,2.5,32.5,8.5,1.12281
1049,2.5,32.5,9.5,1.12281
1050,2.5,33.5,0.5,1.12281
1051,2.5,33.5,1.5,1.12281
1052,2.5,33.5,2.5,1.12281
1053,2.5,33.5,3.5,1.12281
1054,2.5,33.5,4.5,1.12281
1055,2.5,33.5,5.5,1.12281
1056,2.5,33.5,6.5,1.12281
1057,2.5,33.5,7.5,1.12281
1058,2.5,33.5,8.5,1.12281
1059,2.5,33.5,9.5,1.12281
1060,2.5,34.5,0.5,1.12281
1061,2.5,34.5,1.5,1.12281
1062,2.5,34.5,2.5,1.12281
1063,2.5,34.5,3.5,1.12281
1064,2.5,34.5,4.5,1.12281
1065,2.5,34.5,5.5,1.12281
1066,2.5,34.5,6.5,1.12281
1067,2.5,34.5,7.5,1.12281
1068,2.5,34.5,8.5,1.12281
1069,2.5,34.5,9.5,1.12281
1070,2.5,35.5,0.5,1.12281
1071,2.5,35.5,1.5,1.12281
1072,2.5,35.5,2.5,1.12281
1073,2.5,35.5,3.5,1.12281
1074,2.5,35.5,4.5,1.12281
1075,2.5,35.5,5.5,1.12281
1076,2.5,35.5,6.5,1.12281
1077,2.5,35.5,7.5,1.12281
1078,2.5,35.5,8.5,1.12281
1079,2.5,35.5,9.5,1.12281
1080,3.5,0.5,0.5,1.12281
1081,3.5,0.5,1.5,1.12281
1082,3.5,0.5,2.5,1.12281
1083,3.5,0.5,3.5,1.12281
1084,3.5,0.5,4.5,1.12281
1085,3.5,0.5,5.5,1.12281
1086,3.5,0.5,6.5,1.12281
1087,3.5,0.5,7.5,1.12281
1088,3.5,0.5,8.5,1.12281
1089,3.5,0.5,9.5,1.12281
1090,3.5,1.5,0.5,1.12281
1091,3.5,1.5,1.5,1.12281
1092,3.5,1.5,2.5,1.12281
1093,3.5,1.5,3.5,1.12281
1094,3.5,1.5,4.5,1.12281
1095,3.5,1.5,5.5,1.12281
1096,3.5,1.5,6.5,1.12281
1097,3.5,1.5,7.5,1.12281
1098,3.5,1.5,8.5,1.12281
1099,3.5,1.5,9.5,1.12281
1100,3.5,2.5,0.5,1.12281
1101,3.5,2.5,1.5,1.12281
1102,3.5,2.5,2.5,1.12281
1103,3.5,2.5,3.5,1.12281
1104,3.5,2.5,4.5,1.12281
1105,3.5,2.5,5.5,1.12281
1106,3.5,2.5,6.5,1.12281
1107,3.5,2.5,7.5,1.12281
1108,3.5,2.5,8.5,1.12281
1109,3.5,2.5,9.5,1.12281
1110,3.5,3.5,0.5,1.12281
1111,3.5,3.5,1.5,1.12281
1112,3.5,3.5,2.5,1.12281
1113,3.5,3.5,3.5,1.12281
1114,3.5,3.5,4.5,1.12281
1115,3.5,3.5,5.5,1.12281
1116,3.5,3.5,6.5,1.12281
1117,3.5,3.5,7.5,1.12281
1118,3.5,3.5,8.5,1.12281
1119,3.5,3.5,9.5,1.12281
1120,3.5,4.5,0.5,1.12281
1121,3.5,4.5,1.5,1.12281
1122,3.5,4.5,2.5,1.12281
1123,3.5,4.5,3.5,1.12281
1124,3.5,4.5,4.5,1.12281
1125,3.5,4.5,5.5,1.12281
1126,3.5,4.5,6.5,1.12281
1127,3.5,4.5,7.5,1.12281
1128,3.5,4.5,8.5,1.12281
1129,3.5,4.5,9.5,1.12281
1130,3.5,5.5,0.5,1.12281
1131,3.5,5.5,1.5,1.12281
1132,3.5,5.5,2.5,1.12281
1133,3.5,5.5,3.5,1.12281
1134,3.5,5.5,4.5,1.12281
1135,3.5,5.5,5.5,1.12281
1136,3.5,5.5,6.5,1.12281
1137,3.5,5.5,7.5,1.12281
1138,3.5,5.5,8.5,1.12281
1139,3.5,5.5,9.5,1.12281
1140,3.5,6.5,0.5,1.12281
1141,3.5,6.5,1.5,1.12281
1142,3.5,6.5,2.5,1.12281
1143,3.5,6.5,3.5,1.12281
1144,3.5,6.5,4.5,1.12281
1145,3.5,6.5,5.5,1.12281
1146,3.5,6.5,6.5,1.12281
1147,3.5,6.5,7.5,1.12281
1148,3.5,6.5,8.5,1.12281
1149,3.5,6.5,9.5,1.12281
1150,3.5,7.5,0.5,1.12281
1151,3.5,7.5,1.5,1.12281
1152,3.5,7.5,2.5,1.12281
1153,3.5,7.5,3.5,1.12281
1154,3.5,7.5,4.5,1.12281
1155,3.5,7.5,5.5,1.12281
1156,3.5,7.5,6.5,1.12281
1157,3.5,7.5,7.5,1.12281
1158,3.5,7.5,8.5,1.12281
1159,3.5,7.5,9.5,1.12281
1160,3.5,8.5,0.5,1.12281
1161,3.5,8.5,1.5,1.12281
1162,3.5,8.5,2.5,1.12281
1163,3.5,8.5,3.5,1.12281
1164,3.5,8.5,4.5,1.12281
1165,3.5,8.5,5.5,1.12281
1166,3.5,8.5,6.5,1.12281
1167,3.5,8.5,7.5,1.12281
1168,3.5,8.5,8.5,1.12281
1169,3.5,8.5,9.5,1.12281
1170,3.5,9.5,0.5,1.12281
1171,3.5,9.5,1.5,1.12281
1172,3.5,9.5,2.5,1.12281
1173,3.5,9.5,3.5,1.12281
1174,3.5,9.5,4.5,1.12281
1175,3.5,9.5,5.5,1.12281
1176,3.5,9.5,6.5,1.12281
1177,3.5,9.5,7.5,1.12281
1178,3.5,9.5,8.5,1.12281
1179,3.5,9.5,9.5,1.12281
1180,3.5,10.5,0.5,1.12281
1181,3.5,10.5,1.5,1.12281
1182,3.5,10.5,2.5,1.12281
1183,3.5,10.5,3.5,1.12281
1184,3.5,10.5,4.5,1.12281
1185,3.5,10.5,5.5,1.12281
1186,3.5,10.5,6.5,1.12281
1187,3.5,10.5,7.5,1.12281
1188,3.5,10.5,8.5,1.12281
1189,3.5,10.5,9.5,1.12281
1190,3.5,11.5,0.5,1.12281
1191,3.5,11.5,1.5,1.12281
1192,3.5,11.5,2.5,1.12281
1193,3.5,11.5,3.5,1.12281
1194,3.5,11.5,4.5,1.12281
1195,3.5,11.5,5.5,1.12281
1196,3.5,11.5,6.5,1.12281
1197,3.5,11.5,7.5,1.12281
1198,3.5,11.5,8.5,1.12281
1199,3.5,11.5,9.5,1.12281
1200,3.5,12.5,0.5,1.12281
1201,3.5,12.5,1.5,1.12281
1202,3.5,12.5,2.5,1.12281
1203,3.5,12.5,3.5,1.12281
1204,3.5,12.5,4.5,1.12281
1205,3.5,12.5,5.5,1.12281
1206,3.5,12.5,6.5,1.12281
1207,3.5,12.5,7.5,1.12281
1208,3.5,12.5,8.5,1.12281
1209,3.5,12.5,9.5,1.12281
1210,3.5,13.5,0.5,1.12281
1211,3.5,13.5,1.5,1.12281
1212,3.5,13.5,2.5,1.12281
1213,3.5,13.5,3.5,1.12281
1214,3.5,13.5,4.5,1.12281
1215,3.5,13.5,5.5,1.12281
1216,3.5,13.5,6.5,1.12281
1217,3.5,13.5,7.5,1.12281
1218,3.5,13.5,8.5,1.12281
1219,3.5,13.5,9.5,1.12281
1220,3.5,14.5,0.5,1.12281
1221,3.5,14.5,1.5,1.12281
1222,3.5,14.5,2.5,1.12281
1223,3.5,14.5,3.5,1.12281
1224,3.5,14.5,4.5,1.12281
1225,3.5,14.5,5.5,1.12281
1226,3.5,14.5,6.5,1.12281
1227,3.5,14.5,7.5,1.12281
1228,3.5,14.5,8.5,1.12281
1229,3.5,14.5,9.5,1.12281
1230,3.5,15.5,0.5,1.12281
1231,3.5,15.5,1.5,1.12281
1232,3.5,15.5,2.5,1.12281
1233,3.5,15.5,3.5,1.12281
1234,3.5,15.5,4.5,1.12281
1235,3.5,15.5,5.5,1.12281
1236,3.5,15.5,6.5,1.12281
1237,3.5,15.5,7.5,1.12281
1238,3.5,15.5,8.5,1.12281
1239,3.5,15.5,9.5,1.12281
1240,3.5,16.5,0.5,1.12281
1241,3.5,16.5,1.5,1.12281
1242,3.5,16.5,2.5,1.12281
1243,3.5,16.5,3.5,1.12281
1244,3.5,16.5,4.5,1.12281
1245,3.5,16.5,5.5,1.12281
1246,3.5,16.5,6.5,1.12281
1247,3.5,16.5,7.5,1.12281
1248,3.5,16.5,8.5,1.12281
1249,3.5,16.5,9.5,1.12281
1250,3.5,17.5,0.5,1.12281
1251,3.5,17.5,1.5,1.12281
1252,3.5,17.5,2.5,1.12281
1253,3.5,17.5,3.5,1.12281
1254,3.5,17.5,4.5,1.12281
1255,3.5,17.5,5.5,1.12281
1256,3.5,17.5,6.5,1.12281
1257,3.5,17.5,7.5,1.12281
1258,3.5,17.5,8.5,1.12281
1259,3.5,17.5,9.5,1.12281
1260,3.5,18.5,0.5,1.12281
1261,3.5,18.5,1.5,1.12281
1262,3.5,18.5,2.5,1.12281
1263,3.5,18.5,3.5,1.12281
1264,3.5,18.5,4.5,1.12281
1265,3.5,18.5,5.5,1.12281
1266,3.5,18.5,6.5,1.12281
1267,3.5,18.5,7.5,1.12281
1268,3.5,18.5,8.5,1.12281
1269,3.5,18.5,9.5,1.12281
1270,3.5,19.5,0.5,1.12281
1271,3.5,19.5,1.5,1.12281
1272,3.5,19.5,2.5,1.12281
1273,3.5,19.5,3.5,1.12281
1274,3.5,19.5,4.5,1.12281
1275,3.5,19.5,5.5,1.12281
1276,3.5,19.5,6.5,1.12281
1277,3.5,19.5,7.5,1.12281
1278,3.5,19.5,8.5,1.12281
1279,3.5,19.5,9.5,1.12281
1280,3.5,20.5,0.5,1.12281
1281,3.5,20.5,1.5,1.12281
1282,3.5,20.5,2.5,1.12281
1283,3.5,20.5,3.5,1.12281
1284,3.5,20.5,4.5,1.12281
1285,3.5,20.5,5.5,1.12281
1286,3.5,20.5,6.5,1.12281
1287,3.5,20.5,7.5,1.12281
1288,3.5,20.5,8.5,1.12281
1289,3.5,20.5,9.5,1.12281
1290,3.5,21.5,0.5,1.12281
1291,3.5,21.5,1.5,1.12281
1292,3.5,21.5,2.5,1.12281
1293,3.5,21.5,3.5,1.12281
1294,3.5,21.5,4.5,1.12281
1295,3.5,21.5,5.5,1.12281
1296,3.5,21.5,6.5,1.12281
1297,3.5,21.5,7.5,1.12281
1298,3.5,21.5,8.5,1.12281
1299,3.5,21.5,9.5,1.12281
1300,3.5,22.5,0.5,1.12281
1301,3.5,22.5,1.5,1.12281
1302,3.5,22.5,2.5,1.12281
1303,3.5,22.5,3.5,1.12281
1304,3.5,22.5,4.5,1.12281
1305,3.5,22.5,5.5,1.12281
1306,3.5,22.5,6.5,1.12281
1307,3.5,22.5,7.5,1.12281
1308,3.5,22.5,8.5,1.12281
1309,3.5,22.5,9.5,1.12281
1310,3.5,23.5,0.5,1.12281
1311,3.5,23.5,1.5,1.12281
1312,3.5,23.5,2.5,1.12281
1313,3.5,23.5,3.5,1.12281
1314,3.5,23.5,4.5,1.12281
1315,3.5,23.5,5.5,1.12281
1316,3.5,23.5,6.5,1.12281
1317,3.5,23.5,7.5,1.12281
1318,3.5,23.5,8.5,1.12281
1319,3.5,23.5,9.5,1.12281
1320,3.5,24.5,0.5,1.12281
1321,3.5,24.5,1.5,1.12281
1322,3.5,24.5,2.5,1.12281
1323,3.5,24.5,3.5,1.12281
1324,3.5,24.5,4.5,1.12281
1325,3.5,24.5,5.5,1.12281
1326,3.5,24.5,6.5,1.12281
1327,3.5,24.5,7.5,1.12281
1328,3.5,24.5,8.5,1.12281
1329,3.5,24.5,9.5,1.12281
1330,3.5,25.5,0.5,1.12281
1331,3.5,25.5,1.5,1.12281
1332,3.5,25.5,2.5,1.12281
1333,3.5,25.5,3.5,1.12281
1334,3.5,25.5,4.5,1.12281
1335,3.5,25.5,5.5,1.12281
1336,3.5,25.5,6.5,1.12281
1337,3.5,25.5,7.5,1.12281
1338,3.5,25.5,8.5,1.12281
1339,3.5,25.5,9.5,1.12281
1340,3.5,26.5,0.5,1.12281
1341,3.5,26.5,1.5,1.12281
1342,3.5,26.5,2.5,1.12281
1343,3.5,26.5,3.5,1.12281
1344,3.5,26.5,4.5,1.12281
1345,3.5,26.5,5.5,1.12281
1346,3.5,26.5,6.5,1.12281
1347,3.5,26.5,7.5,1.12281
1348,3.5,26.5,8.5,1.12281
1349,3.5,26.5,9.5,1.12281
1350,3.5,27.5,0.5,1.12281
1351,3.5,27.5,1.5,1.12281
1352,3.5,27.5,2.5,1.12281
1353,3.5,27.5,3.5,1.12281
1354,3.5,27.5,4.5,1.12281
1355,3.5,27.5,5.5,1.12281
1356,3.5,27.5,6.5,1.12281
1357,3.5,27.5,7.5,1.12281
1358,3.5,27.5,8.5,1.12281
1359,3.5,27.5,9.5,1.12281
1360,3.5,28.5,0.5,1.12281
1361,3.5,28.5,1.5,1.12281
1362,3.5,28.5,2.5,1.12281
1363,3.5,28.5,3.5,1.12281
1364,3.5,28.5,4.5,1.12281
1365,3.5,28.5,5.5,1.12281
1366,3.5,28.5,6.5,1.12281
1367,3.5,28.5,7.5,1.12281
1368,3.5,28.5,8.5,1.12281
1369,3.5,28.5,9.5,1.12281
1370,3.5,29.5,0.5,1.12281
1371,3.5,29.5,1.5,1.12281
1372,3.5,29.5,2.5,1.12281
1373,3.5,29.5,3.5,1.12281
1374,3.5,29.5,4.5,1.12281
1375,3.5,29.5,5.5,1.12281
1376,3.5,29.5,6.5,1.12281
1377,3.5,29.5,7.5,1.12281
1378,3.5,29.5,8.5,1.12281
1379,3.5,29.5,9.5,1.12281
1380,3.5,30.5,0.5,1.12281
1381,3.5,30.5,1.5,1.12281
1382,3.5,30.5,2.5,1.12281
1383,3.5,30.5,3.5,1.12281
1384,3.5,30.5,4.5,1.12281
1385,3.5,30.5,5.5,1.12281
1386,3.5,30.5,6.5,1.12281
1387,3.5,30.5,7.5,1.12281
1388,3.5,30.5,8.5,1.12281
1389,3.5,30.5,9.5,1.12281
1390,3.5,31.5,0.5,1.12281
1391,3.5,31.5,1.5,1.12281
1392,3.5,31.5,2.5,1.12281
1393,3.5,31.5,3.5,1.12281
1394,3.5,31.5,4.5,1.12281
1395,3.5,31.5,5.5,1.12281
1396,3.5,31.5,6.5,1.12281
1397,3.5,31.5,7.5,1.12281
1398,3.5,31.5,8.5,1.12281
1399,3.5,31.5,9.5,1.12281
1400,3.5,32.5,0.5,1.12281
1401,3.5,32.5,1.5,1.12281
1402,3.5,32.5,2.5,1.12281
1403,3.5,32.5,3.5,1.12281
1404,3.5,32.5,4.5,1.12281
1405,3.5,32.5,5.5,1.12281
1406,3.5,32.5,6.5,1.12281
1407,3.5,32.5,7.5,1.12281
1408,3.5,32.5,8.5,1.12281
1409,3.5,32.5,9.5,1.12281
1410,3.5,33.5,0.5,1.12281
1411,3.5,33.5,1.5,1.12281
1412,3.5,33.5,2.5,1.12281
1413,3.5,33.5,3.5,1.12281
1414,3.5,33.5,4.5,1.12281
1415,3.5,33.5,5.5,1.12281
1416,3.5,33.5,6.5,1.12281
1417,3.5,33.5,7.5,1.12281
1418,3.5,33.5,8.5,1.12281
1419,3.5,33.5,9.5,1.12281
1420,3.5,34.5,0.5,1.12281
1421,3.5,34.5,1.5,1.12281
1422,3.5,34.5,2.5,1.12281
1423,3.5,34.5,3.5,1.12281
1424,3.5,34.5,4.5,1.12281
1425,3.5,34.5,5.5,1.12281
1426,3.5,34.5,6.5,1.12281
1427,3.5,34.5,7.5,1.12281
1428,3.5,34.5,8.5,1.12281
1429,3.5,34.5,9.5,1.12281
1430,3.5,35.5,0.5,1.12281
1431,3.5,35.5,1.5,1.12281
1432,3.5,35.5,2.5,1.12281
1433,3.5,35.5,3.5,1.12281
1434,3.5,35.5,4.5,1.12281
1435,3.5,35.5,5.5,1.12281
1436,3.5,35.5,6.5,1.12281
1437,3.5,35.5,7.5,1.12281
1438,3.5,35.5,8.5,1.12281
1439,3.5,35.5,9.5,1.12281
1440,4.5,0.5,0.5,1.12281
1441,4.5,0.5,1.5,1.12281
1442,4.5,0.5,2.5,1.12281
1443,4.5,0.5,3.5,1.12281
1444,4.5,0.5,4.5,1.12281
1445,4.5,0.5,5.5,1.12281
1446,4.5,0.5,6.5,1.12281
1447,4.5,0.5,7.5,1.12281
1448,4.5,0.5,8.5,1.12281
1449,4.5,0.5,9.5,1.12281
1450,4.5,1.5,0.5,1.12281
1451,4.5,1.5,1.5,1.12281
1452,4.5,1.5,2.5,1.12281
1453,4.5,1.5,3.5,1.12281
1454,4.5,1.5,4.5,1.12281
1455,4.5,1.5,5.5,1.12281
1456,4.5,1.5,6.5,1.12281
1457,4.5,1.5,7.5,1.12281
1458,4.5,1.5,8.5,1.12281
1459,4.5,1.5,9.5,1.12281
1460,4.5,2.5,0.5,1.12281
1461,4.5,2.5,1.5,1.12281
1462,4.5,2.5,2.5,1.12281
1463,4.5,2.5,3.5,1.12281
1464,4.5,2.5,4.5,1.12281
1465,4.5,2.5,5.5,1.12281
1466,4.5,2.5,6.5,1.12281
1467,4.5,2.5,7.5,1.12281
1468,4.5,2.5,8.5,1.12281
1469,4.5,2.5,9.5,1.12281
1470,4.5,3.5,0.5,1.12281
1471,4.5,3.5,1.5,1.12281
1472,4.5,3.5,2.5,1.12281
1473,4.5,3.5,3.5,1.12281
1474,4.5,3.5,4.5,1.12281
1475,4.5,3.5,5.5,1.12281
1476,4.5,3.5,6.5,1.12281
1477,4.5,3.5,7.5,1.12281
1478,4.5,3.5,8.5,1.12281
1479,4.5,3.5,9.5,1.12281
1480,4.5,4.5,0.5,1.12281
1481,4.5,4.5,1.5,1.12281
1482,4.5,4.5,2.5,1.12281
1483,4.5,4.5,3.5,1.12281
1484,4.5,4.5,4.5,1.12281
1485,4.5,4.5,5.5,1.12281
1486,4.5,4.5,6.5,1.12281
1487,4.5,4.5,7.5,1.12281
1488,4.5,4.5,8.5,1.12281
1489,4.5,4.5,9.5,1.12281
1490,4.5,5.5,0.5,1.12281
1491,4.5,5.5,1.5,1.12281
1492,4.5,5.5,2.5,1.12281
1493,4.5,5.5,3.5,1.12281
1494,4.5,5.5,4.5,1.12281
1495,4.5,5.5,5.5,1.12281
1496,4.5,5.5,6.5,1.12281
1497,4.5,5.5,7.5,1.12281
1498,4.5,5.5,8.5,1.12281
1499,4.5,5.5,9.5,1.12281
1500,4.5,6.5,0.5,1.12281
1501,4.5,6.5,1.5,1.12281
1502,4.5,6.5,2.5,1.12281
1503,4.5,6.5,3.5,1.12281
1504,4.5,6.5,4.5,1.12281
1505,4.5,6.5,5.5,1.12281
1506,4.5,6.5,6.5,1.12281
1507,4.5,6.5,7.5,1.12281
1508,4.5,6.5,8.5,1.12281
1509,4.5,6.5,9.5,1.12281
1510,4.5,7.5,0.5,1.12281
1511,4.5,7.5,1.5,1.12281
1512,4.5,7.5,2.5,1.12281
1513,4.5,7.5,3.5,1.12281
1514,4.5,7.5,4.5,1.12281
1515,4.5,7.5,5.5,1.12281
1516,4.5,7.5,6.5,1.12281
1517,4.5,7.5,7.5,1.12281
1518,4.5,7.5,8.5,1.12281
1519,4.5,7.5,9.5,1.12281
1520,4.5,8.5,0.5,1.12281
1521,4.5,8.5,1.5,1.12281
1522,4.5,8.5,2.5,1.12281
1523,4.5,8.5,3.5,1.12281
1524,4.5,8.5,4.5,1.12281
1525,4.5,8.5,5.5,1.12281
1526,4.5,8.5,6.5,1.12281
1527,4.5,8.5,7.5,1.12281
1528,4.5,8.5,8.5,1.12281
1529,4.5,8.5,9.5,1.12281
1530,4.5,9.5,0.5,1.12281
1531,4.5,9.5,1.5,1.12281
1532,4.5,9.5,2.5,1.12281
1533,4.5,9.5,3.5,1.12281
1534,4.5,9.5,4.5,1.12281
1535,4.5,9.5,5.5,1.12281
1536,4.5,9.5,6.5,1.12281
1537,4.5,9.5,7.5,1.12281
1538,4.5,9.5,8.5,1.12281
1539,4.5,9.5,9.5,1.12281
1540,4.5,10.5,0.5,1.12281
1541,4.5,10.5,1.5,1.12281
1542,4.5,10.5,2.5,1.12281
1543,4.5,10.5,3.5,1.12281
1544,4.5,10.5,4.5,1.12281
1545,4.5,10.5,5.5,1.12281
1546,4.5,10.5,6.5,1.12281
1547,4.5,10.5,7.5,1.12281
1548,4.5,10.5,8.5,1.12281
1549,4.5,10.5,9.5,1.12281
1550,4.5,11.5,0.5,1.12281
1551,4.5,11.5,1.5,1.12281
1552,4.5,11.5,2.5,1.12281
1553,4.5,11.5,3.5,1.12281
1554,4.5,11.5,4.5,1.12281
1555,4.5,11.5,5.5,1.12281
1556,4.5,11.5,6.5,1.12281
1557,4.5,11.5,7.5,1.12281
1558,4.5,11.5,8.5,1.12281
1559,4.5,11.5,9.5,1.12281
1560,4.5,12.5,0.5,1.12281
1561,4.5,12.5,1.5,1.12281
1562,4.5,12.5,2.5,1.12281
1563,4.5,12.5,3.5,1.12281
1564,4.5,12.5,4.5,1.12281
1565,4.5,12.5,5.5,1.12281
1566,4.5,12.5,6.5,1.12281
1567,4.5,12.5,7.5,1.12281
1568,4.5,12.5,8.5,1.12281
1569,4.5,12.5,9.5,1.12281
1570,4.5,13.5,0.5,1.12281
1571,4.5,13.5,1.5,1.12281
1572,4.5,13.5,2.5,1.12281
1573,4.5,13.5,3.5,1.12281
1574,4.5,13.5,4.5,1.12281
1575,4.5,13.5,5.5,1.12281
1576,4.5,13.5,6.5,1.12281
1577,4.5,13.5,7.5,1.12281
1578,4.5,13.5,8.5,1.12281
1579,4.5,13.5,9.5,1.12281
1580,4.5,14.5,0.5,1.12281
1581,4.5,14.5,1.5,1.12281
1582,4.5,14.5,2.5,1.12281
1583,4.5,14.5,3.5,1.12281
1584,4.5,14.5,4.5,1.12281
1585,4.5,14.5,5.5,1.12281
1586,4.5,14.5,6.5,1.12281
1587,4.5,14.5,7.5,1.12281
1588,4.5,14.5,8.5,1.12281
1589,4.5,14.5,9.5,1.12281
1590,4.5,15.5,0.5,1.12281
1591,4.5,15.5,1.5,1.12281
1592,4.5,15.5,2.5,1.12281
1593,4.5,15.5,3.5,1.12281
1594,4.5,15.5,4.5,1.12281
1595,4.5,15.5,5.5,1.12281
1596,4.5,15.5,6.5,1.12281
1597,4.5,15.5,7.5,1.12281
1598,4.5,15.5,8.5,1.12281
1599,4.5,15.5,9.5,1.12281
1600,4.5,16.5,0.5,1.12281
1601,4.5,16.5,1.5,1.12281
1602,4.5,16.5,2.5,1.12281
1603,4.5,16.5,3.5,1.12281
1604,4.5,16.5,4.5,1.12281
1605,4.5,16.5,5.5,1.12281
1606,4.5,16.5,6.5,1.12281
1607,4.5,16.5,7.5,1.12281
1608,4.5,16.5,8.5,1.12281
1609,4.5,16.5,9.5,1.12281
1610,4.5,17.5,0.5,1.12281
1611,4.5,17.5,1.5,1.12281
1612,4.5,17.5,2.5,1.12281
1613,4.5,17.5,3.5,1.12281
1614,4.5,17.5,4.5,1.12281
1615,4.5,17.5,5.5,1.12281
1616,4.5,17.5,6.5,1.12281
1617,4.5,17.5,7.5,1.12281
1618,4.5,17.5,8.5,1.12281
1619,4.5,17.5,9.5,1.12281
1620,4.5,18.5,0.5,1.12281
1621,4.5,18.5,1.5,1.12281
1622,4.5,18.5,2.5,1.12281
1623,4.5,18.5,3.5,1.12281
1624,4.5,18.5,4.5,1.12281
1625,4.5,18.5,5.5,1.12281
1626,4.5,18.5,6.5,1.12281
1627,4.5,18.5,7.5,1.12281
1628,4.5,18.5,8.5,1.12281
1629,4.5,18.5,9.5,1.12281
1630,4.5,19.5,0.5,1.12281
1631,4.5,19.5,1.5,1.12281
1632,4.5,19.5,2.5,1.12281
1633,4.5,19.5,3.5,1.12281
1634,4.5,19.5,4.5,1.12281
1635,4.5,19.5,5.5,1.12281
1636,4.5,19.5,6.5,1.12281
1637,4.5,19.5,7.5,1.12281
1638,4.5,19.5,8.5,1.12281
1639,4.5,19.5,9.5,1.12281
1640,4.5,20.5,0.5,1.12281
1641,4.5,20.5,1.5,1.12281
1642,4.5,20.5,2.5,1.12281
1643,4.5,20.5,3.5,1.12281
1644,4.5,20.5,4.5,1.12281
1645,4.5,20.5,5.5,1.12281
1646,4.5,20.5,6.5,1.12281
1647,4.5,20.5,7.5,1.12281
1648,4.5,20.5,8.5,1.12281
1649,4.5,20.5,9.5,1.12281
1650,4.5,21.5,0.5,1.12281
1651,4.5,21.5,1.5,1.12281
1652,4.5,21.5,2.5,1.12281
1653,4.5,21.5,3.5,1.12281
1654,4.5,21.5,4.5,1.12281
1655,4.5,21.5,5.5,1.12281
1656,4.5,21.5,6.5,1.12281
1657,4.5,21.5,7.5,1.12281
1658,4.5,21.5,8.5,1.12281
1659,4.5,21.5,9.5,1.12281
1660,4.5,22.5,0.5,1.12281
1661,4.5,22.5,1.5,1.12281
1662,4.5,22.5,2.5,1.12281
1663,4.5,22.5,3.5,1.12281
1664,4.5,22.5,4.5,1.12281
1665,4.5,22.5,5.5,1.12281
1666,4.5,22.5,6.5,1.12281
1667,4.5,22.5,7.5,1.12281
1668,4.5,22.5,8.5,1.12281
1669,4.5,22.5,9.5,1.12281
1670,4.5,23.5,0.5,1.12281
1671,4.5,23.5,1.5,1.12281
1672,4.5,23.5,2.5,1.12281
1673,4.5,23.5,3.5,1.12281
1674,4.5,23.5,4.5,1.12281
1675,4.5,23.5,5.5,1.12281
1676,4.5,23.5,6.5,1.12281
1677,4.5,23.5,7.5,1.12281
1678,4.5,23.5,8.5,1.12281
1679,4.5,23.5,9.5,1.12281
1680,4.5,24.5,0.5,1.12281
1681,4.5,24.5,1.5,1.12281
1682,4.5,24.5,2.5,1.12281
1683,4.5,24.5,3.5,1.12281
1684,4.5,24.5,4.5,1.12281
1685,4.5,24.5,5.5,1.12281
1686,4.5,24.5,6.5,1.12281
1687,4.5,24.5,7.5,1.12281
1688,4.5,24.5,8.5,1.12281
1689,4.5,24.5,9.5,1.12281
1690,4.5,25.5,0.5,1.12281
1691,4.5,25.5,1.5,1.12281
1692,4.5,25.5,2.5,1.12281
1693,4.5,25.5,3.5,1.12281
1694,4.5,25.5,4.5,1.12281
1695,4.5,25.5,5.5,1.12281
1696,4.5,25.5,6.5,1.12281
1697,4.5,25.5,7.5,1.12281
1698,4.5,25.5,8.5,1.12281
1699,4.5,25.5,9.5,1.12281
1700,4.5,26.5,0.5,1.12281
1701,4.5,26.5,1.5,1.12281
1702,4.5,26.5,2.5,1.12281
1703,4.5,26.5,3.5,1.12281
1704,4.5,26.5,4.5,1.12281
1705,4.5,26.5,5.5,1.12281
1706,4.5,26.5,6.5,1.12281
1707,4.5,26.5,7.5,1.12281
1708,4.5,26.5,8.5,1.12281
1709,4.5,26.5,9.5,1.12281
1710,4.5,27.5,0.5,1.12281
1711,4.5,27.5,1.5,1.12281
1712,4.5,27.5,2.5,1.12281
1713,4.5,27.5,3.5,1.12281
1714,4.5,27.5,4.5,1.12281
1715,4.5,27.5,5.5,1.12281
1716,4.5,27.5,6.5,1.12281
1717,4.5,27.5,7.5,1.12281
1718,4.5,27.5,8.5,1.12281
1719,4.5,27.5,9.5,1.12281
1720,4.5,28.5,0.5,1.12281
1721,4.5,28.5,1.5,1.12281
1722,4.5,28.5,2.5,1.12281
1723,4.5,28.5,3.5,1.12281
1724,4.5,28.5,4.5,1.12281
1725,4.5,28.5,5.5,1.12281
1726,4.5,28.5,6.5,1.12281
1727,4.5,28.5,7.5,1.12281
1728,4.5,28.5,8.5,1.12281
1729,4.5,28.5,9.5,1.12281
1730,4.5,29.5,0.5,1.12281
1731,4.5,29.5,1.5,1.12281
1732,4.5,29.5,2.5,1.12281
1733,4.5,29.5,3.5,1.12281
1734,4.5,29.5,4.5,1.12281
1735,4.5,29.5,5.5,1.12281
1736,4.5,29.5,6.5,1.12281
1737,4.5,29.5,7.5,1.12281
1738,4.5,29.5,8.5,1.12281
1739,4.5,29.5,9.5,1.12281
1740,4.5,30.5,0.5,1.12281
1741,4.5,30.5,1.5,1.12281
1742,4.5,30.5,2.5,1.12281
1743,4.5,30.5,3.5,1.12281
1744,4.5,30.5,4.5,1.12281
1745,4.5,30.5,5.5,1.12281
1746,4.5,30.5,6.5,1.12281
1747,4.5,30.5,7.5,1.12281
1748,4.5,30.5,8.5,1.12281
1749,4.5,30.5,9.5,1.12281
1750,4.5,31.5,0.5,1.12281
1751,4.5,31.5,1.5,1.12281
1752,4.5,31.5,2.5,1.12281
1753,4.5,31.5,3.5,1.12281
1754,4.5,31.5,4.5,1.12281
1755,4.5,31.5,5.5,1.12281
1756,4.5,31.5,6.5,1.12281
1757,4.5,31.5,7.5,1.12281
1758,4.5,31.5,8.5,1.12281
1759,4.5,31.5,9.5,1.12281
1760,4.5,32.5,0.5,1.12281
1761,4.5,32.5,1.5,1.12281
1762,4.5,32.5,2.5,1.12281
1763,4.5,32.5,3.5,1.12281
1764,4.5,32.5,4.5,1.12281
1765,4.5,32.5,5.5,1.12281
1766,4.5,32.5,6.5,1.12281
1767,4.5,32.5,7.5,1.12281
1768,4.5,32.5,8.5,1.12281
1769,4.5,32.5,9.5,1.12281
1770,4.5,33.5,0.5,1.12281
1771,4.5,33.5,1.5,1.12281
1772,4.5,33.5,2.5,1.12281
1773,4.5,33.5,3.5,1.12281
1774,4.5,33.5,4.5,1.12281
1775,4.5,33.5,5.5,1.12281
1776,4.5,33.5,6.5,1.12281
1777,4.5,33.5,7.5,1.12281
1778,4.5,33.5,8.5,1.12281
1779,4.5,33.5,9.5,1.12281
1780,4.5,34.5,0.5,1.12281
1781,4.5,34.5,1.5,1.12281
1782,4.5,34.5,2.5,1.12281
1783,4.5,34.5,3.5,1.12281
1784,4.5,34.5,4.5,1.12281
1785,4.5,34.5,5.5,1.12281
1786,4.5,34.5,6.5,1.12281
1787,4.5,34.5,7.5,1.12281
1788,4.5,34.5,8.5,1.12281
1789,4.5,34.5,9.5,1.12281
1790,4.5,35.5,0.5,1.12281
1791,4.5,35.5,1.5,1.12281
1792,4.5,35.5,2.5,1.12281
1793,4.5,35.5,3.5,1.12281
1794,4.5,35.5,4.5,1.12281
1795,4.5,35.5,5.5,1.12281
1796,4.5,35.5,6.5,1.12281
1797,4.5,35.5,7.5,1.12281
1798,4.5,35.5,8.5,1.12281
1799,4.5,35.5,9.5,1.12281
1800,5.5,0.5,0.5,1.12281
1801,5.5,0.5,1.5,1.12281
1802,5.5,0.5,2.5,1.12281
1803,5.5,0.5,3.5,1.12281
1804,5.5,0.5,4.5,1.12281
1805,5.5,0.5,5.5,1.12281
1806,5.5,0.5,6.5,1.12281
1807,5.5,0.5,7.5,1.12281
1808,5.5,0.5,8.5,1.12281
1809,5.5,0.5,9.5,1.12281
1810,5.5,1.5,0.5,1.12281
1811,5.5,1.5,1.5,1.12281
1812,5.5,1.5,2.5,1.12281
1813,5.5,1.5,3.5,1.12281
1814,5.5,1.5,4.5,1.12281
1815,5.5,1.5,5.5,1.12281
1816,5.5,1.5,6.5,1.12281
1817,5.5,1.5,7.5,1.12281
1818,5.5,1.5,8.5,1.12281
1819,5.5,1.5,9.5,1.12281
1820,5.5,2.5,0.5,1.12281
1821,5.5,2.5,1.5,1.12281
1822,5.5,2.5,2.5,1.12281
1823,5.5,2.5,3.5,1.12281
1824,5.5,2.5,4.5,1.12281
1825,5.5,2.5,5.5,1.12281
1826,5.5,2.5,6.5,1.12281
1827,5.5,2.5,7.5,1.12281
1828,5.5,2.5,8.5,1.12281
1829,5.5,2.5,9.5,1.12281
1830,5.5,3.5,0.5,1.12281
1831,5.5,3.5,1.5,1.12281
1832,5.5,3.5,2.5,1.12281
1833,5.5,3.5,3.5,1.12281
1834,5.5,3.5,4.5,1.12281
1835,5.5,3.5,5.5,1.12281
1836,5.5,3.5,6.5,1.12281
1837,5.5,3.5,7.5,1.12281
1838,5.5,3.5,8.5,1.12281
1839,5.5,3.5,9.5,1.12281
1840,5.5,4.5,0.5,1.12281
1841,5.5,4.5,1.5,1.12281
1842,5.5,4.5,2.5,1.12281
1843,5.5,4.5,3.5,1.12281
1844,5.5,4.5,4.5,1.12281
1845,5.5,4.5,5.5,1.12281
1846,5.5,4.5,6.5,1.12281
1847,5.5,4.5,7.5,1.12281
1848,5.5,4.5,8.5,1.12281
1849,5.5,4.5,9.5,1.12281
1850,5.5,5.5,0.5,1.12281
1851,5.5,5.5,1.5,1.12281
1852,5.5,5.5,2.5,1.12281
1853,5.5,5.5,3.5,1.12281
1854,5.5,5.5,4.5,1.12281
1855,5.5,5.5,5.5,1.12281
1856,5.5,5.5,6.5,1.12281
1857,5.5,5.5,7.5,1.12281
1858,5.5,5.5,8.5,1.12281
1859,5.5,5.5,9.5,1.12281
1860,5.5,6.5,0.5,1.12281
1861,5.5,6.5,1.5,1.12281
1862,5.5,6.5,2.5,1.12281
1863,5.5,6.5,3.5,1.12281
1864,5.5,6.5,4.5,1.12281
1865,5.5,6.5,5.5,1.12281
1866,5.5,6.5,6.5,1.12281
1867,5.5,6.5,7.5,1.12281
1868,5.5,6.5,8.5,1.12281
1869,5.5,6.5,9.5,1.12281
1870,5.5,7.5,0.5,1.12281
1871,5.5,7.5,1.5,1.12281
1872,5.5,7.5,2.5,1.12281
1873,5.5,7.5,3.5,1.12281
1874,5.5,7.5,4.5,1.12281
1875,5.5,7.5,5.5,1.12281
1876,5.5,7.5,6.5,1.12281
1877,5.5,7.5,7.5,1.12281
1878,5.5,7.5,8.5,1.12281
1879,5.5,7.5,9.5,1.12281
1880,5.5,8.5,0.5,1.12281
1881,5.5,8.5,1.5,1.12281
1882,5.5,8.5,2.5,1.12281
1883,5.5,8.5,3.5,1.12281
1884,5.5,8.5,4.5,1.12281
1885,5.5,8.5,5.5,1.12281
1886,5.5,8.5,6.5,1.12281
1887,5.5,8.5,7.5,1.12281
1888,5.5,8.5,8.5,1.12281
1889,5.5,8.5,9.5,1.12281
1890,5.5,9.5,0.5,1.12281
1891,5.5,9.5,1.5,1.12281
1892,5.5,9.5,2.5,1.12281
1893,5.5,9.5,3.5,1.12281
1894,5.5,9.5,4.5,1.12281
1895,5.5,9.5,5.5,1.12281
1896,5.5,9.5,6.5,1.12281
1897,5.5,9.5,7.5,1.12281
1898,5.5,9.5,8.5,1.12281
1899,5.5,9.5,9.5,1.12281
1900,5.5,10.5,0.5,1.12281
1901,5.5,10.5,1.5,1.12281
1902,5.5,10.5,2.5,1.12281
1903,5.5,10.5,3.5,1.12281
1904,5.5,10.5,4.5,1.12281
1905,5.5,10.5,5.5,1.12281
1906,5.5,10.5,6.5,1.12281
1907,5.5,10.5,7.5,1.12281
1908,5.5,10.5,8.5,1.12281
1909,5.5,10.5,9.5,1.12281
1910,5.5,11.5,0.5,1.12281
1911,5.5,11.5,1.5,1.12281
1912,5.5,11.5,2.5,1.12281
1913,5.5,11.5,3.5,1.12281
1914,5.5,11.5,4.5,1.12281
1915,5.5,11.5,5.5,1.12281
1916,5.5,11.5,6.5,1.12281
1917,5.5,11.5,7.5,1.12281
1918,5.5,11.5,8.5,1.12281
1919,5.5,11.5,9.5,1.12281
1920,5.5,12.5,0.5,1.12281
1921,5.5,12.5,1.5,1.12281
1922,5.5,12.5,2.5,1.12281
1923,5.5,12.5,3.5,1.12281
1924,5.5,12.5,4.5,1.12281
1925,5.5,12.5,5.5,1.12281
1926,5.5,12.5,6.5,1.12281
1927,5.5,12.5,7.5,1.12281
1928,5.5,12.5,8.5,1.12281
1929,5.5,12.5,9.5,1.12281
1930,5.5,13.5,0.5,1.12281
1931,5.5,13.5,1.5,1.12281
1932,5.5,13.5,2.5,1.12281
1933,5.5,13.5,3.5,1.12281
1934,5.5,13.5,4.5,1.12281
1935,5.5,13.5,5.5,1.12281
1936,5.5,13.5,6.5,1.12281
1937,5.5,13.5,7.5,1.12281
1938,5.5,13.5,8.5,1.12281
1939,5.5,13.5,9.5,1.12281
1940,5.5,14.5,0.5,1.12281
1941,5.5,14.5,1.5,1.12281
1942,5.5,14.5,2.5,1.12281
1943,5.5,14.5,3.5,1.12281
1944,5.5,14.5,4.5,1.12281
1945,5.5,14.5,5.5,1.12281
1946,5.5,14.5,6.5,1.12281
1947,5.5,14.5,7.5,1.12281
1948,5.5,14.5,8.5,1.12281
1949,5.5,14.5,9.5,1.12281
1950,5.5,15.5,0.5,1.12281
1951,5.5,15.5,1.5,1.12281
1952,5.5,15.5,2.5,1.12281
1953,5.5,15.5,3.5,1.12281
1954,5.5,15.5,4.5,1.12281
1955,5.5,15.5,5.5,1.12281
1956,5.5,15.5,6.5,1.12281
1957,5.5,15.5,7.5,1.12281
1958,5.5,15.5,8.5,1.12281
1959,5.5,15.5,9.5,1.12281
1960,5.5,16.5,0.5,1.12281
1961,5.5,16.5,1.5,1.12281
1962,5.5,16.5,2.5,1.12281
1963,5.5,16.5,3.5,1.12281
1964,5.5,16.5,4.5,1.12281
1965,5.5,16.5,5.5,1.12281
1966,5.5,16.5,6.5,1.12281
1967,5.5,16.5,7.5,1.12281
1968,5.5,16.5,8.5,1.12281
1969,5.5,16.5,9.5,1.12281
1970,5.5,17.5,0.5,1.12281
1971,5.5,17.5,1.5,1.12281
1972,5.5,17.5,2.5,1.12281
1973,5.5,17.5,3.5,1.12281
1974,5.5,17.5,4.5,1.12281
1975,5.5,17.5,5.5,1.12281
1976,5.5,17.5,6.5,1.12281
1977,5.5,17.5,7.5,1.12281
1978,5.5,17.5,8.5,1.12281
1979,5.5,17.5,9.5,1.12281
1980,5.5,18.5,0.5,1.12281
1981,5.5,18.5,1.5,1.12281
1982,5.5,18.5,2.5,1.12281
1983,5.5,18.5,3.5,1.12281
1984,5.5,18.5,4.5,1.12281
1985,5.5,18.5,5.5,1.12281
1986,5.5,18.5,6.5,1.12281
1987,5.5,18.5,7.5,1.12281
1988,5.5,18.5,8.5,1.12281
1989,5.5,18.5,9.5,1.12281
1990,5.5,19.5,0.5,1.12281
1991,5.5,19.5,1.5,1.12281
1992,5.5,19.5,2.5,1.12281
1993,5.5,19.5,3.5,1.12281
1994,5.5,19.5,4.5,1.12281
1995,5.5,19.5,5.5,1.12281
1996,5.5,19.5,6.5,1.12281
1997,5.5,19.5,7.5,1.12281
1998,5.5,19.5,8.5,1.12281
1999,5.5,19.5,9.5,1.12281
2000,5.5,20.5,0.5,1.12281
2001,5.5,20.5,1.5,1.12281
2002,5.5,20.5,2.5,1.12281
2003,5.5,20.5,3.5,1.12281
2004,5.5,20.5,4.5,1.12281
2005,5.5,20.5,5.5,1.12281
2006,5.5,20.5,6.5,1.12281
2007,5.5,20.5,7.5,1.12281
2008,5.5,20.5,8.5,1.12281
2009,5.5,20.5,9.5,1.12281
2010,5.5,21.5,0.5,1.12281
2011,5.5,21.5,1.5,1.12281
2012,5.5,21.5,2.5,1.12281
2013,5.5,21.5,3.5,1.12281
2014,5.5,21.5,4.5,1.12281
2015,5.5,21.5,5.5,1.12281
2016,5.5,21.5,6.5,1.12281
2017,5.5,21.5,7.5,1.12281
2018,5.5,21.5,8.5,1.12281
2019,5.5,21.5,9.5,1.12281
2020,5.5,22.5,0.5,1.12281
2021,5.5,22.5,1.5,1.12281
2022,5.5,22.5,2.5,1.12281
2023,5.5,22.5,3.5,1.12281
2024,5.5,22.5,4.5,1.12281
2025,5.5,22.5,5.5,1.12281
2026,5.5,22.5,6.5,1.12281
2027,5.5,22.5,7.5,1.12281
2028,5.5,22.5,8.5,1.12281
2029,5.5,22.5,9.5,1.12281
2030,5.5,23.5,0.5,1.12281
2031,5.5,23.5,1.5,1.12281
2032,5.5,23.5,2.5,1.12281
2033,5.5,23.5,3.5,1.12281
2034,5.5,23.5,4.5,1.12281
2035,5.5,23.5,5.5,1.12281
2036,5.5,23.5,6.5,1.12281
2037,5.5,23.5,7.5,1.12281
2038,5.5,23.5,8.5,1.12281
2039,5.5,23.5,9.5,1.12281
2040,5.5,24.5,0.5,1.12281
2041,5.5,24.5,1.5,1.12281
2042,5.5,24.5,2.5,1.12281
2043,5.5,24.5,3.5,1.12281
2044,5.5,24.5,4.5,1.12281
2045,5.5,24.5,5.5,1.12281
2046,5.5,24.5,6.5,1.12281
2047,5.5,24.5,7.5,1.12281
2048,5.5,24.5,8.5,1.12281
2049,5.5,24.5,9.5,1.12281
2050,5.5,25.5,0.5,1.12281
2051,5.5,25.5,1.5,1.12281
2052,5.5,25.5,2.5,1.12281
2053,5.5,25.5,3.5,1.12281
2054,5.5,25.5,4.5,1.12281
2055,5.5,25.5,5.5,1.12281
2056,5.5,25.5,6.5,1.12281
2057,5.5,25.5,7.5,1.12281
2058,5.5,25.5,8.5,1.12281
2059,5.5,25.5,9.5,1.12281
2060,5.5,26.5,0.5,1.12281
2061,5.5,26.5,1.5,1.12281
2062,5.5,26.5,2.5,1.12281
2063,5.5,26.5,3.5,1.12281
2064,5.5,26.5,4.5,1.12281
2065,5.5,26.5,5.5,1.12281
2066,5.5,26.5,6.5,1.12281
2067,5.5,26.5,7.5,1.12281
2068,5.5,26.5,8.5,1.12281
2069,5.5,26.5,9.5,1.12281
2070,5.5,27.5,0.5,1.12281
2071,5.5,27.5,1.5,1.12281
2072,5.5,27.5,2.5,1.12281
2073,5.5,27.5,3.5,1.12281
2074,5.5,27.5,4.5,1.12281
2075,5.5,27.5,5.5,1.12281
2076,5.5,27.5,6.5,1.12281
2077,5.5,27.5,7.5,1.12281
2078,5.5,27.5,8.5,1.12281
2079,5.5,27.5,9.5,1.12281
2080,5.5,28.5,0.5,1.12281
2081,5.5,28.5,1.5,1.12281
2082,5.5,28.5,2.5,1.12281
2083,5.5,28.5,3.5,1.12281
2084,5.5,28.5,4.5,1.12281
2085,5.5,28.5,5.5,1.12281
2086,5.5,28.5,6.5,1.12281
2087,5.5,28.5,7.5,1.12281
2088,5.5,28.5,8.5,1.12281
2089,5.5,28.5,9.5,1.12281
2090,5.5,29.5,0.5,1.12281
2091,5.5,29.5,1.5,1.12281
2092,5.5,29.5,2.5,1.12281
2093,5.5,29.5,3.5,1.12281
2094,5.5,29.5,4.5,1.12281
2095,5.5,29.5,5.5,1.12281
2096,5.5,29.5,6.5,1.12281
2097,5.5,29.5,7.5,1.12281
2098,5.5,29.5,8.5,1.12281
2099,5.5,29.5,9.5,1.12281
2100,5.5,30.5,0.5,1.12281
2101,5.5,30.5,1.5,1.12281
2102,5.5,30.5,2.5,1.12281
2103,5.5,30.5,3.5,1.12281
2104,5.5,30.5,4.5,1.12281
2105,5.5,30.5,5.5,1.12281
2106,5.5,30.5,6.5,1.12281
2107,5.5,30.5,7.5,1.12281
2108,5.5,30.5,8.5,1.12281
2109,5.5,30.5,9.5,1.12281
2110,5.5,31.5,0.5,1.12281
2111,5.5,31.5,1.5,1.12281
2112,5.5,31.5,2.5,1.12281
2113,5.5,31.5,3.5,1.12281
2114,5.5,31.5,4.5,1.12281
2115,5.5,31.5,5.5,1.12281
2116,5.5,31.5,6.5,1.12281
2117,5.5,31.5,7.5,1.12281
2118,5.5,31.5,8.5,1.12281
2119,5.5,31.5,9.5,1.12281
2120,5.5,32.5,0.5,1.12281
2121,5.5,32.5,1.5,1.12281
2122,5.5,32.5,2.5,1.12281
2123,5.5,32.5,3.5,1.12281
2124,5.5,32.5,4.5,1.12281
2125,5.5,32.5,5.5,1.12281
2126,5.5,32.5,6.5,1.12281
2127,5.5,32.5,7.5,1.12281
2128,5.5,32.5,8.5,1.12281
2129,5.5,32.5,9.5,1.12281
2130,5.5,33.5,0.5,1.12281
2131,5.5,33.5,1.5,1.12281
2132,5.5,33.5,2.5,1.12281
2133,5.5,33.5,3.5,1.12281
2134,5.5,33.5,4.5,1.12281
2135,5.5,33.5,5.5,1.12281
2136,5.5,33.5,6.5,1.12281
2137,5.5,33.5,7.5,1.12281
2138,5.5,33.5,8.5,1.12281
2139,5.5,33.5,9.5,1.12281
2140,5.5,34.5,0.5,1.12281
2141,5.5,34.5,1.5,1.12281
2142,5.5,34.5,2.5,1.12281
2143,5.5,34.5,3.5,1.12281
2144,5.5,34.5,4.5,1.12281
2145,5.5,34.5,5.5,1.12281
2146,5.5,34.5,6.5,1.12281
2147,5.5,34.5,7.5,1.12281
2148,5.5,34.5,8.5,1.12281
2149,5.5,34.5,9.5,1.12281
2150,5.5,35.5,0.5,1.12281
2151,5.5,35.5,1.5,1.12281
2152,5.5,35.5,2.5,1.12281
2153,5.5,35.5,3.5,1.12281
2154,5.5,35.5,4.5,1.12281
2155,5.5,35.5,5.5,1.12281
2156,5.5,35.5,6.5,1.12281
2157,5.5,35.5,7.5,1.12281
2158,5.5,35.5,8.5,1.12281
2159,5.5,35.5,9.5,1.12281
2160,6.5,0.5,0.5,1.12281
2161,6.5,0.5,1.5,1.12281
2162,6.5,0.5,2.5,1.12281
2163,6.5,0.5,3.5,1.12281
2164,6.5,0.5,4.5,1.12281
2165,6.5,0.5,5.5,1.12281
2166,6.5,0.5,6.5,1.12281
2167,6.5,0.5,7.5,1.12281
2168,6.5,0.5,8.5,1.12281
2169,6.5,0.5,9.5,1.12281
2170,6.5,1.5,0.5,1.12281
2171,6.5,1.5,1.5,1.12281
2172,6.5,1.5,2.5,1.12281
2173,6.5,1.5,3.5,1.12281
2174,6.5,1.5,4.5,1.12281
2175,6.5,1.5,5.5,1.12281
2176,6.5,1.5,6.5,1.12281
2177,6.5,1.5,7.5,1.12281
2178,6.5,1.5,8.5,1.12281
2179,6.5,1.5,9.5,1.12281
2180,6.5,2.5,0.5,1.12281
2181,6.5,2.5,1.5,1.12281
2182,6.5,2.5,2.5,1.12281
2183,6.5,2.5,3.5,1.12281
2184,6.5,2.5,4.5,1.12281
2185,6.5,2.5,5.5,1.12281
2186,6.5,2.5,6.5,1.12281
2187,6.5,2.5,7.5,1.12281
2188,6.5,2.5,8.5,1.12281
2189,6.5,2.5,9.5,1.12281
2190,6.5,3.5,0.5,1.12281
2191,6.5,3.5,1.5,1.12281
2192,6.5,3.5,2.5,1.12281
2193,6.5,3.5,3.5,1.12281
2194,6.5,3.5,4.5,1.12281
2195,6.5,3.5,5.5,1.12281
2196,6.5,3.5,6.5,1.12281
2197,6.5,3.5,7.5,1.12281
2198,6.5,3.5,8.5,1.12281
2199,6.5,3.5,9.5,1.12281
2200,6.5,4.5,0.5,1.12281
2201,6.5,4.5,1.5,1.12281
2202,6.5,4.5,2.5,1.12281
2203,6.5,4.5,3.5,1.12281
2204,6.5,4.5,4.5,1.12281
2205,6.5,4.5,5.5,1.12281
2206,6.5,4.5,6.5,1.12281
2207,6.5,4.5,7.5,1.12281
2208,6.5,4.5,8.5,1.12281
2209,6.5,4.5,9.5,1.12281
2210,6.5,5.5,0.5,1.12281
2211,6.5,5.5,1.5,1.12281
2212,6.5,5.5,2.5,1.12281
2213,6.5,5.5,3.5,1.12281
2214,6.5,5.5,4.5,1.12281
2215,6.5,5.5,5.5,1.12281
2216,6.5,5.5,6.5,1.12281
2217,6.5,5.5,7.5,1.12281
2218,6.5,5.5,8.5,1.12281
2219,6.5,5.5,9.5,1.12281
2220,6.5,6.5,0.5,1.12281
2221,6.5,6.5,1.5,1.12281
2222,6.5,6.5,2.5,1.12281
2223,6.5,6.5,3.5,1.12281
2224,6.5,6.5,4.5,1.12281
2225,6.5,6.5,5.5,1.12281
2226,6.5,6.5,6.5,1.12281
2227,6.5,6.5,7.5,1.12281
2228,6.5,6.5,8.5,1.12281
2229,6.5,6.5,9.5,1.12281
2230,6.5,7.5,0.5,1.12281
2231,6.5,7.5,1.5,1.12281
2232,6.5,7.5,2.5,1.12281
2233,6.5,7.5,3.5,1.12281
2234,6.5,7.5,4.5,1.12281
2235,6.5,7.5,5.5,1.12281
2236,6.5,7.5,6.5,1.12281
2237,6.5,7.5,7.5,1.12281
2238,6.5,7.5,8.5,1.12281
2239,6.5,7.5,9.5,1.12281
2240,6.5,8.5,0.5,1.12281
2241,6.5,8.5,1.5,1.12281
2242,6.5,8.5,2.5,1.12281
2243,6.5,8.5,3.5,1.12281
2244,6.5,8.5,4.5,1.12281
2245,6.5,8.5,5.5,1.12281
2246,6.5,8.5,6.5,1.12281
2247,6.5,8.5,7.5,1.12281
2248,6.5,8.5,8.5,1.12281
2249,6.5,8.5,9.5,1.12281
2250,6.5,9.5,0.5,1.12281
2251,6.5,9.5,1.5,1.12281
2252,6.5,9.5,2.5,1.12281
2253,6.5,9.5,3.5,1.12281
2254,6.5,9.5,4.5,1.12281
2255,6.5,9.5,5.5,1.12281
2256,6.5,9.5,6.5,1.12281
2257,6.5,9.5,7.5,1.12281
2258,6.5,9.5,8.5,1.12281
2259,6.5,9.5,9.5,1.12281
2260,6.5,10.5,0.5,1.12281
2261,6.5,10.5,1.5,1.12281
2262,6.5,10.5,2.5,1.12281
2263,6.5,10.5,3.5,1.12281
2264,6.5,10.5,4.5,1.12281
2265,6.5,10.5,5.5,1.12281
2266,6.5,10.5,6.5,1.12281
2267,6.5,10.5,7.5,1.12281
2268,6.5,10.5,8.5,1.12281
2269,6.5,10.5,9.5,1.12281
2270,6.5,11.5,0.5,1.12281
2271,6.5,11.5,1.5,1.12281
2272,6.5,11.5,2.5,1.12281
2273,6.5,11.5,3.5,1.12281
2274,6.5,11.5,4.5,1.12281
2275,6.5,11.5,5.5,1.12281
2276,6.5,11.5,6.5,1.12281
2277,6.5,11.5,7.5,1.12281
2278,6.5,11.5,8.5,1.12281
2279,6.5,11.5,9.5,1.12281
2280,6.5,12.5,0.5,1.12281
2281,6.5,12.5,1.5,1.12281
2282,6.5,12.5,2.5,1.12281
2283,6.5,12.5,3.5,1.12281
2284,6.5,12.5,4.5,1.12281
2285,6.5,12.5,5.5,1.12281
2286,6.5,12.5,6.5,1.12281
2287,6.5,12.5,7.5,1.12281
2288,6.5,12.5,8.5,1.12281
2289,6.5,12.5,9.5,1.12281
2290,6.5,13.5,0.5,1.12281
2291,6.5,13.5,1.5,1.12281
2292,6.5,13.5,2.5,1.12281
2293,6.5,13.5,3.5,1.12281
2294,6.5,13.5,4.5,1.12281
2295,6.5,13.5,5.5,1.12281
2296,6.5,13.5,6.5,1.12281
2297,6.5,13.5,7.5,1.12281
2298,6.5,13.5,8.5,1.12281
2299,6.5,13.5,9.5,1.12281
2300,6.5,14.5,0.5,1.12281
2301,6.5,14.5,1.5,1.12281
2302,6.5,14.5,2.5,1.12281
2303,6.5,14.5,3.5,1.12281
2304,6.5,14.5,4.5,1.12281
2305,6.5,14.5,5.5,1.12281
2306,6.5,14.5,6.5,1.12281
2307,6.5,14.5,7.5,1.12281
2308,6.5,14.5,8.5,1.12281
2309,6.5,14.5,9.5,1.12281
2310,6.5,15.5,0.5,1.12281
2311,6.5,15.5,1.5,1.12281
2312,6.5,15.5,2.5,1.12281
2313,6.5,15.5,3.5,1.12281
2314,6.5,15.5,4.5,1.12281
2315,6.5,15.5,5.5,1.12281
2316,6.5,15.5,6.5,1.12281
2317,6.5,15.5,7.5,1.12281
2318,6.5,15.5,8.5,1.12281
2319,6.5,15.5,9.5,1.12281
2320,6.5,16.5,0.5,1.12281
2321,6.5,16.5,1.5,1.12281
2322,6.5,16.5,2.5,1.12281
2323,6.5,16.5,3.5,1.12281
2324,6.5,16.5,4.5,1.12281
2325,6.5,16.5,5.5,1.12281
2326,6.5,16.5,6.5,1.12281
2327,6.5,16.5,7.5,1.12281
2328,6.5,16.5,8.5,1.12281
2329,6.5,16.5,9.5,1.12281
2330,6.5,17.5,0.5,1.12281
2331,6.5,17.5,1.5,1.12281
2332,6.5,17.5,2.5,1.12281
2333,6.5,17.5,3.5,1.12281
2334,6.5,17.5,4.5,1.12281
2335,6.5,17.5,5.5,1.12281
2336,6.5,17.5,6.5,1.12281
2337,6.5,17.5,7.5,1.12281
2338,6.5,17.5,8.5,1.12281
2339,6.5,17.5,9.5,1.12281
2340,6.5,18.5,0.5,1.12281
2341,6.5,18.5,1.5,1.12281
2342,6.5,18.5,2.5,1.12281
2343,6.5,18.5,3.5,1.12281
2344,6.5,18.5,4.5,1.12281
2345,6.5,18.5,5.5,1.12281
2346,6.5,18.5,6.5,1.12281
2347,6.5,18.5,7.5,1.12281
2348,6.5,18.5,8.5,1.12281
2349,6.5,18.5,9.5,1.12281
2350,6.5,19.5,0.5,1.12281
2351,6.5,19.5,1.5,1.12281
2352,6.5,19.5,2.5,1.12281
2353,6.5,19.5,3.5,1.12281
2354,6.5,19.5,4.5,1.12281
2355,6.5,19.5,5.5,1.12281
2356,6.5,19.5,6.5,1.12281
2357,6.5,19.5,7.5,1.12281
2358,6.5,19.5,8.5,1.12281
2359,6.5,19.5,9.5,1.12281
2360,6.5,20.5,0.5,1.12281
2361,6.5,20.5,1.5,1.12281
2362,6.5,20.5,2.5,1.12281
2363,6.5,20.5,3.5,1.12281
2364,6.5,20.5,4.5,1.12281
2365,6.5,20.5,5.5,1.12281
2366,6.5,20.5,6.5,1.12281
2367,6.5,20.5,7.5,1.12281
2368,6.5,20.5,8.5,1.12281
2369,6.5,20.5,9.5,1.12281
2370,6.5,21.5,0.5,1.12281
2371,6.5,21.5,1.5,1.12281
2372,6.5,21.5,2.5,1.12281
2373,6.5,21.5,3.5,1.12281
2374,6.5,21.5,4.5,1.12281
2375,6.5,21.5,5.5,1.12281
2376,6.5,21.5,6.5,1.12281
2377,6.5,21.5,7.5,1.12281
2378,6.5,21.5,8.5,1.12281
2379,6.5,21.5,9.5,1.12281
2380,6.5,22.5,0.5,1.12281
2381,6.5,22.5,1.5,1.12281
2382,6.5,22.5,2.5,1.12281
2383,6.5,22.5,3.5,1.12281
2384,6.5,22.5,4.5,1.12281
2385,6.5,22.5,5.5,1.12281
2386,6.5,22.5,6.5,1.12281
2387,6.5,22.5,7.5,1.12281
2388,6.5,22.5,8.5,1.12281
2389,6.5,22.5,9.5,1.12281
2390,6.5,23.5,0.5,1.12281
2391,6.5,23.5,1.5,1.12281
2392,6.5,23.5,2.5,1.12281
2393,6.5,23.5,3.5,1.12281
2394,6.5,23.5,4.5,1.12281
2395,6.5,23.5,5.5,1.12281
2396,6.5,23.5,6.5,1.12281
2397,6.5,23.5,7.5,1.12281
2398,6.5,23.5,8.5,1.12281
2399,6.5,23.5,9.5,1.12281
2400,6.5,24.5,0.5,1.12281
2401,6.5,24.5,1.5,1.12281
2402,6.5,24.5,2.5,1.12281
2403,6.5,24.5,3.5,1.12281
2404,6.5,24.5,4.5,1.12281
2405,6.5,24.5,5.5,1.12281
2406,6.5,24.5,6.5,1.12281
2407,6.5,24.5,7.5,1.12281
2408,6.5,24.5,8.5,1.12281
2409,6.5,24.5,9.5,1.12281
2410,6.5,25.5,0.5,1.12281
2411,6.5,25.5,1.5,1.12281
2412,6.5,25.5,2.5,1.12281
2413,6.5,25.5,3.5,1.12281
2414,6.5,25.5,4.5,1.12281
2415,6.5,25.5,5.5,1.12281
2416,6.5,25.5,6.5,1.12281
2417,6.5,25.5,7.5,1.12281
2418,6.5,25.5,8.5,1.12281
2419,6.5,25.5,9.5,1.12281
2420,6.5,26.5,0.5,1.12281
2421,6.5,26.5,1.5,1.12281
2422,6.5,26.5,2.5,1.12281
2423,6.5,26.5,3.5,1.12281
2424,6.5,26.5,4.5,1.12281
2425,6.5,26.5,5.5,1.12281
2426,6.5,26.5,6.5,1.12281
2427,6.5,26.5,7.5,1.12281
2428,6.5,26.5,8.5,1.12281
2429,6.5,26.5,9.5,1.12281
2430,6.5,27.5,0.5,1.12281
2431,6.5,27.5,1.5,1.12281
2432,6.5,27.5,2.5,1.12281
2433,6.5,27.5,3.5,1.12281
2434,6.5,27.5,4.5,1.12281
2435,6.5,27.5,5.5,1.12281
2436,6.5,27.5,6.5,1.12281
2437,6.5,27.5,7.5,1.12281
2438,6.5,27.5,8.5,1.12281
2439,6.5,27.5,9.5,1.12281
2440,6.5,28.5,0.5,1.12281
2441,6.5,28.5,1.5,1.12281
2442,6.5,28.5,2.5,1.12281
2443,6.5,28.5,3.5,1.12281
2444,6.5,28.5,4.5,1.12281
2445,6.5,28.5,5.5,1.12281
2446,6.5,28.5,6.5,1.12281
2447,6.5,28.5,7.5,1.12281
2448,6.5,28.5,8.5,1.12281
2449,6.5,28.5,9.5,1.12281
2450,6.5,29.5,0.5,1.12281
2451,6.5,29.5,1.5,1.12281
2452,6.5,29.5,2.5,1.12281
2453,6.5,29.5,3.5,1.12281
2454,6.5,29.5,4.5,1.12281
2455,6.5,29.5,5.5,1.12281
2456,6.5,29.5,6.5,1.12281
2457,6.5,29.5,7.5,1.12281
2458,6.5,29.5,8.5,1.12281
2459,6.5,29.5,9.5,1.12281
2460,6.5,30.5,0.5,1.12281
2461,6.5,30.5,1.5,1.12281
2462,6.5,30.5,2.5,1.12281
2463,6.5,30.5,3.5,1.12281
2464,6.5,30.5,4.5,1.12281
2465,6.5,30.5,5.5,1.12281
2466,6.5,30.5,6.5,1.12281
2467,6.5,30.5,7.5,1.12281
2468,6.5,30.5,8.5,1.12281
2469,6.5,30.5,9.5,1.12281
2470,6.5,31.5,0.5,1.12281
2471,6.5,31.5,1.5,1.12281
2472,6.5,31.5,2.5,1.12281
2473,6.5,31.5,3.5,1.12281
2474,6.5,31.5,4.5,1.12281
2475,6.5,31.5,5.5,1.12281
2476,6.5,31.5,6.5,1.12281
2477,6.5,31.5,7.5,1.12281
2478,6.5,31.5,8.5,1.12281
2479,6.5,31.5,9.5,1.12281
2480,6.5,32.5,0.5,1.12281
2481,6.5,32.5,1.5,1.12281
2482,6.5,32.5,2.5,1.12281
2483,6.5,32.5,3.5,1.12281
2484,6.5,32.5,4.5,1.12281
2485,6.5,32.5,5.5,1.12281
2486,6.5,32.5,6.5,1.12281
2487,6.5,32.5,7.5,1.12281
2488,6.5,32.5,8.5,1.12281
2489,6.5,32.5,9.5,1.12281
2490,6.5,33.5,0.5,1.12281
2491,6.5,33.5,1.5,1.12281
2492,6.5,33.5,2.5,1.12281
2493,6.5,33.5,3.5,1.12281
2494,6.5,33.5,4.5,1.12281
2495,6.5,33.5,5.5,1.12281
2496,6.5,33.5,6.5,1.12281
2497,6.5,33.5,7.5,1.12281
2498,6.5,33.5,8.5,1.12281
2499,6.5,33.5,9.5,1.12281
2500,6.5,34.5,0.5,1.12281
2501,6.5,34.5,1.5,1.12281
2502,6.5,34.5,2.5,1.12281
2503,6.5,34.5,3.5,1.12281
2504,6.5,34.5,4.5,1.12281
2505,6.5,34.5,5.5,1.12281
2506,6.5,34.5,6.5,1.12281
2507,6.5,34.5,7.5,1.12281
2508,6.5,34.5,8.5,1.12281
2509,6.5,34.5,9.5,1.12281
2510,6.5,35.5,0.5,1.12281
2511,6.5,35.5,1.5,1.12281
2512,6.5,35.5,2.5,1.12281
2513,6.5,35.5,3.5,1.12281
2514,6.5,35.5,4.5,1.12281
2515,6.5,35.5,5.5,1.12281
2516,6.5,35.5,6.5,1.12281
2517,6.5,35.5,7.5,1.12281
2518,6.5,35.5,8.5,1.12281
2519,6.5,35.5,9.5,1.12281
2520,7.5,0.5,0.5,1.12281
2521,7.5,0.5,1.5,1.12281
2522,7.5,0.5,2.5,1.12281
2523,7.5,0.5,3.5,1.12281
2524,7.5,0.5,4.5,1.12281
2525,7.5,0.5,5.5,1.12281
2526,7.5,0.5,6.5,1.12281
2527,7.5,0.5,7.5,1.12281
2528,7.5,0.5,8.5,1.12281
2529,7.5,0.5,9.5,1.12281
2530,7.5,0.5,10.5,1.12281
2531,7.5,0.5,11.5,1.12281
2532,7.5,0.5,12.5,1.12281
2533,7.5,0.5,13.5,1.12281
2534,7.5,0.5,14.5,1.12281
2535,7.5,0.5,15.5,1.12281
2536,7.5,0.5,16.5,1.12281
2537,7.5,0.5,17.5,1.12281
2538,7.5,0.5,18.5,1.12281
2539,7.5,0.5,19.5,1.12281
2540,7.5,0.5,20.5,1.12281
2541,7.5,0.5,21.5,1.12281
2542,7.5,0.5,22.5,1.12281
2543,7.5,0.5,23.5,1.12281
2544,7.5,0.5,24.5,1.12281
2545,7.5,0.5,25.5,1.12281
2546,7.5,0.5,26.5,1.12281
2547,7.5,0.5,27.5,1.12281
2548,7.5,0.5,28.5,1.12281
2549,7.5,0.5,29.5,1.12281
2550,7.5,1.5,0.5,1.12281
2551,7.5,1.5,1.5,1.12281
2552,7.5,1.5,2.5,1.12281
2553,7.5,1.5,3.5,1.12281
2554,7.5,1.5,4.5,1.12281
2555,7.5,1.5,5.5,1.12281
2556,7.5,1.5,6.5,1.12281
2557,7.5,1.5,7.5,1.12281
2558,7.5,1.5,8.5,1.12281
2559,7.5,1.5,9.5,1.12281
2560,7.5,1.5,10.5,1.12281
2561,7.5,1.5,11.5,1.12281
2562,7.5,1.5,12.5,1.12281
2563,7.5,1.5,13.5,1.12281
2564,7.5,1.5,14.5,1.12281
2565,7.5,1.5,15.5,1.12281
2566,7.5,1.5,16.5,1.12281
2567,7.5,1.5,17.5,1.12281
2568,7.5,1.5,18.5,1.12281
2569,7.5,1.5,19.5,1.12281
2570,7.5,1.5,20.5,1.12281
2571,7.5,1.5,21.5,1.12281
2572,7.5,1.5,22.5,1.12281
2573,7.5,1.5,23.5,1.12281
2574,7.5,1.5,24.5,1.12281
2575,7.5,1.5,25.5,1.12281
2576,7.5,1.5,26.5,1.12281
2577,7.5,1.5,27.5,1.12281
2578,7.5,1.5,28.5,1.12281
2579,7.5,1.5,29.5,1.12281
2580,7.5,2.5,0.5,1.12281
2581,7.5,2.5,1.5,1.12281
2582,7.5,2.5,2.5,1.12281
2583,7.5,2.5,3.5,1.12281
2584,7.5,2.5,4.5,1.12281
2585,7.5,2.5,5.5,1.12281
2586,7.5,2.5,6.5,1.12281
2587,7.5,2.5,7.5,1.12281
2588,7.5,2.5,8.5,1.12281
2589,7.5,2.5,9.5,1.12281
2590,7.5,2.5,10.5,1.12281
2591,7.5,2.5,11.5,1.12281
2592,7.5,2.5,12.5,1.12281
2593,7.5,2.5,13.5,1.12281
2594,7.5,2.5,14.5,1.12281
2595,7.5,2.5,15.5,1.12281
2596,7.5,2.5,16.5,1.12281
2597,7.5,2.5,17.5,1.12281
2598,7.5,2.5,18.5,1.12281
2599,7.5,2.5,19.5,1.12281
2600,7.5,2.5,20.5,1.12281
2601,7.5,2.5,21.5,1.12281
2602,7.5,2.5,22.5,1.12281
2603,7.5,2.5,23.5,1.12281
2604,7.5,2.5,24.5,1.12281
2605,7.5,2.5,25.5,1.12281
2606,7.5,2.5,26.5,1.12281
2607,7.5,2.5,27.5,1.12281
2608,7.5,2.5,28.5,1.12281
2609,7.5,2.5,29.5,1.12281
2610,7.5,3.5,0.5,1.12281
2611,7.5,3.5,1.5,1.12281
2612,7.5,3.5,2.5,1.12281
2613,7.5,3.5,3.5,1.12281
2614,7.5,3.5,4.5,1.12281
2615,7.5,3.5,5.5,1.12281
2616,7.5,3.5,6.5,1.12281
2617,7.5,3.5,7.5,1.12281
2618,7.5,3.5,8.5,1.12281
2619,7.5,3.5,9.5,1.12281
2620,7.5,3.5,10.5,1.12281
2621,7.5,3.5,11.5,1.12281
2622,7.5,3.5,12.5,1.12281
2623,7.5,3.5,13.5,1.12281
2624,7.5,3.5,14.5,1.12281
2625,7.5,3.5,15.5,1.12281
2626,7.5,3.5,16.5,1.12281
2627,7.5,3.5,17.5,1.12281
2628,7.5,3.5,18.5,1.12281
2629,7.5,3.5,19.5,1.12281
2630,7.5,3.5,20.5,1.12281
2631,7.5,3.5,21.5,1.12281
2632,7.5,3.5,22.5,1.12281
2633,7.5,3.5,23.5,1.12281
2634,7.5,3.5,24.5,1.12281
2635,7.5,3.5,25.5,1.12281
2636,7.5,3.5,26.5,1.12281
2637,7.5,3.5,27.5,1.12281
2638,7.5,3.5,28.5,1.12281
2639,7.5,3.5,29.5,1.12281
2640,7.5,4.5,0.5,1.12281
2641,7.5,4.5,1.5,1.12281
2642,7.5,4.5,2.5,1.12281
2643,7.5,4.5,3.5,1.12281
2644,7.5,4.5,4.5,1.12281
2645,7.5,4.5,5.5,1.12281
2646,7.5,4.5,6.5,1.12281
2647,7.5,4.5,7.5,1.12281
2648,7.5,4.5,8.5,1.12281
2649,7.5,4.5,9.5,1.12281
2650,7.5,4.5,10.5,1.12281
2651,7.5,4.5,11.5,1.12281
2652,7.5,4.5,12.5,1.12281
2653,7.5,4.5,13.5,1.12281
2654,7.5,4.5,14.5,1.12281
2655,7.5,4.5,15.5,1.12281
2656,7.5,4.5,16.5,1.12281
2657,7.5,4.5,17.5,1.12281
2658,7.5,4.5,18.5,1.12281
2659,7.5,4.5,19.5,1.12281
2660,7.5,4.5,20.5,1.12281
2661,7.5,4.5,21.5,1.12281
2662,7.5,4.5,22.5,1.12281
2663,7.5,4.5,23.5,1.12281
2664,7.5,4.5,24.5,1.12281
2665,7.5,4.5,25.5,1.12281
2666,7.5,4.5,26.5,1.12281
2667,7.5,4.5,27.5,1.12281
2668,7.5,4.5,28.5,1.12281
2669,7.5,4.5,29.5,1.12281
2670,7.5,5.5,0.5,1.12281
2671,7.5,5.5,1.5,1.12281
2672,7.5,5.5,2.5,1.12281
2673,7.5,5.5,3.5,1.12281
2674,7.5,5.5,4.5,1.12281
2675,7.5,5.5,5.5,1.12281
2676,7.5,5.5,6.5,1.12281
2677,7.5,5.5,7.5,1.12281
2678,7.5,5.5,8.5,1.12281
2679,7.5,5.5,9.5,1.12281
2680,7.5,5.5,10.5,1.12281
2681,7.5,5.5,11.5,1.12281
2682,7.5,5.5,12.5,1.12281
2683,7.5,5.5,13.5,1.12281
2684,7.5,5.5,14.5,1.12281
2685,7.5,5.5,15.5,1.12281
2686,7.5,5.5,16.5,1.12281
2687,7.5,5.5,17.5,1.12281
2688,7.5,5.5,18.5,1.12281
2689,7.5,5.5,19.5,1.12281
2690,7.5,5.5,20.5,1.12281
2691,7.5,5.5,21.5,1.12281
2692,7.5,5.5,22.5,1.12281
2693,7.5,5.5,23.5,1.12281
2694,7.5,5.5,24.5,1.12281
2695,7.5,5.5,25.5,1.12281
2696,7.5,5.5,26.5,1.12281
2697,7.5,5.5,27.5,1.12281
2698,7.5,5.5,28.5,1.12281
2699,7.5,5.5,29.5,1.12281
2700,7.5,6.5,0.5,1.12281
2701,7.5,6.5,1.5,1.12281
2702,7.5,6.5,2.5,1.12281
2703,7.5,6.5,3.5,1.12281
2704,7.5,6.5,4.5,1.12281
2705,7.5,6.5,5.5,1.12281
2706,7.5,6.5,6.5,1.12281
2707,7.5,6.5,7.5,1.12281
2708,7.5,6.5,8.5,1.12281
2709,7.5,6.5,9.5,1.12281
2710,7.5,6.5,10.5,1.12281
2711,7.5,6.5,11.5,1.12281
2712,7.5,6.5,12.5,1.12281
2713,7.5,6.5,13.5,1.12281
2714,7.5,6.5,14.5,1.12281
2715,7.5,6.5,15.5,1.12281
2716,7.5,6.5,16.5,1.12281
2717,7.5,6.5,17.5,1.12281
2718,7.5,6.5,18.5,1.12281
2719,7.5,6.5,19.5,1.12281
2720,7.5,6.5,20.5,1.12281
2721,7.5,6.5,21.5,1.12281
2722,7.5,6.5,22.5,1.12281
2723,7.5,6.5,23.5,1.12281
2724,7.5,6.5,24.5,1.12281
2725,7.5,6.5,25.5,1.12281
2726,7.5,6.5,26.5,1.12281
2727,7.5,6.5,27.5,1.12281
2728,7.5,6.5,28.5,1.12281
2729,7.5,6.5,29.5,1.12281
2730,7.5,7.5,0.5,1.12281
2731,7.5,7.5,1.5,1.12281
2732,7.5,7.5,2.5,1.12281
2733,7.5,7.5,3.5,1.12281
2734,7.5,7.5,4.5,1.12281
2735,7.5,7.5,5.5,1.12281
2736,7.5,7.5,6.5,1.12281
2737,7.5,7.5,7.5,1.12281
2738,7.5,7.5,8.5,1.12281
2739,7.5,7.5,9.5,1.12281
2740,7.5,7.5,10.5,1.12281
2741,7.5,7.5,11.5,1.12281
2742,7.5,7.5,12.5,1.12281
2743,7.5,7.5,13.5,1.12281
2744,7.5,7.5,14.5,1.12281
2745,7.5,7.5,15.5,1.12281
2746,7.5,7.5,16.5,1.12281
2747,7.5,7.5,17.5,1.12281
2748,7.5,7.5,18.5,1.12281
2749,7.5,7.5,19.5,1.12281
2750,7.5,7.5,20.5,1.12281
2751,7.5,7.5,21.5,1.12281
2752,7.5,7.5,22.5,1.12281
2753,7.5,7.5,23.5,1.12281
2754,7.5,7.5,24.5,1.12281
2755,7.5,7.5,25.5,1.12281
2756,7.5,7.5,26.5,1.12281
2757,7.5,7.5,27.5,1.12281
2758,7.5,7.5,28.5,1.12281
2759,7.5,7.5,29.5,1.12281
2760,7.5,8.5,0.5,1.12281
2761,7.5,8.5,1.5,1.12281
2762,7.5,8.5,2.5,1.12281
2763,7.5,8.5,3.5,1.12281
2764,7.5,8.5,4.5,1.12281
2765,7.5,8.5,5.5,1.12281
2766,7.5,8.5,6.5,1.12281
2767,7.5,8.5,7.5,1.12281
2768,7.5,8.5,8.5,1.12281
2769,7.5,8.5,9.5,1.12281
2770,7.5,8.5,10.5,1.12281
2771,7.5,8.5,11.5,1.12281
2772,7.5,8.5,12.5,1.12281
2773,7.5,8.5,13.5,1.12281
2774,7.5,8.5,14.5,1.12281
2775,7.5,8.5,15.5,1.12281
2776,7.5,8.5,16.5,1.12281
2777,7.5,8.5,17.5,1.12281
2778,7.5,8.5,18.5,1.12281
2779,7.5,8.5,19.5,1.12281
2780,7.5,8.5,20.5,1.12281
2781,7.5,8.5,21.5,1.12281
2782,7.5,8.5,22.5,1.12281
2783,7.5,8.5,23.5,1.12281
2784,7.5,8.5,24.5,1.12281
2785,7.5,8.5,25.5,1.12281
2786,7.5,8.5,26.5,1.12281
2787,7.5,8.5,27.5,1.12281
2788,7.5,8.5,28.5,1.12281
2789,7.5,8.5,29.5,1.12281
2790,7.5,9.5,0.5,1.12281
2791,7.5,9.5,1.5,1.12281
2792,7.5,9.5,2.5,1.12281
2793,7.5,9.5,3.5,1.12281
2794,7.5,9.5,4.5,1.12281
2795,7.5,9.5,5.5,1.12281
2796,7.5,9.5,6.5,1.12281
2797,7.5,9.5,7.5,1.12281
2798,7.5,9.5,8.5,1.12281
2799,7.5,9.5,9.5,1.12281
2800,7.5,9.5,10.5,1.12281
2801,7.5,9.5,11.5,1.12281
2802,7.5,9.5,12.5,1.12281
2803,7.5,9.5,13.5,1.12281
2804,7.5,9.5,14.5,1.12281
2805,7.5,9.5,15.5,1.12281
2806,7.5,9.5,16.5,1.12281
2807,7.5,9.5,17.5,1.12281
2808,7.5,9.5,18.5,1.12281
2809,7.5,9.5,19.5,1.12281
2810,7.5,9.5,20.5,1.12281
2811,7.5,9.5,21.5,1.12281
2812,7.5,9.5,22.5,1.12281
2813,7.5,9.5,23.5,1.12281
2814,7.5,9.5,24.5,1.12281
2815,7.5,9.5,25.5,1.12281
2816,7.5,9.5,26.5,1.12281
2817,7.5,9.5,27.5,1.12281
2818,7.5,9.5,28.5,1.12281
2819,7.5,9.5,29.5,1.12281
2820,7.5,10.5,0.5,1.12281
2821,7.5,10.5,1.5,1.12281
2822,7.5,10.5,2.5,1.12281
2823,7.5,10.5,3.5,1.12281
2824,7.5,10.5,4.5,1.12281
2825,7.5,10.5,5.5,1.12281
2826,7.5,10.5,6.5,1.12281
2827,7.5,10.5,7.5,1.12281
2828,7.5,10.5,8.5,1.12281
2829,7.5,10.5,9.5,1.12281
2830,7.5,10.5,10.5,1.12281
2831,7.5,10.5,11.5,1.12281
2832,7.5,10.5,12.5,1.12281
2833,7.5,10.5,13.5,1.12281
2834,7.5,10.5,14.5,1.12281
2835,7.5,10.5,15.5,1.12281
2836,7.5,10.5,16.5,1.12281
2837,7.5,10.5,17.5,1.12281
2838,7.5,10.5,18.5,1.12281
2839,7.5,10.5,19.5,1.12281
2840,7.5,10.5,20.5,1.12281
2841,7.5,10.5,21.5,1.12281
2842,7.5,10.5,22.5,1.12281
2843,7.5,10.5,23.5,1.12281
2844,7.5,10.5,24.5,1.12281
2845,7.5,10.5,25.5,1.12281
2846,7.5,10.5,26.5,1.12281
2847,7.5,10.5,27.5,1.12281
2848,7.5,10.5,28.5,1.12281
2849,7.5,10.5,29.5,1.12281
2850,7.5,11.5,0.5,1.12281
2851,7.5,11.5,1.5,1.12281
2852,7.5,11.5,2.5,1.12281
2853,7.5,11.5,3.5,1.12281
2854,7.5,11.5,4.5,1.12281
2855,7.5,11.5,5.5,1.12281
2856,7.5,11.5,6.5,1.12281
2857,7.5,11.5,7.5,1.12281
2858,7.5,11.5,8.5,1.12281
2859,7.5,11.5,9.5,1.12281
2860,7.5,11.5,10.5,1.12281
2861,7.5,11.5,11.5,1.12281
2862,7.5,11.5,12.5,1.12281
2863,7.5,11.5,13.5,1.12281
2864,7.5,11.5,14.5,1.12281
2865,7.5,11.5,15.5,1.12281
2866,7.5,11.5,16.5,1.12281
2867,7.5,11.5,17.5,1.12281
2868,7.5,11.5,18.5,1.12281
2869,7.5,11.5,19.5,1.12281
2870,7.5,11.5,20.5,1.12281
2871,7.5,11.5,21.5,1.12281
2872,7.5,11.5,22.5,1.12281
2873,7.5,11.5,23.5,1.12281
2874,7.5,11.5,24.5,1.12281
2875,7.5,11.5,25.5,1.12281
2876,7.5,11.5,26.5,1.12281
2877,7.5,11.5,27.5,1.12281
2878,7.5,11.5,28.5,1.12281
2879,7.5,11.5,29.5,1.12281
2880,7.5,12.5,0.5,1.12281
2881,7.5,12.5,1.5,1.12281
2882,7.5,12.5,2.5,1.12281
2883,7.5,12.5,3.5,1.12281
2884,7.5,12.5,4.5,1.12281
2885,7.5,12.5,5.5,1.12281
2886,7.5,12.5,6.5,1.12281
2887,7.5,12.5,7.5,1.12281
2888,7.5,12.5,8.5,1.12281
2889,7.5,12.5,9.5,1.12281
2890,7.5,12.5,10.5,1.12281
2891,7.5,12.5,11.5,1.12281
2892,7.5,12.5,12.5,1.12281
2893,7.5,12.5,13.5,1.12281
2894,7.5,12.5,14.5,1.12281
2895,7.5,12.5,15.5,1.12281
2896,7.5,12.5,16.5,1.12281
2897,7.5,12.5,17.5,1.12281
2898,7.5,12.5,18.5,1.12281
2899,7.5,12.5,19.5,1.12281
2900,7.5,12.5,20.5,1.12281
2901,7.5,12.5,21.5,1.12281
2902,7.5,12.5,22.5,1.12281
2903,7.5,12.5,23.5,1.12281
2904,7.5,12.5,24.5,1.12281
2905,7.5,12.5,25.5,1.12281
2906,7.5,12.5,26.5,1.12281
2907,7.5,12.5,27.5,1.12281
2908,7.5,12.5,28.5,1.12281
2909,7.5,12.5,29.5,1.12281
2910,7.5,13.5,0.5,1.12281
2911,7.5,13.5,1.5,1.12281
2912,7.5,13.5,2.5,1.12281
2913,7.5,13.5,3.5,1.12281
2914,7.5,13.5,4.5,1.12281
2915,7.5,13.5,5.5,1.12281
2916,7.5,13.5,6.5,1.12281
2917,7.5,13.5,7.5,1.12281
2918,7.5,13.5,8.5,1.12281
2919,7.5,13.5,9.5,1.12281
2920,7.5,13.5,10.5,1.12281
2921,7.5,13.5,11.5,1.12281
2922,7.5,13.5,12.5,1.12281
2923,7.5,13.5,13.5,1.12281
2924,7.5,13.5,14.5,1.12281
2925,7.5,13.5,15.5,1.12281
2926,7.5,13.5,16.5,1.12281
2927,7.5,13.5,17.5,1.12281
2928,7.5,13.5,18.5,1.12281
2929,7.5,13.5,19.5,1.12281
2930,7.5,13.5,20.5,1.12281
2931,7.5,13.5,21.5,1.12281
2932,7.5,13.5,22.5,1.12281
2933,7.5,13.5,23.5,1.12281
2934,7.5,13.5,24.5,1.12281
2935,7.5,13.5,25.5,1.12281
2936,7.5,13.5,26.5,1.12281
2937,7.5,13.5,27.5,1.12281
2938,7.5,13.5,28.5,1.12281
2939,7.5,13.5,29.5,1.12281
2940,7.5,14.5,0.5,1.12281
2941,7.5,14.5,1.5,1.12281
2942,7.5,14.5,2.5,1.12281
2943,7.5,14.5,3.5,1.12281
2944,7.5,14.5,4.5,1.12281
2945,7.5,14.5,5.5,1.12281
2946,7.5,14.5,6.5,1.12281
2947,7.5,14.5,7.5,1.12281
2948,7.5,14.5,8.5,1.12281
2949,7.5,14.5,9.5,1.12281
2950,7.5,14.5,10.5,1.12281
2951,7.5,14.5,11.5,1.12281
2952,7.5,14.5,12.5,1.12281
2953,7.5,14.5,13.5,1.12281
2954,7.5,14.5,14.5,1.12281
2955,7.5,14.5,15.5,1.12281
2956,7.5,14.5,16.5,1.12281
2957,7.5,14.5,17.5,1.12281
2958,7.5,14.5,18.5,1.12281
2959,7.5,14.5,19.5,1.12281
2960,7.5,14.5,20.5,1.12281
2961,7.5,14.5,21.5,1.12281
2962,7.5,14.5,22.5,1.12281
2963,7.5,14.5,23.5,1.12281
2964,7.5,14.5,24.5,1.12281
2965,7.5,14.5,25.5,1.12281
2966,7.5,14.5,26.5,1.12281
2967,7.5,14.5,27.5,1.12281
2968,7.5,14.5,28.5,1.12281
2969,7.5,14.5,29.5,1.12281
2970,7.5,15.5,0.5,1.12281
2971,7.5,15.5,1.5,1.12281
2972,7.5,15.5,2.5,1.12281
2973,7.5,15.5,3.5,1.12281
2974,7.5,15.5,4.5,1.12281
2975,7.5,15.5,5.5,1.12281
2976,7.5,15.5,6.5,1.12281
2977,7.5,15.5,7.5,1.12281
2978,7.5,15.5,8.5,1.12281
2979,7.5,15.5,9.5,1.12281
2980,7.5,15.5,10.5,1.12281
2981,7.5,15.5,11.5,1.12281
2982,7.5,15.5,12.5,1.12281
2983,7.5,15.5,13.5,1.12281
2984,7.5,15.5,14.5,1.12281
2985,7.5,15.5,15.5,1.12281
2986,7.5,15.5,16.5,1.12281
2987,7.5,15.5,17.5,1.12281
2988,7.5,15.5,18.5,1.12281
2989,7.5,15.5,19.5,1.12281
2990,7.5,15.5,20.5,1.12281
2991,7.5,15.5,21.5,1.12281
2992,7.5,15.5,22.5,1.12281
2993,7.5,15.5,23.5,1.12281
2994,7.5,15.5,24.5,1.12281
2995,7.5,15.5,25.5,1.12281
2996,7.5,15.5,26.5,1.12281
2997,7.5,15.5,27.5,1.12281
2998,7.5,15.5,28.5,1.12281
2999,7.5,15.5,29.5,1.12281
3000,7.5,16.5,0.5,1.12281
3001,7.5,16.5,1.5,1.12281
3002,7.5,16.5,2.5,1.12281
3003,7.5,16.5,3.5,1.12281
3004,7.5,16.5,4.5,1.12281
3005,7.5,16.5,5.5,1.12281
3006,7.5,16.5,6.5,1.12281
3007,7.5,16.5,7.5,1.12281
3008,7.5,16.5,8.5,1.12281
3009,7.5,16.5,9.5,1.12281
3010,7.5,16.5,10.5,1.12281
3011,7.5,16.5,11.5,1.12281
3012,7.5,16.5,12.5,1.12281
3013,7.5,16.5,13.5,1.12281
3014,7.5,16.5,14.5,1.12281
3015,7.5,16.5,15.5,1.12281
3016,7.5,16.5,16.5,1.12281
3017,7.5,16.5,17.5,1.12281
3018,7.5,16.5,18.5,1.12281
3019,7.5,16.5,19.5,1.12281
3020,7.5,16.5,20.5,1.12281
3021,7.5,16.5,21.5,1.12281
3022,7.5,16.5,22.5,1.12281
3023,7.5,16.5,23.5,1.12281
3024,7.5,16.5,24.5,1.12281
3025,7.5,16.5,25.5,1.12281
3026,7.5,16.5,26.5,1.12281
3027,7.5,16.5,27.5,1.12281
3028,7.5,16.5,28.5,1.12281
3029,7.5,16.5,29.5,1.12281
3030,7.5,17.5,0.5,1.12281
3031,7.5,17.5,1.5,1.12281
3032,7.5,17.5,2.5,1.12281
3033,7.5,17.5,3.5,1.12281
3034,7.5,17.5,4.5,1.12281
3035,7.5,17.5,5.5,1.12281
3036,7.5,17.5,6.5,1.12281
3037,7.5,17.5,7.5,1.12281
3038,7.5,17.5,8.5,1.12281
3039,7.5,17.5,9.5,1.12281
3040,7.5,17.5,10.5,1.12281
3041,7.5,17.5,11.5,1.12281
3042,7.5,17.5,12.5,1.12281
3043,7.5,17.5,13.5,1.12281
3044,7.5,17.5,14.5,1.12281
3045,7.5,17.5,15.5,1.12281
3046,7.5,17.5,16.5,1.12281
3047,7.5,17.5,17.5,1.12281
3048,7.5,17.5,18.5,1.12281
3049,7.5,17.5,19.5,1.12281
3050,7.5,17.5,20.5,1.12281
3051,7.5,17.5,21.5,1.12281
3052,7.5,17.5,22.5,1.12281
3053,7.5,17.5,23.5,1.12281
3054,7.5,17.5,24.5,1.12281
3055,7.5,17.5,25.5,1.12281
3056,7.5,17.5,26.5,1.12281
3057,7.5,17.5,27.5,1.12281
3058,7.5,17.5,28.5,1.12281
3059,7.5,17.5,29.5,1.12281
3060,7.5,18.5,0.5,1.12281
3061,7.5,18.5,1.5,1.12281
3062,7.5,18.5,2.5,1.12281
3063,7.5,18.5,3.5,1.12281
3064,7.5,18.5,4.5,1.12281
3065,7.5,18.5,5.5,1.12281
3066,7.5,18.5,6.5,1.12281
3067,7.5,18.5,7.5,1.12281
3068,7.5,18.5,8.5,1.12281
3069,7.5,18.5,9.5,1.12281
3070,7.5,18.5,10.5,1.12281
3071,7.5,18.5,11.5,1.12281
3072,7.5,18.5,12.5,1.12281
3073,7.5,18.5,13.5,1.12281
3074,7.5,18.5,14.5,1.12281
3075,7.5,18.5,15.5,1.12281
3076,7.5,18.5,16.5,1.12281
3077,7.5,18.5,17.5,1.12281
3078,7.5,18.5,18.5,1.12281
3079,7.5,18.5,19.5,1.12281
3080,7.5,18.5,20.5,1.12281
3081,7.5,18.5,21.5,1.12281
3082,7.5,18.5,22.5,1.12281
3083,7.5,18.5,23.5,1.12281
3084,7.5,18.5,24.5,1.12281
3085,7.5,18.5,25.5,1.12281
3086,7.5,18.5,26.5,1.12281
3087,7.5,18.5,27.5,1.12281
3088,7.5,18.5,28.5,1.12281
3089,7.5,18.5,29.5,1.12281
3090,7.5,19.5,0.5,1.12281
3091,7.5,19.5,1.5,1.12281
3092,7.5,19.5,2.5,1.12281
3093,7.5,19.5,3.5,1.12281
3094,7.5,19.5,4.5,1.12281
3095,7.5,19.5,5.5,1.12281
3096,7.5,19.5,6.5,1.12281
3097,7.5,19.5,7.5,1.12281
3098,7.5,19.5,8.5,1.12281
3099,7.5,19.5,9.5,1.12281
3100,7.5,19.5,10.5,1.12281
3101,7.5,19.5,11.5,1.12281
3102,7.5,19.5,12.5,1.12281
3103,7.5,19.5,13.5,1.12281
3104,7.5,19.5,14.5,1.12281
3105,7.5,19.5,15.5,1.12281
3106,7.5,19.5,16.5,1.12281
3107,7.5,19.5,17.5,1.12281
3108,7.5,19.5,18.5,1.12281
3109,7.5,19.5,19.5,1.12281
3110,7.5,19.5,20.5,1.12281
3111,7.5,19.5,21.5,1.12281
3112,7.5,19.5,22.5,1.12281
3113,7.5,19.5,23.5,1.12281
3114,7.5,19.5,24.5,1.12281
3115,7.5,19.5,25.5,1.12281
3116,7.5,19.5,26.5,1.12281
3117,7.5,19.5,27.5,1.12281
3118,7.5,19.5,28.5,1.12281
3119,7.5,19.5,29.5,1.12281
3120,7.5,20.5,0.5,1.12281
3121,7.5,20.5,1.5,1.12281
3122,7.5,20.5,2.5,1.12281
3123,7.5,20.5,3.5,1.12281
3124,7.5,20.5,4.5,1.12281
3125,7.5,20.5,5.5,1.12281
3126,7.5,20.5,6.5,1.12281
3127,7.5,20.5,7.5,1.12281
3128,7.5,20.5,8.5,1.12281
3129,7.5,20.5,9.5,1.12281
3130,7.5,20.5,10.5,1.12281
3131,7.5,20.5,11.5,1.12281
3132,7.5,20.5,12.5,1.12281
3133,7.5,20.5,13.5,1.12281
3134,7.5,20.5,14.5,1.12281
3135,7.5,20.5,15.5,1.12281
3136,7.5,20.5,16.5,1.12281
3137,7.5,20.5,17.5,1.12281
3138,7.5,20.5,18.5,1.12281
3139,7.5,20.5,19.5,1.12281
3140,7.5,20.5,20.5,1.12281
3141,7.5,20.5,21.5,1.12281
3142,7.5,20.5,22.5,1.12281
3143,7.5,20.5,23.5,1.12281
3144,7.5,20.5,24.5,1.12281
3145,7.5,20.5,25.5,1.12281
3146,7.5,20.5,26.5,1.12281
3147,7.5,20.5,27.5,1.12281
3148,7.5,20.5,28.5,1.12281
3149,7.5,20.5,29.5,1.12281
3150,7.5,21.5,0.5,1.12281
3151,7.5,21.5,1.5,1.12281
3152,7.5,21.5,2.5,1.12281
3153,7.5,21.5,3.5,1.12281
3154,7.5,21.5,4.5,1.12281
3155,7.5,21.5,5.5,1.12281
3156,7.5,21.5,6.5,1.12281
3157,7.5,21.5,7.5,1.12281
3158,7.5,21.5,8.5,1.12281
3159,7.5,21.5,9.5,1.12281
3160,7.5,21.5,10.5,1.12281
3161,7.5,21.5,11.5,1.12281
3162,7.5,21.5,12.5,1.12281
3163,7.5,21.5,13.5,1.12281
3164,7.5,21.5,14.5,1.12281
3165,7.5,21.5,15.5,1.12281
3166,7.5,21.5,16.5,1.12281
3167,7.5,21.5,17.5,1.12281
3168,7.5,21.5,18.5,1.12281
3169,7.5,21.5,19.5,1.12281
3170,7.5,21.5,20.5,1.12281
3171,7.5,21.5,21.5,1.12281
3172,7.5,21.5,22.5,1.12281
3173,7.5,21.5,23.5,1.12281
3174,7.5,21.5,24.5,1.12281
3175,7.5,21.5,25.5,1.12281
3176,7.5,21.5,26.5,1.12281
3177,7.5,21.5,27.5,1.12281
3178,7.5,21.5,28.5,1.12281
3179,7.5,21.5,29.5,1.12281
3180,7.5,22.5,0.5,1.12281
3181,7.5,22.5,1.5,1.12281
3182,7.5,22.5,2.5,1.12281
3183,7.5,22.5,3.5,1.12281
3184,7.5,22.5,4.5,1.12281
3185,7.5,22.5,5.5,1.12281
3186,7.5,22.5,6.5,1.12281
3187,7.5,22.5,7.5,1.12281
3188,7.5,22.5,8.5,1.12281
3189,7.5,22.5,9.5,1.12281
3190,7.5,22.5,10.5,1.12281
3191,7.5,22.5,11.5,1.12281
3192,7.5,22.5,12.5,1.12281
3193,7.5,22.5,13.5,1.12281
3194,7.5,22.5,14.5,1.12281
3195,7.5,22.5,15.5,1.12281
3196,7.5,22.5,16.5,1.12281
3197,7.5,22.5,17.5,1.12281
3198,7.5,22.5,18.5,1.12281
3199,7.5,22.5,19.5,1.12281
3200,7.5,22.5,20.5,1.12281
3201,7.5,22.5,21.5,1.12281
3202,7.5,22.5,22.5,1.12281
3203,7.5,22.5,23.5,1.12281
3204,7.5,22.5,24.5,1.12281
3205,7.5,22.5,25.5,1.12281
3206,7.5,22.5,26.5,1.12281
3207,7.5,22.5,27.5,1.12281
3208,7.5,22.5,28.5,1.12281
3209,7.5,22.5,29.5,1.12281
3210,7.5,23.5,0.5,1.12281
3211,7.5,23.5,1.5,1.12281
3212,7.5,23.5,2.5,1.12281
3213,7.5,23.5,3.5,1.12281
3214,7.5,23.5,4.5,1.12281
3215,7.5,23.5,5.5,1.12281
3216,7.5,23.5,6.5,1.12281
3217,7.5,23.5,7.5,1.12281
3218,7.5,23.5,8.5,1.12281
3219,7.5,23.5,9.5,1.12281
3220,7.5,23.5,10.5,1.12281
3221,7.5,23.5,11.5,1.12281
3222,7.5,23.5,12.5,1.12281
3223,7.5,23.5,13.5,1.12281
3224,7.5,23.5,14.5,1.12281
3225,7.5,23.5,15.5,1.12281
3226,7.5,23.5,16.5,1.12281
3227,7.5,23.5,17.5,1.12281
3228,7.5,23.5,18.5,1.12281
3229,7.5,23.5,19.5,1.12281
3230,7.5,23.5,20.5,1.12281
3231,7.5,23.5,21.5,1.12281
3232,7.5,23.5,22.5,1.12281
3233,7.5,23.5,23.5,1.12281
3234,7.5,23.5,24.5,1.12281
3235,7.5,23.5,25.5,1.12281
3236,7.5,23.5,26.5,1.12281
3237,7.5,23.5,27.5,1.12281
3238,7.5,23.5,28.5,1.12281
3239,7.5,23.5,29.5,1.12281
3240,7.5,24.5,0.5,1.12281
3241,7.5,24.5,1.5,1.12281
3242,7.5,24.5,2.5,1.12281
3243,7.5,24.5,3.5,1.12281
3244,7.5,24.5,4.5,1.12281
3245,7.5,24.5,5.5,1.12281
3246,7.5,24.5,6.5,1.12281
3247,7.5,24.5,7.5,1.12281
3248,7.5,24.5,8.5,1.12281
3249,7.5,24.5,9.5,1.12281
3250,7.5,24.5,10.5,1.12281
3251,7.5,24.5,11.5,1.12281
3252,7.5,24.5,12.5,1.12281
3253,7.5,24.5,13.5,1.12281
3254,7.5,24.5,14.5,1.12281
3255,7.5,24.5,15.5,1.12281
3256,7.5,24.5,16.5,1.12281
3257,7.5,24.5,17.5,1.12281
3258,7.5,24.5,18.5,1.12281
3259,7.5,24.5,19.5,1.12281
3260,7.5,24.5,20.5,1.12281
3261,7.5,24.5,21.5,1.12281
3262,7.5,24.5,22.5,1.12281
3263,7.5,24.5,23.5,1.12281
3264,7.5,24.5,24.5,1.12281
3265,7.5,24.5,25.5,1.12281
3266,7.5,24.5,26.5,1.12281
3267,7.5,24.5,27.5,1.12281
3268,7.5,24.5,28.5,1.12281
3269,7.5,24.5,29.5,1.12281
3270,7.5,25.5,0.5,1.12281
3271,7.5,25.5,1.5,1.12281
3272,7.5,25.5,2.5,1.12281
3273,7.5,25.5,3.5,1.12281
3274,7.5,25.5,4.5,1.12281
3275,7.5,25.5,5.5,1.12281
3276,7.5,25.5,6.5,1.12281
3277,7.5,25.5,7.5,1.12281
3278,7.5,25.5,8.5,1.12281
3279,7.5,25.5,9.5,1.12281
3280,7.5,25.5,10.5,1.12281
3281,7.5,25.5,11.5,1.12281
3282,7.5,25.5,12.5,1.12281
3283,7.5,25.5,13.5,1.12281
3284,7.5,25.5,14.5,1.12281
3285,7.5,25.5,15.5,1.12281
3286,7.5,25.5,16.5,1.12281
3287,7.5,25.5,17.5,1.12281
3288,7.5,25.5,18.5,1.12281
3289,7.5,25.5,19.5,1.12281
3290,7.5,25.5,20.5,1.12281
3291,7.5,25.5,21.5,1.12281
3292,7.5,25.5,22.5,1.12281
3293,7.5,25.5,23.5,1.12281
3294,7.5,25.5,24.5,1.12281
3295,7.5,25.5,25.5,1.12281
3296,7.5,25.5,26.5,1.12281
3297,7.5,25.5,27.5,1.12281
3298,7.5,25.5,28.5,1.12281
3299,7.5,25.5,29.5,1.12281
3300,7.5,26.5,0.5,1.12281
3301,7.5,26.5,1.5,1.12281
3302,7.5,26.5,2.5,1.12281
3303,7.5,26.5,3.5,1.12281
3304,7.5,26.5,4.5,1.12281
3305,7.5,26.5,5.5,1.12281
3306,7.5,26.5,6.5,1.12281
3307,7.5,26.5,7.5,1.12281
3308,7.5,26.5,8.5,1.12281
3309,7.5,26.5,9.5,1.12281
3310,7.5,26.5,10.5,1.12281
3311,7.5,26.5,11.5,1.12281
3312,7.5,26.5,12.5,1.12281
3313,7.5,26.5,13.5,1.12281
3314,7.5,26.5,14.5,1.12281
3315,7.5,26.5,15.5,1.12281
3316,7.5,26.5,16.5,1.12281
3317,7.5,26.5,17.5,1.12281
3318,7.5,26.5,18.5,1.12281
3319,7.5,26.5,19.5,1.12281
3320,7.5,26.5,20.5,1.12281
3321,7.5,26.5,21.5,1.12281
3322,7.5,26.5,22.5,1.12281
3323,7.5,26.5,23.5,1.12281
3324,7.5,26.5,24.5,1.12281
3325,7.5,26.5,25.5,1.12281
3326,7.5,26.5,26.5,1.12281
3327,7.5,26.5,27.5,1.12281
3328,7.5,26.5,28.5,1.12281
3329,7.5,26.5,29.5,1.12281
3330,7.5,27.5,0.5,1.12281
3331,7.5,27.5,1.5,1.12281
3332,7.5,27.5,2.5,1.12281
3333,7.5,27.5,3.5,1.12281
3334,7.5,27.5,4.5,1.12281
3335,7.5,27.5,5.5,1.12281
3336,7.5,27.5,6.5,1.12281
3337,7.5,27.5,7.5,1.12281
3338,7.5,27.5,8.5,1.12281
3339,7.5,27.5,9.5,1.12281
3340,7.5,27.5,10.5,1.12281
3341,7.5,27.5,11.5,1.12281
3342,7.5,27.5,12.5,1.12281
3343,7.5,27.5,13.5,1.12281
3344,7.5,27.5,14.5,1.12281
3345,7.5,27.5,15.5,1.12281
3346,7.5,27.5,16.5,1.12281
3347,7.5,27.5,17.5,1.12281
3348,7.5,27.5,18.5,1.12281
3349,7.5,27.5,19.5,1.12281
3350,7.5,27.5,20.5,1.12281
3351,7.5,27.5,21.5,1.12281
3352,7.5,27.5,22.5,1.12281
3353,7.5,27.5,23.5,1.12281
3354,7.5,27.5,24.5,1.12281
3355,7.5,27.5,25.5,1.12281
3356,7.5,27.5,26.5,1.12281
3357,7.5,27.5,27.5,1.12281
3358,7.5,27.5,28.5,1.12281
3359,7.5,27.5,29.5,1.12281
3360,7.5,28.5,0.5,1.12281
3361,7.5,28.5,1.5,1.12281
3362,7.5,28.5,2.5,1.12281
3363,7.5,28.5,3.5,1.12281
3364,7.5,28.5,4.5,1.12281
3365,7.5,28.5,5.5,1.12281
3366,7.5,28.5,6.5,1.12281
3367,7.5,28.5,7.5,1.12281
3368,7.5,28.5,8.5,1.12281
3369,7.5,28.5,9.5,1.12281
3370,7.5,28.5,10.5,1.12281
3371,7.5,28.5,11.5,1.12281
3372,7.5,28.5,12.5,1.12281
3373,7.5,28.5,13.5,1.12281
3374,7.5,28.5,14.5,1.12281
3375,7.5,28.5,15.5,1.12281
3376,7.5,28.5,16.5,1.12281
3377,7.5,28.5,17.5,1.12281
3378,7.5,28.5,18.5,1.12281
3379,7.5,28.5,19.5,1.12281
3380,7.5,28.5,20.5,1.12281
3381,7.5,28.5,21.5,1.12281
3382,7.5,28.5,22.5,1.12281
3383,7.5,28.5,23.5,1.12281
3384,7.5,28.5,24.5,1.12281
3385,7.5,28.5,25.5,1.12281
3386,7.5,28.5,26.5,1.12281
3387,7.5,28.5,27.5,1.12281
3388,7.5,28.5,28.5,1.12281
3389,7.5,28.5,29.5,1.12281
3390,7.5,29.5,0.5,1.12281
3391,7.5,29.5,1.5,1.12281
3392,7.5,29.5,2.5,1.12281
3393,7.5,29.5,3.5,1.12281
3394,7.5,29.5,4.5,1.12281
3395,7.5,29.5,5.5,1.12281
3396,7.5,29.5,6.5,1.12281
3397,7.5,29.5,7.5,1.12281
3398,7.5,29.5,8.5,1.12281
3399,7.5,29.5,9.5,1.12281
3400,7.5,29.5,10.5,1.12281
3401,7.5,29.5,11.5,1.12281
3402,7.5,29.5,12.5,1.12281
3403,7.5,29.5,13.5,1.12281
3404,7.5,29.5,14.5,1.12281
3405,7.5,29.5,15.5,1.12281
3406,7.5,29.5,16.5,1.12281
3407,7.5,29.5,17.5,1.12281
3408,7.5,29.5,18.5,1.12281
3409,7.5,29.5,19.5,1.12281
3410,7.5,29.5,20.5,1.12281
3411,7.5,29.5,21.5,1.12281
3412,7.5,29.5,22.5,1.12281
3413,7.5,29.5,23.5,1.12281
3414,7.5,29.5,24.5,1.12281
3415,7.5,29.5,25.5,1.12281
3416,7.5,29.5,26.5,1.12281
3417,7.5,29.5,27.5,1.12281
3418,7.5,29.5,28.5,1.12281
3419,7.5,29.5,29.5,1.12281
3420,7.5,30.5,0.5,1.12281
3421,7.5,30.5,1.5,1.12281
3422,7.5,30.5,2.5,1.12281
3423,7.5,30.5,3.5,1.12281
3424,7.5,30.5,4.5,1.12281
3425,7.5,30.5,5.5,1.12281
3426,7.5,30.5,6.5,1.12281
3427,7.5,30.5,7.5,1.12281
3428,7.5,30.5,8.5,1.12281
3429,7.5,30.5,9.5,1.12281
3430,7.5,30.5,10.5,1.12281
3431,7.5,30.5,11.5,1.12281
3432,7.5,30.5,12.5,1.12281
3433,7.5,30.5,13.5,1.12281
3434,7.5,30.5,14.5,1.12281
3435,7.5,30.5,15.5,1.12281
3436,7.5,30.5,16.5,1.12281
3437,7.5,30.5,17.5,1.12281
3438,7.5,30.5,18.5,1.12281
3439,7.5,30.5,19.5,1.12281
3440,7.5,30.5,20.5,1.12281
3441,7.5,30.5,21.5,1.12281
3442,7.5,30.5,22.5,1.12281
3443,7.5,30.5,23.5,1.12281
3444,7.5,30.5,24.5,1.12281
3445,7.5,30.5,25.5,1.12281
3446,7.5,30.5,26.5,1.12281
3447,7.5,30.5,27.5,1.12281
3448,7.5,30.5,28.5,1.12281
3449,7.5,30.5,29.5,1.12281
3450,7.5,31.5,0.5,1.12281
3451,7.5,31.5,1.5,1.12281
3452,7.5,31.5,2.5,1.12281
3453,7.5,31.5,3.5,1.12281
3454,7.5,31.5,4.5,1.12281
3455,7.5,31.5,5.5,1.12281
3456,7.5,31.5,6.5,1.12281
3457,7.5,31.5,7.5,1.12281
3458,7.5,31.5,8.5,1.12281
3459,7.5,31.5,9.5,1.12281
3460,7.5,31.5,10.5,1.12281
3461,7.5,31.5,11.5,1.12281
3462,7.5,31.5,12.5,1.12281
3463,7.5,31.5,13.5,1.12281
3464,7.5,31.5,14.5,1.12281
3465,7.5,31.5,15.5,1.12281
3466,7.5,31.5,16.5,1.12281
3467,7.5,31.5,17.5,1.12281
3468,7.5,31.5,18.5,1.12281
3469,7.5,31.5,19.5,1.12281
3470,7.5,31.5,20.5,1.12281
3471,7.5,31.5,21.5,1.12281
3472,7.5,31.5,22.5,1.12281
3473,7.5,31.5,23.5,1.12281
3474,7.5,31.5,24.5,1.12281
3475,7.5,31.5,25.5,1.12281
3476,7.5,31.5,26.5,1.12281
3477,7.5,31.5,27.5,1.12281
3478,7.5,31.5,28.5,1.12281
3479,7.5,31.5,29.5,1.12281
3480,7.5,32.5,0.5,1.12281
3481,7.5,32.5,1.5,1.12281
3482,7.5,32.5,2.5,1.12281
3483,7.5,32.5,3.5,1.12281
3484,7.5,32.5,4.5,1.12281
3485,7.5,32.5,5.5,1.12281
3486,7.5,32.5,6.5,1.12281
3487,7.5,32.5,7.5,1.12281
3488,7.5,32.5,8.5,1.12281
3489,7.5,32.5,9.5,1.12281
3490,7.5,32.5,10.5,1.12281
3491,7.5,32.5,11.5,1.12281
3492,7.5,32.5,12.5,1.12281
3493,7.5,32.5,13.5,1.12281
3494,7.5,32.5,14.5,1.12281
3495,7.5,32.5,15.5,1.12281
3496,7.5,32.5,16.5,1.12281
3497,7.5,32.5,17.5,1.12281
3498,7.5,32.5,18.5,1.12281
3499,7.5,32.5,19.5,1.12281
3500,7.5,32.5,20.5,1.12281
3501,7.5,32.5,21.5,1.12281
3502,7.5,32.5,22.5,1.12281
3503,7.5,32.5,23.5,1.12281
3504,7.5,32.5,24.5,1.12281
3505,7.5,32.5,25.5,1.12281
3506,7.5,32.5,26.5,1.12281
3507,7.5,32.5,27.5,1.12281
3508,7.5,32.5,28.5,1.12281
3509,7.5,32.5,29.5,1.12281
3510,7.5,33.5,0.5,1.12281
3511,7.5,33.5,1.5,1.12281
3512,7.5,33.5,2.5,1.12281
3513,7.5,33.5,3.5,1.12281
3514,7.5,33.5,4.5,1.12281
3515,7.5,33.5,5.5,1.12281
3516,7.5,33.5,6.5,1.12281
3517,7.5,33.5,7.5,1.12281
3518,7.5,33.5,8.5,1.12281
3519,7.5,33.5,9.5,1.12281
3520,7.5,33.5,10.5,1.12281
3521,7.5,33.5,11.5,1.12281
3522,7.5,33.5,12.5,1.12281
3523,7.5,33.5,13.5,1.12281
3524,7.5,33.5,14.5,1.12281
3525,7.5,33.5,15.5,1.12281
3526,7.5,33.5,16.5,1.12281
3527,7.5,33.5,17.5,1.12281
3528,7.5,33.5,18.5,1.12281
3529,7.5,33.5,19.5,1.12281
3530,7.5,33.5,20.5,1.12281
3531,7.5,33.5,21.5,1.12281
3532,7.5,33.5,22.5,1.12281
3533,7.5,33.5,23.5,1.12281
3534,7.5,33.5,24.5,1.12281
3535,7.5,33.5,25.5,1.12281
3536,7.5,33.5,26.5,1.12281
3537,7.5,33.5,27.5,1.12281
3538,7.5,33.5,28.5,1.12281
3539,7.5,33.5,29.5,1.12281
3540,7.5,34.5,0.5,1.12281
3541,7.5,34.5,1.5,1.12281
3542,7.5,34.5,2.5,1.12281
3543,7.5,34.5,3.5,1.12281
3544,7.5,34.5,4.5,1.12281
3545,7.5,34.5,5.5,1.12281
3546,7.5,34.5,6.5,1.12281
3547,7.5,34.5,7.5,1.12281
3548,7.5,34.5,8.5,1.12281
3549,7.5,34.5,9.5,1.12281
3550,7.5,34.5,10.5,1.12281
3551,7.5,34.5,11.5,1.12281
3552,7.5,34.5,12.5,1.12281
3553,7.5,34.5,13.5,1.12281
3554,7.5,34.5,14.5,1.12281
3555,7.5,34.5,15.5,1.12281
3556,7.5,34.5,16.5,1.12281
3557,7.5,34.5,17.5,1.12281
3558,7.5,34.5,18.5,1.12281
3559,7.5,34.5,19.5,1.12281
3560,7.5,34.5,20.5,1.12281
3561,7.5,34.5,21.5,1.12281
3562,7.5,34.5,22.5,1.12281
3563,7.5,34.5,23.5,1.12281
3564,7.5,34.5,24.5,1.12281
3565,7.5,34.5,25.5,1.12281
3566,7.5,34.5,26.5,1.12281
3567,7.5,34.5,27.5,1.12281
3568,7.5,34.5,28.5,1.12281
3569,7.5,34.5,29.5,1.12281
3570,7.5,35.5,0.5,1.12281
3571,7.5,35.5,1.5,1.12281
3572,7.5,35.5,2.5,1.12281
3573,7.5,35.5,3.5,1.12281
3574,7.5,35.5,4.5,1.12281
3575,7.5,35.5,5.5,1.12281
3576,7.5,35.5,6.5,1.12281
3577,7.5,35.5,7.5,1.12281
3578,7.5,35.5,8.5,1.12281
3579,7.5,35.5,9.5,1.12281
3580,7.5,35.5,10.5,1.12281
3581,7.5,35.5,11.5,1.12281
3582,7.5,35.5,12.5,1.12281
3583,7.5,35.5,13.5,1.12281
3584,7.5,35.5,14.5,1.12281
3585,7.5,35.5,15.5,1.12281
3586,7.5,35.5,16.5,1.12281
3587,7.5,35.5,17.5,1.12281
3588,7.5,35.5,18.5,1.12281
3589,7.5,35.5,19.5,1.12281
3590,7.5,35.5,20.5,1.12281
3591,7.5,35.5,21.5,1.12281
3592,7.5,35.5,22.5,1.12281
3593,7.5,35.5,23.5,1.12281
3594,7.5,35.5,24.5,1.12281
3595,7.5,35.5,25.5,1.12281
3596,7.5,35.5,26.5,1.12281
3597,7.5,35.5,27.5,1.12281
3598,7.5,35.5,28.5,1.12281
3599,7.5,35.5,29.5,1.12281
3600,8.5,0.5,0.5,1.12281
3601,8.5,0.5,1.5,1.12281
3602,8.5,0.5,2.5,1.12281
3603,8.5,0.5,3.5,1.12281
3604,8.5,0.5,4.5,1.12281
3605,8.5,0.5,5.5,1.12281
3606,8.5,0.5,6.5,1.12281
3607,8.5,0.5,7.5,1.12281
3608,8.5,0.5,8.5,1.12281
3609,8.5,0.5,9.5,1.12281
3610,8.5,0.5,10.5,1.12281
3611,8.5,0.5,11.5,1.12281
3612,8.5,0.5,12.5,1.12281
3613,8.5,0.5,13.5,1.12281
3614,8.5,0.5,14.5,1.12281
3615,8.5,0.5,15.5,1.12281
3616,8.5,0.5,16.5,1.12281
3617,8.5,0.5,17.5,1.12281
3618,8.5,0.5,18.5,1.12281
3619,8.5,0.5,19.5,1.12281
3620,8.5,0.5,20.5,1.12281
3621,8.5,0.5,21.5,1.12281
3622,8.5,0.5,22.5,1.12281
3623,8.5,0.5,23.5,1.12281
3624,8.5,0.5,24.5,1.12281
3625,8.5,0.5,25.5,1.12281
3626,8.5,0.5,26.5,1.12281
3627,8.5,0.5,27.5,1.12281
3628,8.5,0.5,28.5,1.12281
3629,8.5,0.5,29.5,1.12281
3630,8.5,1.5,0.5,1.12281
3631,8.5,1.5,1.5,1.12281
3632,8.5,1.5,2.5,1.12281
3633,8.5,1.5,3.5,1.12281
3634,8.5,1.5,4.5,1.12281
3635,8.5,1.5,5.5,1.12281
3636,8.5,1.5,6.5,1.12281
3637,8.5,1.5,7.5,1.12281
3638,8.5,1.5,8.5,1.12281
3639,8.5,1.5,9.5,1.12281
3640,8.5,1.5,10.5,1.12281
3641,8.5,1.5,11.5,1.12281
3642,8.5,1.5,12.5,1.12281
3643,8.5,1.5,13.5,1.12281
3644,8.5,1.5,14.5,1.12281
3645,8.5,1.5,15.5,1.12281
3646,8.5,1.5,16.5,1.12281
3647,8.5,1.5,17.5,1.12281
3648,8.5,1.5,18.5,1.12281
3649,8.5,1.5,19.5,1.12281
3650,8.5,1.5,20.5,1.12281
3651,8.5,1.5,21.5,1.12281
3652,8.5,1.5,22.5,1.12281
3653,8.5,1.5,23.5,1.12281
3654,8.5,1.5,24.5,1.12281
3655,8.5,1.5,25.5,1.12281
3656,8.5,1.5,26.5,1.12281
3657,8.5,1.5,27.5,1.12281
3658,8.5,1.5,28.5,1.12281
3659,8.5,1.5,29.5,1.12281
3660,8.5,2.5,0.5,1.12281
3661,8.5,2.5,1.5,1.12281
3662,8.5,2.5,2.5,1.12281
3663,8.5,2.5,3.5,1.12281
3664,8.5,2.5,4.5,1.12281
3665,8.5,2.5,5.5,1.12281
3666,8.5,2.5,6.5,1.12281
3667,8.5,2.5,7.5,1.12281
3668,8.5,2.5,8.5,1.12281
3669,8.5,2.5,9.5,1.12281
3670,8.5,2.5,10.5,1.12281
3671,8.5,2.5,11.5,1.12281
3672,8.5,2.5,12.5,1.12281
3673,8.5,2.5,13.5,1.12281
3674,8.5,2.5,14.5,1.12281
3675,8.5,2.5,15.5,1.12281
3676,8.5,2.5,16.5,1.12281
3677,8.5,2.5,17.5,1.12281
3678,8.5,2.5,18.5,1.12281
3679,8.5,2.5,19.5,1.12281
3680,8.5,2.5,20.5,1.12281
3681,8.5,2.5,21.5,1.12281
3682,8.5,2.5,22.5,1.12281
3683,8.5,2.5,23.5,1.12281
3684,8.5,2.5,24.5,1.12281
3685,8.5,2.5,25.5,1.12281
3686,8.5,2.5,26.5,1.12281
3687,8.5,2.5,27.5,1.12281
3688,8.5,2.5,28.5,1.12281
3689,8.5,2.5,29.5,1.12281
3690,8.5,3.5,0.5,1.12281
3691,8.5,3.5,1.5,1.12281
3692,8.5,3.5,2.5,1.12281
3693,8.5,3.5,3.5,1.12281
3694,8.5,3.5,4.5,1.12281
3695,8.5,3.5,5.5,1.12281
3696,8.5,3.5,6.5,1.12281
3697,8.5,3.5,7.5,1.12281
3698,8.5,3.5,8.5,1.12281
3699,8.5,3.5,9.5,1.12281
3700,8.5,3.5,10.5,1.12281
3701,8.5,3.5,11.5,1.12281
3702,8.5,3.5,12.5,1.12281
3703,8.5,3.5,13.5,1.12281
3704,8.5,3.5,14.5,1.12281
3705,8.5,3.5,15.5,1.12281
3706,8.5,3.5,16.5,1.12281
3707,8.5,3.5,17.5,1.12281
3708,8.5,3.5,18.5,1.12281
3709,8.5,3.5,19.5,1.12281
3710,8.5,3.5,20.5,1.12281
3711,8.5,3.5,21.5,1.12281
3712,8.5,3.5,22.5,1.12281
3713,8.5,3.5,23.5,1.12281
3714,8.5,3.5,24.5,1.12281
3715,8.5,3.5,25.5,1.12281
3716,8.5,3.5,26.5,1.12281
3717,8.5,3.5,27.5,1.12281
3718,8.5,3.5,28.5,1.12281
3719,8.5,3.5,29.5,1.12281
3720,8.5,4.5,0.5,1.12281
3721,8.5,4.5,1.5,1.12281
3722,8.5,4.5,2.5,1.12281
3723,8.5,4.5,3.5,1.12281
3724,8.5,4.5,4.5,1.12281
3725,8.5,4.5,5.5,1.12281
3726,8.5,4.5,6.5,1.12281
3727,8.5,4.5,7.5,1.12281
3728,8.5,4.5,8.5,1.12281
3729,8.5,4.5,9.5,1.12281
3730,8.5,4.5,10.5,1.12281
3731,8.5,4.5,11.5,1.12281
3732,8.5,4.5,12.5,1.12281
3733,8.5,4.5,13.5,1.12281
3734,8.5,4.5,14.5,1.12281
3735,8.5,4.5,15.5,1.12281
3736,8.5,4.5,16.5,1.12281
3737,8.5,4.5,17.5,1.12281
3738,8.5,4.5,18.5,1.12281
3739,8.5,4.5,19.5,1.12281
3740,8.5,4.5,20.5,1.12281
3741,8.5,4.5,21.5,1.12281
3742,8.5,4.5,22.5,1.12281
3743,8.5,4.5,23.5,1.12281
3744,8.5,4.5,24.5,1.12281
3745,8.5,4.5,25.5,1.12281
3746,8.5,4.5,26.5,1.12281
3747,8.5,4.5,27.5,1.12281
3748,8.5,4.5,28.5,1.12281
3749,8.5,4.5,29.5,1.12281
3750,8.5,5.5,0.5,1.12281
3751,8.5,5.5,1.5,1.12281
3752,8.5,5.5,2.5,1.12281
3753,8.5,5.5,3.5,1.12281
3754,8.5,5.5,4.5,1.12281
3755,8.5,5.5,5.5,1.12281
3756,8.5,5.5,6.5,1.12281
3757,8.5,5.5,7.5,1.12281
3758,8.5,5.5,8.5,1.12281
3759,8.5,5.5,9.5,1.12281
3760,8.5,5.5,10.5,1.12281
3761,8.5,5.5,11.5,1.12281
3762,8.5,5.5,12.5,1.12281
3763,8.5,5.5,13.5,1.12281
3764,8.5,5.5,14.5,1.12281
3765,8.5,5.5,15.5,1.12281
3766,8.5,5.5,16.5,1.12281
3767,8.5,5.5,17.5,1.12281
3768,8.5,5.5,18.5,1.12281
3769,8.5,5.5,19.5,1.12281
3770,8.5,5.5,20.5,1.12281
3771,8.5,5.5,21.5,1.12281
3772,8.5,5.5,22.5,1.12281
3773,8.5,5.5,23.5,1.12281
3774,8.5,5.5,24.5,1.12281
3775,8.5,5.5,25.5,1.12281
3776,8.5,5.5,26.5,1.12281
3777,8.5,5.5,27.5,1.12281
3778,8.5,5.5,28.5,1.12281
3779,8.5,5.5,29.5,1.12281
3780,8.5,6.5,0.5,1.12281
3781,8.5,6.5,1.5,1.12281
3782,8.5,6.5,2.5,1.12281
3783,8.5,6.5,3.5,1.12281
3784,8.5,6.5,4.5,1.12281
3785,8.5,6.5,5.5,1.12281
3786,8.5,6.5,6.5,1.12281
3787,8.5,6.5,7.5,1.12281
3788,8.5,6.5,8.5,1.12281
3789,8.5,6.5,9.5,1.12281
3790,8.5,6.5,10.5,1.12281
3791,8.5,6.5,11.5,1.12281
3792,8.5,6.5,12.5,1.12281
3793,8.5,6.5,13.5,1.12281
3794,8.5,6.5,14.5,1.12281
3795,8.5,6.5,15.5,1.12281
3796,8.5,6.5,16.5,1.12281
3797,8.5,6.5,17.5,1.12281
3798,8.5,6.5,18.5,1.12281
3799,8.5,6.5,19.5,1.12281
3800,8.5,6.5,20.5,1.12281
3801,8.5,6.5,21.5,1.12281
3802,8.5,6.5,22.5,1.12281
3803,8.5,6.5,23.5,1.12281
3804,8.5,6.5,24.5,1.12281
3805,8.5,6.5,25.5,1.12281
3806,8.5,6.5,26.5,1.12281
3807,8.5,6.5,27.5,1.12281
3808,8.5,6.5,28.5,1.12281
3809,8.5,6.5,29.5,1.12281
3810,8.5,7.5,0.5,1.12281
3811,8.5,7.5,1.5,1.12281
3812,8.5,7.5,2.5,1.12281
3813,8.5,7.5,3.5,1.12281
3814,8.5,7.5,4.5,1.12281
3815,8.5,7.5,5.5,1.12281
3816,8.5,7.5,6.5,1.12281
3817,8.5,7.5,7.5,1.12281
3818,8.5,7.5,8.5,1.12281
3819,8.5,7.5,9.5,1.12281
3820,8.5,7.5,10.5,1.12281
3821,8.5,7.5,11.5,1.12281
3822,8.5,7.5,12.5,1.12281
3823,8.5,7.5,13.5,1.12281
3824,8.5,7.5,14.5,1.12281
3825,8.5,7.5,15.5,1.12281
3826,8.5,7.5,16.5,1.12281
3827,8.5,7.5,17.5,1.12281
3828,8.5,7.5,18.5,1.12281
3829,8.5,7.5,19.5,1.12281
3830,8.5,7.5,20.5,1.12281
3831,8.5,7.5,21.5,1.12281
3832,8.5,7.5,22.5,1.12281
3833,8.5,7.5,23.5,1.12281
3834,8.5,7.5,24.5,1.12281
3835,8.5,7.5,25.5,1.12281
3836,8.5,7.5,26.5,1.12281
3837,8.5,7.5,27.5,1.12281
3838,8.5,7.5,28.5,1.12281
3839,8.5,7.5,29.5,1.12281
3840,8.5,8.5,0.5,1.12281
3841,8.5,8.5,1.5,1.12281
3842,8.5,8.5,2.5,1.12281
3843,8.5,8.5,3.5,1.12281
3844,8.5,8.5,4.5,1.12281
3845,8.5,8.5,5.5,1.12281
3846,8.5,8.5,6.5,1.12281
3847,8.5,8.5,7.5,1.12281
3848,8.5,8.5,8.5,1.12281
3849,8.5,8.5,9.5,1.12281
3850,8.5,8.5,10.5,1.12281
3851,8.5,8.5,11.5,1.12281
3852,8.5,8.5,12.5,1.12281
3853,8.5,8.5,13.5,1.12281
3854,8.5,8.5,14.5,1.12281
3855,8.5,8.5,15.5,1.12281
3856,8.5,8.5,16.5,1.12281
3857,8.5,8.5,17.5,1.12281
3858,8.5,8.5,18.5,1.12281
3859,8.5,8.5,19.5,1.12281
3860,8.5,8.5,20.5,1.12281
3861,8.5,8.5,21.5,1.12281
3862,8.5,8.5,22.5,1.12281
3863,8.5,8.5,23.5,1.12281
3864,8.5,8.5,24.5,1.12281
3865,8.5,8.5,25.5,1.12281
3866,8.5,8.5,26.5,1.12281
3867,8.5,8.5,27.5,1.12281
3868,8.5,8.5,28.5,1.12281
3869,8.5,8.5,29.5,1.12281
3870,8.5,9.5,0.5,1.12281
3871,8.5,9.5,1.5,1.12281
3872,8.5,9.5,2.5,1.12281
3873,8.5,9.5,3.5,1.12281
3874,8.5,9.5,4.5,1.12281
3875,8.5,9.5,5.5,1.12281
3876,8.5,9.5,6.5,1.12281
3877,8.5,9.5,7.5,1.12281
3878,8.5,9.5,8.5,1.12281
3879,8.5,9.5,9.5,1.12281
3880,8.5,9.5,10.5,1.12281
3881,8.5,9.5,11.5,1.12281
3882,8.5,9.5,12.5,1.12281
3883,8.5,9.5,13.5,1.12281
3884,8.5,9.5,14.5,1.12281
3885,8.5,9.5,15.5,1.12281
3886,8.5,9.5,16.5,1.12281
3887,8.5,9.5,17.5,1.12281
3888,8.5,9.5,18.5,1.12281
3889,8.5,9.5,19.5,1.12281
3890,8.5,9.5,20.5,1.12281
3891,8.5,9.5,21.5,1.12281
3892,8.5,9.5,22.5,1.12281
3893,8.5,9.5,23.5,1.12281
3894,8.5,9.5,24.5,1.12281
3895,8.5,9.5,25.5,1.12281
3896,8.5,9.5,26.5,1.12281
3897,8.5,9.5,27.5,1.12281
3898,8.5,9.5,28.5,1.12281
3899,8.5,9.5,29.5,1.12281
3900,8.5,10.5,0.5,1.12281
3901,8.5,10.5,1.5,1.12281
3902,8.5,10.5,2.5,1.12281
3903,8.5,10.5,3.5,1.12281
3904,8.5,10.5,4.5,1.12281
3905,8.5,10.5,5.5,1.12281
3906,8.5,10.5,6.5,1.12281
3907,8.5,10.5,7.5,1.12281
3908,8.5,10.5,8.5,1.12281
3909,8.5,10.5,9.5,1.12281
3910,8.5,10.5,10.5,1.12281
3911,8.5,10.5,11.5,1.12281
3912,8.5,10.5,12.5,1.12281
3913,8.5,10.5,13.5,1.12281
3914,8.5,10.5,14.5,1.12281
3915,8.5,10.5,15.5,1.12281
3916,8.5,10.5,16.5,1.12281
3917,8.5,10.5,17.5,1.12281
3918,8.5,10.5,18.5,1.12281
3919,8.5,10.5,19.5,1.12281
3920,8.5,10.5,20.5,1.12281
3921,8.5,10.5,21.5,1.12281
3922,8.5,10.5,22.5,1.12281
3923,8.5,10.5,23.5,1.12281
3924,8.5,10.5,24.5,1.12281
3925,8.5,10.5,25.5,1.12281
3926,8.5,10.5,26.5,1.12281
3927,8.5,10.5,27.5,1.12281
3928,8.5,10.5,28.5,1.12281
3929,8.5,10.5,29.5,1.12281
3930,8.5,11.5,0.5,1.12281
3931,8.5,11.5,1.5,1.12281
3932,8.5,11.5,2.5,1.12281
3933,8.5,11.5,3.5,1.12281
3934,8.5,11.5,4.5,1.12281
3935,8.5,11.5,5.5,1.12281
3936,8.5,11.5,6.5,1.12281
3937,8.5,11.5,7.5,1.12281
3938,8.5,11.5,8.5,1.12281
3939,8.5,11.5,9.5,1.12281
3940,8.5,11.5,10.5,1.12281
3941,8.5,11.5,11.5,1.12281
3942,8.5,11.5,12.5,1.12281
3943,8.5,11.5,13.5,1.12281
3944,8.5,11.5,14.5,1.12281
3945,8.5,11.5,15.5,1.12281
3946,8.5,11.5,16.5,1.12281
3947,8.5,11.5,17.5,1.12281
3948,8.5,11.5,18.5,1.12281
3949,8.5,11.5,19.5,1.12281
3950,8.5,11.5,20.5,1.12281
3951,8.5,11.5,21.5,1.12281
3952,8.5,11.5,22.5,1.12281
3953,8.5,11.5,23.5,1.12281
3954,8.5,11.5,24.5,1.12281
3955,8.5,11.5,25.5,1.12281
3956,8.5,11.5,26.5,1.12281
3957,8.5,11.5,27.5,1.12281
3958,8.5,11.5,28.5,1.12281
3959,8.5,11.5,29.5,1.12281
3960,8.5,12.5,0.5,1.12281
3961,8.5,12.5,1.5,1.12281
3962,8.5,12.5,2.5,1.12281
3963,8.5,12.5,3.5,1.12281
3964,8.5,12.5,4.5,1.12281
3965,8.5,12.5,5.5,1.12281
3966,8.5,12.5,6.5,1.12281
3967,8.5,12.5,7.5,1.12281
3968,8.5,12.5,8.5,1.12281
3969,8.5,12.5,9.5,1.12281
3970,8.5,12.5,10.5,1.12281
3971,8.5,12.5,11.5,1.12281
3972,8.5,12.5,12.5,1.12281
3973,8.5,12.5,13.5,1.12281
3974,8.5,12.5,14.5,1.12281
3975,8.5,12.5,15.5,1.12281
3976,8.5,12.5,16.5,1.12281
3977,8.5,12.5,17.5,1.12281
3978,8.5,12.5,18.5,1.12281
3979,8.5,12.5,19.5,1.12281
3980,8.5,12.5,20.5,1.12281
3981,8.5,12.5,21.5,1.12281
3982,8.5,12.5,22.5,1.12281
3983,8.5,12.5,23.5,1.12281
3984,8.5,12.5,24.5,1.12281
3985,8.5,12.5,25.5,1.12281
3986,8.5,12.5,26.5,1.12281
3987,8.5,12.5,27.5,1.12281
3988,8.5,12.5,28.5,1.12281
3989,8.5,12.5,29.5,1.12281
3990,8.5,13.5,0.5,1.12281
3991,8.5,13.5,1.5,1.12281
3992,8.5,13.5,2.5,1.12281
3993,8.5,13.5,3.5,1.12281
3994,8.5,13.5,4.5,1.12281
3995,8.5,13.5,5.5,1.12281
3996,8.5,13.5,6.5,1.12281
3997,8.5,13.5,7.5,1.12281
3998,8.5,13.5,8.5,1.12281
3999,8.5,13.5,9.5,1.12281
4000,8.5,13.5,10.5,1.12281
4001,8.5,13.5,11.5,1.12281
4002,8.5,13.5,12.5,1.12281
4003,8.5,13.5,13.5,1.12281
4004,8.5,13.5,14.5,1.12281
4005,8.5,13.5,15.5,1.12281
4006,8.5,13.5,16.5,1.12281
4007,8.5,13.5,17.5,1.12281
4008,8.5,13.5,18.5,1.12281
4009,8.5,13.5,19.5,1.12281
4010,8.5,13.5,20.5,1.12281
4011,8.5,13.5,21.5,1.12281
4012,8.5,13.5,22.5,1.12281
4013,8.5,13.5,23.5,1.12281
4014,8.5,13.5,24.5,1.12281
4015,8.5,13.5,25.5,1.12281
4016,8.5,13.5,26.5,1.12281
4017,8.5,13.5,27.5,1.12281
4018,8.5,13.5,28.5,1.12281
4019,8.5,13.5,29.5,1.12281
4020,8.5,14.5,0.5,1.12281
4021,8.5,14.5,1.5,1.12281
4022,8.5,14.5,2.5,1.12281
4023,8.5,14.5,3.5,1.12281
4024,8.5,14.5,4.5,1.12281
4025,8.5,14.5,5.5,1.12281
4026,8.5,14.5,6.5,1.12281
4027,8.5,14.5,7.5,1.12281
4028,8.5,14.5,8.5,1.12281
4029,8.5,14.5,9.5,1.12281
4030,8.5,14.5,10.5,1.12281
4031,8.5,14.5,11.5,1.12281
4032,8.5,14.5,12.5,1.12281
4033,8.5,14.5,13.5,1.12281
4034,8.5,14.5,14.5,1.12281
4035,8.5,14.5,15.5,1.12281
4036,8.5,14.5,16.5,1.12281
4037,8.5,14.5,17.5,1.12281
4038,8.5,14.5,18.5,1.12281
4039,8.5,14.5,19.5,1.12281
4040,8.5,14.5,20.5,1.12281
4041,8.5,14.5,21.5,1.12281
4042,8.5,14.5,22.5,1.12281
4043,8.5,14.5,23.5,1.12281
4044,8.5,14.5,24.5,1.12281
4045,8.5,14.5,25.5,1.12281
4046,8.5,14.5,26.5,1.12281
4047,8.5,14.5,27.5,1.12281
4048,8.5,14.5,28.5,1.12281
4049,8.5,14.5,29.5,1.12281
4050,8.5,15.5,0.5,1.12281
4051,8.5,15.5,1.5,1.12281
4052,8.5,15.5,2.5,1.12281
4053,8.5,15.5,3.5,1.12281
4054,8.5,15.5,4.5,1.12281
4055,8.5,15.5,5.5,1.12281
4056,8.5,15.5,6.5,1.12281
4057,8.5,15.5,7.5,1.12281
4058,8.5,15.5,8.5,1.12281
4059,8.5,15.5,9.5,1.12281
4060,8.5,15.5,10.5,1.12281
4061,8.5,15.5,11.5,1.12281
4062,8.5,15.5,12.5,1.12281
4063,8.5,15.5,13.5,1.12281
4064,8.5,15.5,14.5,1.12281
4065,8.5,15.5,15.5,1.12281
4066,8.5,15.5,16.5,1.12281
4067,8.5,15.5,17.5,1.12281
4068,8.5,15.5,18.5,1.12281
4069,8.5,15.5,19.5,1.12281
4070,8.5,15.5,20.5,1.12281
4071,8.5,15.5,21.5,1.12281
4072,8.5,15.5,22.5,1.12281
4073,8.5,15.5,23.5,1.12281
4074,8.5,15.5,24.5,1.12281
4075,8.5,15.5,25.5,1.12281
4076,8.5,15.5,26.5,1.12281
4077,8.5,15.5,27.5,1.12281
4078,8.5,15.5,28.5,1.12281
4079,8.5,15.5,29.5,1.12281
4080,8.5,16.5,0.5,1.12281
4081,8.5,16.5,1.5,1.12281
4082,8.5,16.5,2.5,1.12281
4083,8.5,16.5,3.5,1.12281
4084,8.5,16.5,4.5,1.12281
4085,8.5,16.5,5.5,1.12281
4086,8.5,16.5,6.5,1.12281
4087,8.5,16.5,7.5,1.12281
4088,8.5,16.5,8.5,1.12281
4089,8.5,16.5,9.5,1.12281
4090,8.5,16.5,10.5,1.12281
4091,8.5,16.5,11.5,1.12281
4092,8.5,16.5,12.5,1.12281
4093,8.5,16.5,13.5,1.12281
4094,8.5,16.5,14.5,1.12281
4095,8.5,16.5,15.5,1.12281
4096,8.5,16.5,16.5,1.12281
4097,8.5,16.5,17.5,1.12281
4098,8.5,16.5,18.5,1.12281
4099,8.5,16.5,19.5,1.12281
4100,8.5,16.5,20.5,1.12281
4101,8.5,16.5,21.5,1.12281
4102,8.5,16.5,22.5,1.12281
4103,8.5,16.5,23.5,1.12281
4104,8.5,16.5,24.5,1.12281
4105,8.5,16.5,25.5,1.12281
4106,8.5,16.5,26.5,1.12281
4107,8.5,16.5,27.5,1.12281
4108,8.5,16.5,28.5,1.12281
4109,8.5,16.5,29.5,1.12281
4110,8.5,17.5,0.5,1.12281
4111,8.5,17.5,1.5,1.12281
4112,8.5,17.5,2.5,1.12281
4113,8.5,17.5,3.5,1.12281
4114,8.5,17.5,4.5,1.12281
4115,8.5,17.5,5.5,1.12281
4116,8.5,17.5,6.5,1.12281
4117,8.5,17.5,7.5,1.12281
4118,8.5,17.5,8.5,1.12281
4119,8.5,17.5,9.5,1.12281
4120,8.5,17.5,10.5,1.12281
4121,8.5,17.5,11.5,1.12281
4122,8.5,17.5,12.5,1.12281
4123,8.5,17.5,13.5,1.12281
4124,8.5,17.5,14.5,1.12281
4125,8.5,17.5,15.5,1.12281
4126,8.5,17.5,16.5,1.12281
4127,8.5,17.5,17.5,1.12281
4128,8.5,17.5,18.5,1.12281
4129,8.5,17.5,19.5,1.12281
4130,8.5,17.5,20.5,1.12281
4131,8.5,17.5,21.5,1.12281
4132,8.5,17.5,22.5,1.12281
4133,8.5,17.5,23.5,1.12281
4134,8.5,17.5,24.5,1.12281
4135,8.5,17.5,25.5,1.12281
4136,8.5,17.5,26.5,1.12281
4137,8.5,17.5,27.5,1.12281
4138,8.5,17.5,28.5,1.12281
4139,8.5,17.5,29.5,1.12281
4140,8.5,18.5,0.5,1.12281
4141,8.5,18.5,1.5,1.12281
4142,8.5,18.5,2.5,1.12281
4143,8.5,18.5,3.5,1.12281
4144,8.5,18.5,4.5,1.12281
4145,8.5,18.5,5.5,1.12281
4146,8.5,18.5,6.5,1.12281
4147,8.5,18.5,7.5,1.12281
4148,8.5,18.5,8.5,1.12281
4149,8.5,18.5,9.5,1.12281
4150,8.5,18.5,10.5,1.12281
4151,8.5,18.5,11.5,1.12281
4152,8.5,18.5,12.5,1.12281
4153,8.5,18.5,13.5,1.12281
4154,8.5,18.5,14.5,1.12281
4155,8.5,18.5,15.5,1.12281
4156,8.5,18.5,16.5,1.12281
4157,8.5,18.5,17.5,1.12281
4158,8.5,18.5,18.5,1.12281
4159,8.5,18.5,19.5,1.12281
4160,8.5,18.5,20.5,1.12281
4161,8.5,18.5,21.5,1.12281
4162,8.5,18.5,22.5,1.12281
4163,8.5,18.5,23.5,1.12281
4164,8.5,18.5,24.5,1.12281
4165,8.5,18.5,25.5,1.12281
4166,8.5,18.5,26.5,1.12281
4167,8.5,18.5,27.5,1.12281
4168,8.5,18.5,28.5,1.12281
4169,8.5,18.5,29.5,1.12281
4170,8.5,19.5,0.5,1.12281
4171,8.5,19.5,1.5,1.12281
4172,8.5,19.5,2.5,1.12281
4173,8.5,19.5,3.5,1.12281
4174,8.5,19.5,4.5,1.12281
4175,8.5,19.5,5.5,1.12281
4176,8.5,19.5,6.5,1.12281
4177,8.5,19.5,7.5,1.12281
4178,8.5,19.5,8.5,1.12281
4179,8.5,19.5,9.5,1.12281
4180,8.5,19.5,10.5,1.12281
4181,8.5,19.5,11.5,1.12281
4182,8.5,19.5,12.5,1.12281
4183,8.5,19.5,13.5,1.12281
4184,8.5,19.5,14.5,1.12281
4185,8.5,19.5,15.5,1.12281
4186,8.5,19.5,16.5,1.12281
4187,8.5,19.5,17.5,1.12281
4188,8.5,19.5,18.5,1.12281
4189,8.5,19.5,19.5,1.12281
4190,8.5,19.5,20.5,1.12281
4191,8.5,19.5,21.5,1.12281
4192,8.5,19.5,22.5,1.12281
4193,8.5,19.5,23.5,1.12281
4194,8.5,19.5,24.5,1.12281
4195,8.5,19.5,25.5,1.12281
4196,8.5,19.5,26.5,1.12281
4197,8.5,19.5,27.5,1.12281
4198,8.5,19.5,28.5,1.12281
4199,8.5,19.5,29.5,1.12281
4200,8.5,20.5,0.5,1.12281
4201,8.5,20.5,1.5,1.12281
4202,8.5,20.5,2.5,1.12281
4203,8.5,20.5,3.5,1.12281
4204,8.5,20.5,4.5,1.12281
4205,8.5,20.5,5.5,1.12281
4206,8.5,20.5,6.5,1.12281
4207,8.5,20.5,7.5,1.12281
4208,8.5,20.5,8.5,1.12281
4209,8.5,20.5,9.5,1.12281
4210,8.5,20.5,10.5,1.12281
4211,8.5,20.5,11.5,1.12281
4212,8.5,20.5,12.5,1.12281
4213,8.5,20.5,13.5,1.12281
4214,8.5,20.5,14.5,1.12281
4215,8.5,20.5,15.5,1.12281
4216,8.5,20.5,16.5,1.12281
4217,8.5,20.5,17.5,1.12281
4218,8.5,20.5,18.5,1.12281
4219,8.5,20.5,19.5,1.12281
4220,8.5,20.5,20.5,1.12281
4221,8.5,20.5,21.5,1.12281
4222,8.5,20.5,22.5,1.12281
4223,8.5,20.5,23.5,1.12281
4224,8.5,20.5,24.5,1.12281
4225,8.5,20.5,25.5,1.12281
4226,8.5,20.5,26.5,1.12281
4227,8.5,20.5,27.5,1.12281
4228,8.5,20.5,28.5,1.12281
4229,8.5,20.5,29.5,1.12281
4230,8.5,21.5,0.5,1.12281
4231,8.5,21.5,1.5,1.12281
4232,8.5,21.5,2.5,1.12281
4233,8.5,21.5,3.5,1.12281
4234,8.5,21.5,4.5,1.12281
4235,8.5,21.5,5.5,1.12281
4236,8.5,21.5,6.5,1.12281
4237,8.5,21.5,7.5,1.12281
4238,8.5,21.5,8.5,1.12281
4239,8.5,21.5,9.5,1.12281
4240,8.5,21.5,10.5,1.12281
4241,8.5,21.5,11.5,1.12281
4242,8.5,21.5,12.5,1.12281
4243,8.5,21.5,13.5,1.12281
4244,8.5,21.5,14.5,1.12281
4245,8.5,21.5,15.5,1.12281
4246,8.5,21.5,16.5,1.12281
4247,8.5,21.5,17.5,1.12281
4248,8.5,21.5,18.5,1.12281
4249,8.5,21.5,19.5,1.12281
4250,8.5,21.5,20.5,1.12281
4251,8.5,21.5,21.5,1.12281
4252,8.5,21.5,22.5,1.12281
4253,8.5,21.5,23.5,1.12281
4254,8.5,21.5,24.5,1.12281
4255,8.5,21.5,25.5,1.12281
4256,8.5,21.5,26.5,1.12281
4257,8.5,21.5,27.5,1.12281
4258,8.5,21.5,28.5,1.12281
4259,8.5,21.5,29.5,1.12281
4260,8.5,22.5,0.5,1.12281
4261,8.5,22.5,1.5,1.12281
4262,8.5,22.5,2.5,1.12281
4263,8.5,22.5,3.5,1.12281
4264,8.5,22.5,4.5,1.12281
4265,8.5,22.5,5.5,1.12281
4266,8.5,22.5,6.5,1.12281
4267,8.5,22.5,7.5,1.12281
4268,8.5,22.5,8.5,1.12281
4269,8.5,22.5,9.5,1.12281
4270,8.5,22.5,10.5,1.12281
4271,8.5,22.5,11.5,1.12281
4272,8.5,22.5,12.5,1.12281
4273,8.5,22.5,13.5,1.12281
4274,8.5,22.5,14.5,1.12281
4275,8.5,22.5,15.5,1.12281
4276,8.5,22.5,16.5,1.12281
4277,8.5,22.5,17.5,1.12281
4278,8.5,22.5,18.5,1.12281
4279,8.5,22.5,19.5,1.12281
4280,8.5,22.5,20.5,1.12281
4281,8.5,22.5,21.5,1.12281
4282,8.5,22.5,22.5,1.12281
4283,8.5,22.5,23.5,1.12281
4284,8.5,22.5,24.5,1.12281
4285,8.5,22.5,25.5,1.12281
4286,8.5,22.5,26.5,1.12281
4287,8.5,22.5,27.5,1.12281
4288,8.5,22.5,28.5,1.12281
4289,8.5,22.5,29.5,1.12281
4290,8.5,23.5,0.5,1.12281
4291,8.5,23.5,1.5,1.12281
4292,8.5,23.5,2.5,1.12281
4293,8.5,23.5,3.5,1.12281
4294,8.5,23.5,4.5,1.12281
4295,8.5,23.5,5.5,1.12281
4296,8.5,23.5,6.5,1.12281
4297,8.5,23.5,7.5,1.12281
4298,8.5,23.5,8.5,1.12281
4299,8.5,23.5,9.5,1.12281
4300,8.5,23.5,10.5,1.12281
4301,8.5,23.5,11.5,1.12281
4302,8.5,23.5,12.5,1.12281
4303,8.5,23.5,13.5,1.12281
4304,8.5,23.5,14.5,1.12281
4305,8.5,23.5,15.5,1.12281
4306,8.5,23.5,16.5,1.12281
4307,8.5,23.5,17.5,1.12281
4308,8.5,23.5,18.5,1.12281
4309,8.5,23.5,19.5,1.12281
4310,8.5,23.5,20.5,1.12281
4311,8.5,23.5,21.5,1.12281
4312,8.5,23.5,22.5,1.12281
4313,8.5,23.5,23.5,1.12281
4314,8.5,23.5,24.5,1.12281
4315,8.5,23.5,25.5,1.12281
4316,8.5,23.5,26.5,1.12281
4317,8.5,23.5,27.5,1.12281
4318,8.5,23.5,28.5,1.12281
4319,8.5,23.5,29.5,1.12281
4320,8.5,24.5,0.5,1.12281
4321,8.5,24.5,1.5,1.12281
4322,8.5,24.5,2.5,1.12281
4323,8.5,24.5,3.5,1.12281
4324,8.5,24.5,4.5,1.12281
4325,8.5,24.5,5.5,1.12281
4326,8.5,24.5,6.5,1.12281
4327,8.5,24.5,7.5,1.12281
4328,8.5,24.5,8.5,1.12281
4329,8.5,24.5,9.5,1.12281
4330,8.5,24.5,10.5,1.12281
4331,8.5,24.5,11.5,1.12281
4332,8.5,24.5,12.5,1.12281
4333,8.5,24.5,13.5,1.12281
4334,8.5,24.5,14.5,1.12281
4335,8.5,24.5,15.5,1.12281
4336,8.5,24.5,16.5,1.12281
4337,8.5,24.5,17.5,1.12281
4338,8.5,24.5,18.5,1.12281
4339,8.5,24.5,19.5,1.12281
4340,8.5,24.5,20.5,1.12281
4341,8.5,24.5,21.5,1.12281
4342,8.5,24.5,22.5,1.12281
4343,8.5,24.5,23.5,1.12281
4344,8.5,24.5,24.5,1.12281
4345,8.5,24.5,25.5,1.12281
4346,8.5,24.5,26.5,1.12281
4347,8.5,24.5,27.5,1.12281
4348,8.5,24.5,28.5,1.12281
4349,8.5,24.5,29.5,1.12281
4350,8.5,25.5,0.5,1.12281
4351,8.5,25.5,1.5,1.12281
4352,8.5,25.5,2.5,1.12281
4353,8.5,25.5,3.5,1.12281
4354,8.5,25.5,4.5,1.12281
4355,8.5,25.5,5.5,1.12281
4356,8.5,25.5,6.5,1.12281
4357,8.5,25.5,7.5,1.12281
4358,8.5,25.5,8.5,1.12281
4359,8.5,25.5,9.5,1.12281
4360,8.5,25.5,10.5,1.12281
4361,8.5,25.5,11.5,1.12281
4362,8.5,25.5,12.5,1.12281
4363,8.5,25.5,13.5,1.12281
4364,8.5,25.5,14.5,1.12281
4365,8.5,25.5,15.5,1.12281
4366,8.5,25.5,16.5,1.12281
4367,8.5,25.5,17.5,1.12281
4368,8.5,25.5,18.5,1.12281
4369,8.5,25.5,19.5,1.12281
4370,8.5,25.5,20.5,1.12281
4371,8.5,25.5,21.5,1.12281
4372,8.5,25.5,22.5,1.12281
4373,8.5,25.5,23.5,1.12281
4374,8.5,25.5,24.5,1.12281
4375,8.5,25.5,25.5,1.12281
4376,8.5,25.5,26.5,1.12281
4377,8.5,25.5,27.5,1.12281
4378,8.5,25.5,28.5,1.12281
4379,8.5,25.5,29.5,1.12281
4380,8.5,26.5,0.5,1.12281
4381,8.5,26.5,1.5,1.12281
4382,8.5,26.5,2.5,1.12281
4383,8.5,26.5,3.5,1.12281
4384,8.5,26.5,4.5,1.12281
4385,8.5,26.5,5.5,1.12281
4386,8.5,26.5,6.5,1.12281
4387,8.5,26.5,7.5,1.12281
4388,8.5,26.5,8.5,1.12281
4389,8.5,26.5,9.5,1.12281
4390,8.5,26.5,10.5,1.12281
4391,8.5,26.5,11.5,1.12281
4392,8.5,26.5,12.5,1.12281
4393,8.5,26.5,13.5,1.12281
4394,8.5,26.5,14.5,1.12281
4395,8.5,26.5,15.5,1.12281
4396,8.5,26.5,16.5,1.12281
4397,8.5,26.5,17.5,1.12281
4398,8.5,26.5,18.5,1.12281
4399,8.5,26.5,19.5,1.12281
4400,8.5,26.5,20.5,1.12281
4401,8.5,26.5,21.5,1.12281
4402,8.5,26.5,22.5,1.12281
4403,8.5,26.5,23.5,1.12281
4404,8.5,26.5,24.5,1.12281
4405,8.5,26.5,25.5,1.12281
4406,8.5,26.5,26.5,1.12281
4407,8.5,26.5,27.5,1.12281
4408,8.5,26.5,28.5,1.12281
4409,8.5,26.5,29.5,1.12281
4410,8.5,27.5,0.5,1.12281
4411,8.5,27.5,1.5,1.12281
4412,8.5,27.5,2.5,1.12281
4413,8.5,27.5,3.5,1.12281
4414,8.5,27.5,4.5,1.12281
4415,8.5,27.5,5.5,1.12281
4416,8.5,27.5,6.5,1.12281
4417,8.5,27.5,7.5,1.12281
4418,8.5,27.5,8.5,1.12281
4419,8.5,27.5,9.5,1.12281
4420,8.5,27.5,10.5,1.12281
4421,8.5,27.5,11.5,1.12281
4422,8.5,27.5,12.5,1.12281
4423,8.5,27.5,13.5,1.12281
4424,8.5,27.5,14.5,1.12281
4425,8.5,27.5,15.5,1.12281
4426,8.5,27.5,16.5,1.12281
4427,8.5,27.5,17.5,1.12281
4428,8.5,27.5,18.5,1.12281
4429,8.5,27.5,19.5,1.12281
4430,8.5,27.5,20.5,1.12281
4431,8.5,27.5,21.5,1.12281
4432,8.5,27.5,22.5,1.12281
4433,8.5,27.5,23.5,1.12281
4434,8.5,27.5,24.5,1.12281
4435,8.5,27.5,25.5,1.12281
4436,8.5,27.5,26.5,1.12281
4437,8.5,27.5,27.5,1.12281
4438,8.5,27.5,28.5,1.12281
4439,8.5,27.5,29.5,1.12281
4440,8.5,28.5,0.5,1.12281
4441,8.5,28.5,1.5,1.12281
4442,8.5,28.5,2.5,1.12281
4443,8.5,28.5,3.5,1.12281
4444,8.5,28.5,4.5,1.12281
4445,8.5,28.5,5.5,1.12281
4446,8.5,28.5,6.5,1.12281
4447,8.5,28.5,7.5,1.12281
4448,8.5,28.5,8.5,1.12281
4449,8.5,28.5,9.5,1.12281
4450,8.5,28.5,10.5,1.12281
4451,8.5,28.5,11.5,1.12281
4452,8.5,28.5,12.5,1.12281
4453,8.5,28.5,13.5,1.12281
4454,8.5,28.5,14.5,1.12281
4455,8.5,28.5,15.5,1.12281
4456,8.5,28.5,16.5,1.12281
4457,8.5,28.5,17.5,1.12281
4458,8.5,28.5,18.5,1.12281
4459,8.5,28.5,19.5,1.12281
4460,8.5,28.5,20.5,1.12281
4461,8.5,28.5,21.5,1.12281
4462,8.5,28.5,22.5,1.12281
4463,8.5,28.5,23.5,1.12281
4464,8.5,28.5,24.5,1.12281
4465,8.5,28.5,25.5,1.12281
4466,8.5,28.5,26.5,1.12281
4467,8.5,28.5,27.5,1.12281
4468,8.5,28.5,28.5,1.12281
4469,8.5,28.5,29.5,1.12281
4470,8.5,29.5,0.5,1.12281
4471,8.5,29.5,1.5,1.12281
4472,8.5,29.5,2.5,1.12281
4473,8.5,29.5,3.5,1.12281
4474,8.5,29.5,4.5,1.12281
4475,8.5,29.5,5.5,1.12281
4476,8.5,29.5,6.5,1.12281
4477,8.5,29.5,7.5,1.12281
4478,8.5,29.5,8.5,1.12281
4479,8.5,29.5,9.5,1.12281
4480,8.5,29.5,10.5,1.12281
4481,8.5,29.5,11.5,1.12281
4482,8.5,29.5,12.5,1.12281
4483,8.5,29.5,13.5,1.12281
4484,8.5,29.5,14.5,1.12281
4485,8.5,29.5,15.5,1.12281
4486,8.5,29.5,16.5,1.12281
4487,8.5,29.5,17.5,1.12281
4488,8.5,29.5,18.5,1.12281
4489,8.5,29.5,19.5,1.12281
4490,8.5,29.5,20.5,1.12281
4491,8.5,29.5,21.5,1.12281
4492,8.5,29.5,22.5,1.12281
4493,8.5,29.5,23.5,1.12281
4494,8.5,29.5,24.5,1.12281
4495,8.5,29.5,25.5,1.12281
4496,8.5,29.5,26.5,1.12281
4497,8.5,29.5,27.5,1.12281
4498,8.5,29.5,28.5,1.12281
4499,8.5,29.5,29.5,1.12281
4500,8.5,30.5,0.5,1.12281
4501,8.5,30.5,1.5,1.12281
4502,8.5,30.5,2.5,1.12281
4503,8.5,30.5,3.5,1.12281
4504,8.5,30.5,4.5,1.12281
4505,8.5,30.5,5.5,1.12281
4506,8.5,30.5,6.5,1.12281
4507,8.5,30.5,7.5,1.12281
4508,8.5,30.5,8.5,1.12281
4509,8.5,30.5,9.5,1.12281
4510,8.5,30.5,10.5,1.12281
4511,8.5,30.5,11.5,1.12281
4512,8.5,30.5,12.5,1.12281
4513,8.5,30.5,13.5,1.12281
4514,8.5,30.5,14.5,1.12281
4515,8.5,30.5,15.5,1.12281
4516,8.5,30.5,16.5,1.12281
4517,8.5,30.5,17.5,1.12281
4518,8.5,30.5,18.5,1.12281
4519,8.5,30.5,19.5,1.12281
4520,8.5,30.5,20.5,1.12281
4521,8.5,30.5,21.5,1.12281
4522,8.5,30.5,22.5,1.12281
4523,8.5,30.5,23.5,1.12281
4524,8.5,30.5,24.5,1.12281
4525,8.5,30.5,25.5,1.12281
4526,8.5,30.5,26.5,1.12281
4527,8.5,30.5,27.5,1.12281
4528,8.5,30.5,28.5,1.12281
4529,8.5,30.5,29.5,1.12281
4530,8.5,31.5,0.5,1.12281
4531,8.5,31.5,1.5,1.12281
4532,8.5,31.5,2.5,1.12281
4533,8.5,31.5,3.5,1.12281
4534,8.5,31.5,4.5,1.12281
4535,8.5,31.5,5.5,1.12281
4536,8.5,31.5,6.5,1.12281
4537,8.5,31.5,7.5,1.12281
4538,8.5,31.5,8.5,1.12281
4539,8.5,31.5,9.5,1.12281
4540,8.5,31.5,10.5,1.12281
4541,8.5,31.5,11.5,1.12281
4542,8.5,31.5,12.5,1.12281
4543,8.5,31.5,13.5,1.12281
4544,8.5,31.5,14.5,1.12281
4545,8.5,31.5,15.5,1.12281
4546,8.5,31.5,16.5,1.12281
4547,8.5,31.5,17.5,1.12281
4548,8.5,31.5,18.5,1.12281
4549,8.5,31.5,19.5,1.12281
4550,8.5,31.5,20.5,1.12281
4551,8.5,31.5,21.5,1.12281
4552,8.5,31.5,22.5,1.12281
4553,8.5,31.5,23.5,1.12281
4554,8.5,31.5,24.5,1.12281
4555,8.5,31.5,25.5,1.12281
4556,8.5,31.5,26.5,1.12281
4557,8.5,31.5,27.5,1.12281
4558,8.5,31.5,28.5,1.12281
4559,8.5,31.5,29.5,1.12281
4560,8.5,32.5,0.5,1.12281
4561,8.5,32.5,1.5,1.12281
4562,8.5,32.5,2.5,1.12281
4563,8.5,32.5,3.5,1.12281
4564,8.5,32.5,4.5,1.12281
4565,8.5,32.5,5.5,1.12281
4566,8.5,32.5,6.5,1.12281
4567,8.5,32.5,7.5,1.12281
4568,8.5,32.5,8.5,1.12281
4569,8.5,32.5,9.5,1.12281
4570,8.5,32.5,10.5,1.12281
4571,8.5,32.5,11.5,1.12281
4572,8.5,32.5,12.5,1.12281
4573,8.5,32.5,13.5,1.12281
4574,8.5,32.5,14.5,1.12281
4575,8.5,32.5,15.5,1.12281
4576,8.5,32.5,16.5,1.12281
4577,8.5,32.5,17.5,1.12281
4578,8.5,32.5,18.5,1.12281
4579,8.5,32.5,19.5,1.12281
4580,8.5,32.5,20.5,1.12281
4581,8.5,32.5,21.5,1.12281
4582,8.5,32.5,22.5,1.12281
4583,8.5,32.5,23.5,1.12281
4584,8.5,32.5,24.5,1.12281
4585,8.5,32.5,25.5,1.12281
4586,8.5,32.5,26.5,1.12281
4587,8.5,32.5,27.5,1.12281
4588,8.5,32.5,28.5,1.12281
4589,8.5,32.5,29.5,1.12281
4590,8.5,33.5,0.5,1.12281
4591,8.5,33.5,1.5,1.12281
4592,8.5,33.5,2.5,1.12281
4593,8.5,33.5,3.5,1.12281
4594,8.5,33.5,4.5,1.12281
4595,8.5,33.5,5.5,1.12281
4596,8.5,33.5,6.5,1.12281
4597,8.5,33.5,7.5,1.12281
4598,8.5,33.5,8.5,1.12281
4599,8.5,33.5,9.5,1.12281
4600,8.5,33.5,10.5,1.12281
4601,8.5,33.5,11.5,1.12281
4602,8.5,33.5,12.5,1.12281
4603,8.5,33.5,13.5,1.12281
4604,8.5,33.5,14.5,1.12281
4605,8.5,33.5,15.5,1.12281
4606,8.5,33.5,16.5,1.12281
4607,8.5,33.5,17.5,1.12281
4608,8.5,33.5,18.5,1.12281
4609,8.5,33.5,19.5,1.12281
4610,8.5,33.5,20.5,1.12281
4611,8.5,33.5,21.5,1.12281
4612,8.5,33.5,22.5,1.12281
4613,8.5,33.5,23.5,1.12281
4614,8.5,33.5,24.5,1.12281
4615,8.5,33.5,25.5,1.12281
4616,8.5,33.5,26.5,1.12281
4617,8.5,33.5,27.5,1.12281
4618,8.5,33.5,28.5,1.12281
4619,8.5,33.5,29.5,1.12281
4620,8.5,34.5,0.5,1.12281
4621,8.5,34.5,1.5,1.12281
4622,8.5,34.5,2.5,1.12281
4623,8.5,34.5,3.5,1.12281
4624,8.5,34.5,4.5,1.12281
4625,8.5,34.5,5.5,1.12281
4626,8.5,34.5,6.5,1.12281
4627,8.5,34.5,7.5,1.12281
4628,8.5,34.5,8.5,1.12281
4629,8.5,34.5,9.5,1.12281
4630,8.5,34.5,10.5,1.12281
4631,8.5,34.5,11.5,1.12281
4632,8.5,34.5,12.5,1.12281
4633,8.5,34.5,13.5,1.12281
4634,8.5,34.5,14.5,1.12281
4635,8.5,34.5,15.5,1.12281
4636,8.5,34.5,16.5,1.12281
4637,8.5,34.5,17.5,1.12281
4638,8.5,34.5,18.5,1.12281
4639,8.5,34.5,19.5,1.12281
4640,8.5,34.5,20.5,1.12281
4641,8.5,34.5,21.5,1.12281
4642,8.5,34.5,22.5,1.12281
4643,8.5,34.5,23.5,1.12281
4644,8.5,34.5,24.5,1.12281
4645,8.5,34.5,25.5,1.12281
4646,8.5,34.5,26.5,1.12281
4647,8.5,34.5,27.5,1.12281
4648,8.5,34.5,28.5,1.12281
4649,8.5,34.5,29.5,1.12281
4650,8.5,35.5,0.5,1.12281
4651,8.5,35.5,1.5,1.12281
4652,8.5,35.5,2.5,1.12281
4653,8.5,35.5,3.5,1.12281
4654,8.5,35.5,4.5,1.12281
4655,8.5,35.5,5.5,1.12281
4656,8.5,35.5,6.5,1.12281
4657,8.5,35.5,7.5,1.12281
4658,8.5,35.5,8.5,1.12281
4659,8.5,35.5,9.5,1.12281
4660,8.5,35.5,10.5,1.12281
4661,8.5,35.5,11.5,1.12281
4662,8.5,35.5,12.5,1.12281
4663,8.5,35.5,13.5,1.12281
4664,8.5,35.5,14.5,1.12281
4665,8.5,35.5,15.5,1.12281
4666,8.5,35.5,16.5,1.12281
4667,8.5,35.5,17.5,1.12281
4668,8.5,35.5,18.5,1.12281
4669,8.5,35.5,19.5,1.12281
4670,8.5,35.5,20.5,1.12281
4671,8.5,35.5,21.5,1.12281
4672,8.5,35.5,22.5,1.12281
4673,8.5,35.5,23.5,1.12281
4674,8.5,35.5,24.5,1.12281
4675,8.5,35.5,25.5,1.12281
4676,8.5,35.5,26.5,1.12281
4677,8.5,35.5,27.5,1.12281
4678,8.5,35.5,28.5,1.12281
4679,8.5,35.5,29.5,1.12281
4680,9.5,0.5,0.5,1.12281
4681,9.5,0.5,1.5,1.12281
4682,9.5,0.5,2.5,1.12281
4683,9.5,0.5,3.5,1.12281
4684,9.5,0.5,4.5,1.12281
4685,9.5,0.5,5.5,1.12281
4686,9.5,0.5,6.5,1.12281
4687,9.5,0.5,7.5,1.12281
4688,9.5,0.5,8.5,1.12281
4689,9.5,0.5,9.5,1.12281
4690,9.5,0.5,10.5,1.12281
4691,9.5,0.5,11.5,1.12281
4692,9.5,0.5,12.5,1.12281
4693,9.5,0.5,13.5,1.12281
4694,9.5,0.5,14.5,1.12281
4695,9.5,0.5,15.5,1.12281
4696,9.5,0.5,16.5,1.12281
4697,9.5,0.5,17.5,1.12281
4698,9.5,0.5,18.5,1.12281
4699,9.5,0.5,19.5,1.12281
4700,9.5,0.5,20.5,1.12281
4701,9.5,0.5,21.5,1.12281
4702,9.5,0.5,22.5,1.12281
4703,9.5,0.5,23.5,1.12281
4704,9.5,0.5,24.5,1.12281
4705,9.5,0.5,25.5,1.12281
4706,9.5,0.5,26.5,1.12281
4707,9.5,0.5,27.5,1.12281
4708,9.5,0.5,28.5,1.12281
4709,9.5,0.5,29.5,1.12281
4710,9.5,1.5,0.5,1.12281
4711,9.5,1.5,1.5,1.12281
4712,9.5,1.5,2.5,1.12281
4713,9.5,1.5,3.5,1.12281
4714,9.5,1.5,4.5,1.12281
4715,9.5,1.5,5.5,1.12281
4716,9.5,1.5,6.5,1.12281
4717,9.5,1.5,7.5,1.12281
4718,9.5,1.5,8.5,1.12281
4719,9.5,1.5,9.5,1.12281
4720,9.5,1.5,10.5,1.12281
4721,9.5,1.5,11.5,1.12281
4722,9.5,1.5,12.5,1.12281
4723,9.5,1.5,13.5,1.12281
4724,9.5,1.5,14.5,1.12281
4725,9.5,1.5,15.5,1.12281
4726,9.5,1.5,16.5,1.12281
4727,9.5,1.5,17.5,1.12281
4728,9.5,1.5,18.5,1.12281
4729,9.5,1.5,19.5,1.12281
4730,9.5,1.5,20.5,1.12281
4731,9.5,1.5,21.5,1.12281
4732,9.5,1.5,22.5,1.12281
4733,9.5,1.5,23.5,1.12281
4734,9.5,1.5,24.5,1.12281
4735,9.5,1.5,25.5,1.12281
4736,9.5,1.5,26.5,1.12281
4737,9.5,1.5,27.5,1.12281
4738,9.5,1.5,28.5,1.12281
4739,9.5,1.5,29.5,1.12281
4740,9.5,2.5,0.5,1.12281
4741,9.5,2.5,1.5,1.12281
4742,9.5,2.5,2.5,1.12281
4743,9.5,2.5,3.5,1.12281
4744,9.5,2.5,4.5,1.12281
4745,9.5,2.5,5.5,1.12281
4746,9.5,2.5,6.5,1.12281
4747,9.5,2.5,7.5,1.12281
4748,9.5,2.5,8.5,1.12281
4749,9.5,2.5,9.5,1.12281
4750,9.5,2.5,10.5,1.12281
4751,9.5,2.5,11.5,1.12281
4752,9.5,2.5,12.5,1.12281
4753,9.5,2.5,13.5,1.12281
4754,9.5,2.5,14.5,1.12281
4755,9.5,2.5,15.5,1.12281
4756,9.5,2.5,16.5,1.12281
4757,9.5,2.5,17.5,1.12281
4758,9.5,2.5,18.5,1.12281
4759,9.5,2.5,19.5,1.12281
4760,9.5,2.5,20.5,1.12281
4761,9.5,2.5,21.5,1.12281
4762,9.5,2.5,22.5,1.12281
4763,9.5,2.5,23.5,1.12281
4764,9.5,2.5,24.5,1.12281
4765,9.5,2.5,25.5,1.12281
4766,9.5,2.5,26.5,1.12281
4767,9.5,2.5,27.5,1.12281
4768,9.5,2.5,28.5,1.12281
4769,9.5,2.5,29.5,1.12281
4770,9.5,3.5,0.5,1.12281
4771,9.5,3.5,1.5,1.12281
4772,9.5,3.5,2.5,1.12281
4773,9.5,3.5,3.5,1.12281
4774,9.5,3.5,4.5,1.12281
4775,9.5,3.5,5.5,1.12281
4776,9.5,3.5,6.5,1.12281
4777,9.5,3.5,7.5,1.12281
4778,9.5,3.5,8.5,1.12281
4779,9.5,3.5,9.5,1.12281
4780,9.5,3.5,10.5,1.12281
4781,9.5,3.5,11.5,1.12281
4782,9.5,3.5,12.5,1.12281
4783,9.5,3.5,13.5,1.12281
4784,9.5,3.5,14.5,1.12281
4785,9.5,3.5,15.5,1.12281
4786,9.5,3.5,16.5,1.12281
4787,9.5,3.5,17.5,1.12281
4788,9.5,3.5,18.5,1.12281
4789,9.5,3.5,19.5,1.12281
4790,9.5,3.5,20.5,1.12281
4791,9.5,3.5,21.5,1.12281
4792,9.5,3.5,22.5,1.12281
4793,9.5,3.5,23.5,1.12281
4794,9.5,3.5,24.5,1.12281
4795,9.5,3.5,25.5,1.12281
4796,9.5,3.5,26.5,1.12281
4797,9.5,3.5,27.5,1.12281
4798,9.5,3.5,28.5,1.12281
4799,9.5,3.5,29.5,1.12281
4800,9.5,4.5,0.5,1.12281
4801,9.5,4.5,1.5,1.12281
4802,9.5,4.5,2.5,1.12281
4803,9.5,4.5,3.5,1.12281
4804,9.5,4.5,4.5,1.12281
4805,9.5,4.5,5.5,1.12281
4806,9.5,4.5,6.5,1.12281
4807,9.5,4.5,7.5,1.12281
4808,9.5,4.5,8.5,1.12281
4809,9.5,4.5,9.5,1.12281
4810,9.5,4.5,10.5,1.12281
4811,9.5,4.5,11.5,1.12281
4812,9.5,4.5,12.5,1.12281
4813,9.5,4.5,13.5,1.12281
4814,9.5,4.5,14.5,1.12281
4815,9.5,4.5,15.5,1.12281
4816,9.5,4.5,16.5,1.12281
4817,9.5,4.5,17.5,1.12281
4818,9.5,4.5,18.5,1.12281
4819,9.5,4.5,19.5,1.12281
4820,9.5,4.5,20.5,1.12281
4821,9.5,4.5,21.5,1.12281
4822,9.5,4.5,22.5,1.12281
4823,9.5,4.5,23.5,1.12281
4824,9.5,4.5,24.5,1.12281
4825,9.5,4.5,25.5,1.12281
4826,9.5,4.5,26.5,1.12281
4827,9.5,4.5,27.5,1.12281
4828,9.5,4.5,28.5,1.12281
4829,9.5,4.5,29.5,1.12281
4830,9.5,5.5,0.5,1.12281
4831,9.5,5.5,1.5,1.12281
4832,9.5,5.5,2.5,1.12281
4833,9.5,5.5,3.5,1.12281
4834,9.5,5.5,4.5,1.12281
4835,9.5,5.5,5.5,1.12281
4836,9.5,5.5,6.5,1.12281
4837,9.5,5.5,7.5,1.12281
4838,9.5,5.5,8.5,1.12281
4839,9.5,5.5,9.5,1.12281
4840,9.5,5.5,10.5,1.12281
4841,9.5,5.5,11.5,1.12281
4842,9.5,5.5,12.5,1.12281
4843,9.5,5.5,13.5,1.12281
4844,9.5,5.5,14.5,1.12281
4845,9.5,5.5,15.5,1.12281
4846,9.5,5.5,16.5,1.12281
4847,9.5,5.5,17.5,1.12281
4848,9.5,5.5,18.5,1.12281
4849,9.5,5.5,19.5,1.12281
4850,9.5,5.5,20.5,1.12281
4851,9.5,5.5,21.5,1.12281
4852,9.5,5.5,22.5,1.12281
4853,9.5,5.5,23.5,1.12281
4854,9.5,5.5,24.5,1.12281
4855,9.5,5.5,25.5,1.12281
4856,9.5,5.5,26.5,1.12281
4857,9.5,5.5,27.5,1.12281
4858,9.5,5.5,28.5,1.12281
4859,9.5,5.5,29.5,1.12281
4860,9.5,6.5,0.5,1.12281
4861,9.5,6.5,1.5,1.12281
4862,9.5,6.5,2.5,1.12281
4863,9.5,6.5,3.5,1.12281
4864,9.5,6.5,4.5,1.12281
4865,9.5,6.5,5.5,1.12281
4866,9.5,6.5,6.5,1.12281
4867,9.5,6.5,7.5,1.12281
4868,9.5,6.5,8.5,1.12281
4869,9.5,6.5,9.5,1.12281
4870,9.5,6.5,10.5,1.12281
4871,9.5,6.5,11.5,1.12281
4872,9.5,6.5,12.5,1.12281
4873,9.5,6.5,13.5,1.12281
4874,9.5,6.5,14.5,1.12281
4875,9.5,6.5,15.5,1.12281
4876,9.5,6.5,16.5,1.12281
4877,9.5,6.5,17.5,1.12281
4878,9.5,6.5,18.5,1.12281
4879,9.5,6.5,19.5,1.12281
4880,9.5,6.5,20.5,1.12281
4881,9.5,6.5,21.5,1.12281
4882,9.5,6.5,22.5,1.12281
4883,9.5,6.5,23.5,1.12281
4884,9.5,6.5,24.5,1.12281
4885,9.5,6.5,25.5,1.12281
4886,9.5,6.5,26.5,1.12281
4887,9.5,6.5,27.5,1.12281
4888,9.5,6.5,28.5,1.12281
4889,9.5,6.5,29.5,1.12281
4890,9.5,7.5,0.5,1.12281
4891,9.5,7.5,1.5,1.12281
4892,9.5,7.5,2.5,1.12281
4893,9.5,7.5,3.5,1.12281
4894,9.5,7.5,4.5,1.12281
4895,9.5,7.5,5.5,1.12281
4896,9.5,7.5,6.5,1.12281
4897,9.5,7.5,7.5,1.12281
4898,9.5,7.5,8.5,1.12281
4899,9.5,7.5,9.5,1.12281
4900,9.5,7.5,10.5,1.12281
4901,9.5,7.5,11.5,1.12281
4902,9.5,7.5,12.5,1.12281
4903,9.5,7.5,13.5,1.12281
4904,9.5,7.5,14.5,1.12281
4905,9.5,7.5,15.5,1.12281
4906,9.5,7.5,16.5,1.12281
4907,9.5,7.5,17.5,1.12281
4908,9.5,7.5,18.5,1.12281
4909,9.5,7.5,19.5,1.12281
4910,9.5,7.5,20.5,1.12281
4911,9.5,7.5,21.5,1.12281
4912,9.5,7.5,22.5,1.12281
4913,9.5,7.5,23.5,1.12281
4914,9.5,7.5,24.5,1.12281
4915,9.5,7.5,25.5,1.12281
4916,9.5,7.5,26.5,1.12281
4917,9.5,7.5,27.5,1.12281
4918,9.5,7.5,28.5,1.12281
4919,9.5,7.5,29.5,1.12281
4920,9.5,8.5,0.5,1.12281
4921,9.5,8.5,1.5,1.12281
4922,9.5,8.5,2.5,1.12281
4923,9.5,8.5,3.5,1.12281
4924,9.5,8.5,4.5,1.12281
4925,9.5,8.5,5.5,1.12281
4926,9.5,8.5,6.5,1.12281
4927,9.5,8.5,7.5,1.12281
4928,9.5,8.5,8.5,1.12281
4929,9.5,8.5,9.5,1.12281
4930,9.5,8.5,10.5,1.12281
4931,9.5,8.5,11.5,1.12281
4932,9.5,8.5,12.5,1.12281
4933,9.5,8.5,13.5,1.12281
4934,9.5,8.5,14.5,1.12281
4935,9.5,8.5,15.5,1.12281
4936,9.5,8.5,16.5,1.12281
4937,9.5,8.5,17.5,1.12281
4938,9.5,8.5,18.5,1.12281
4939,9.5,8.5,19.5,1.12281
4940,9.5,8.5,20.5,1.12281
4941,9.5,8.5,21.5,1.12281
4942,9.5,8.5,22.5,1.12281
4943,9.5,8.5,23.5,1.12281
4944,9.5,8.5,24.5,1.12281
4945,9.5,8.5,25.5,1.12281
4946,9.5,8.5,26.5,1.12281
4947,9.5,8.5,27.5,1.12281
4948,9.5,8.5,28.5,1.12281
4949,9.5,8.5,29.5,1.12281
4950,9.5,9.5,0.5,1.12281
4951,9.5,9.5,1.5,1.12281
4952,9.5,9.5,2.5,1.12281
4953,9.5,9.5,3.5,1.12281
4954,9.5,9.5,4.5,1.12281
4955,9.5,9.5,5.5,1.12281
4956,9.5,9.5,6.5,1.12281
4957,9.5,9.5,7.5,1.12281
4958,9.5,9.5,8.5,1.12281
4959,9.5,9.5,9.5,1.12281
4960,9.5,9.5,10.5,1.12281
4961,9.5,9.5,11.5,1.12281
4962,9.5,9.5,12.5,1.12281
4963,9.5,9.5,13.5,1.12281
4964,9.5,9.5,14.5,1.12281
4965,9.5,9.5,15.5,1.12281
4966,9.5,9.5,16.5,1.12281
4967,9.5,9.5,17.5,1.12281
4968,9.5,9.5,18.5,1.12281
4969,9.5,9.5,19.5,1.12281
4970,9.5,9.5,20.5,1.12281
4971,9.5,9.5,21.5,1.12281
4972,9.5,9.5,22.5,1.12281
4973,9.5,9.5,23.5,1.12281
4974,9.5,9.5,24.5,1.12281
4975,9.5,9.5,25.5,1.12281
4976,9.5,9.5,26.5,1.12281
4977,9.5,9.5,27.5,1.12281
4978,9.5,9.5,28.5,1.12281
4979,9.5,9.5,29.5,1.12281
4980,9.5,10.5,0.5,1.12281
4981,9.5,10.5,1.5,1.12281
4982,9.5,10.5,2.5,1.12281
4983,9.5,10.5,3.5,1.12281
4984,9.5,10.5,4.5,1.12281
4985,9.5,10.5,5.5,1.12281
4986,9.5,10.5,6.5,1.12281
4987,9.5,10.5,7.5,1.12281
4988,9.5,10.5,8.5,1.12281
4989,9.5,10.5,9.5,1.12281
4990,9.5,10.5,10.5,1.12281
4991,9.5,10.5,11.5,1.12281
4992,9.5,10.5,12.5,1.12281
4993,9.5,10.5,13.5,1.12281
4994,9.5,10.5,14.5,1.12281
4995,9.5,10.5,15.5,1.12281
4996,9.5,10.5,16.5,1.12281
4997,9.5,10.5,17.5,1.12281
4998,9.5,10.5,18.5,1.12281
4999,9.5,10.5,19.5,1.12281
5000,9.5,10.5,20.5,1.12281
5001,9.5,10.5,21.5,1.12281
5002,9.5,10.5,22.5,1.12281
5003,9.5,10.5,23.5,1.12281
5004,9.5,10.5,24.5,1.12281
5005,9.5,10.5,25.5,1.12281
5006,9.5,10.5,26.5,1.12281
5007,9.5,10.5,27.5,1.12281
5008,9.5,10.5,28.5,1.12281
5009,9.5,10.5,29.5,1.12281
5010,9.5,11.5,0.5,1.12281
5011,9.5,11.5,1.5,1.12281
5012,9.5,11.5,2.5,1.12281
5013,9.5,11.5,3.5,1.12281
5014,9.5,11.5,4.5,1.12281
5015,9.5,11.5,5.5,1.12281
5016,9.5,11.5,6.5,1.12281
5017,9.5,11.5,7.5,1.12281
5018,9.5,11.5,8.5,1.12281
5019,9.5,11.5,9.5,1.12281
5020,9.5,11.5,10.5,1.12281
5021,9.5,11.5,11.5,1.12281
5022,9.5,11.5,12.5,1.12281
5023,9.5,11.5,13.5,1.12281
5024,9.5,11.5,14.5,1.12281
5025,9.5,11.5,15.5,1.12281
5026,9.5,11.5,16.5,1.12281
5027,9.5,11.5,17.5,1.12281
5028,9.5,11.5,18.5,1.12281
5029,9.5,11.5,19.5,1.12281
5030,9.5,11.5,20.5,1.12281
5031,9.5,11.5,21.5,1.12281
5032,9.5,11.5,22.5,1.12281
5033,9.5,11.5,23.5,1.12281
5034,9.5,11.5,24.5,1.12281
5035,9.5,11.5,25.5,1.12281
5036,9.5,11.5,26.5,1.12281
5037,9.5,11.5,27.5,1.12281
5038,9.5,11.5,28.5,1.12281
5039,9.5,11.5,29.5,1.12281
5040,9.5,12.5,0.5,1.12281
5041,9.5,12.5,1.5,1.12281
5042,9.5,12.5,2.5,1.12281
5043,9.5,12.5,3.5,1.12281
5044,9.5,12.5,4.5,1.12281
5045,9.5,12.5,5.5,1.12281
5046,9.5,12.5,6.5,1.12281
5047,9.5,12.5,7.5,1.12281
5048,9.5,12.5,8.5,1.12281
5049,9.5,12.5,9.5,1.12281
5050,9.5,12.5,10.5,1.12281
5051,9.5,12.5,11.5,1.12281
5052,9.5,12.5,12.5,1.12281
5053,9.5,12.5,13.5,1.12281
5054,9.5,12.5,14.5,1.12281
5055,9.5,12.5,15.5,1.12281
5056,9.5,12.5,16.5,1.12281
5057,9.5,12.5,17.5,1.12281
5058,9.5,12.5,18.5,1.12281
5059,9.5,12.5,19.5,1.12281
5060,9.5,12.5,20.5,1.12281
5061,9.5,12.5,21.5,1.12281
5062,9.5,12.5,22.5,1.12281
5063,9.5,12.5,23.5,1.12281
5064,9.5,12.5,24.5,1.12281
5065,9.5,12.5,25.5,1.12281
5066,9.5,12.5,26.5,1.12281
5067,9.5,12.5,27.5,1.12281
5068,9.5,12.5,28.5,1.12281
5069,9.5,12.5,29.5,1.12281
5070,9.5,13.5,0.5,1.12281
5071,9.5,13.5,1.5,1.12281
5072,9.5,13.5,2.5,1.12281
5073,9.5,13.5,3.5,1.12281
5074,9.5,13.5,4.5,1.12281
5075,9.5,13.5,5.5,1.12281
5076,9.5,13.5,6.5,1.12281
5077,9.5,13.5,7.5,1.12281
5078,9.5,13.5,8.5,1.12281
5079,9.5,13.5,9.5,1.12281
5080,9.5,13.5,10.5,1.12281
5081,9.5,13.5,11.5,1.12281
5082,9.5,13.5,12.5,1.12281
5083,9.5,13.5,13.5,1.12281
5084,9.5,13.5,14.5,1.12281
5085,9.5,13.5,15.5,1.12281
5086,9.5,13.5,16.5,1.12281
5087,9.5,13.5,17.5,1.12281
5088,9.5,13.5,18.5,1.12281
5089,9.5,13.5,19.5,1.12281
5090,9.5,13.5,20.5,1.12281
5091,9.5,13.5,21.5,1.12281
5092,9.5,13.5,22.5,1.12281
5093,9.5,13.5,23.5,1.12281
5094,9.5,13.5,24.5,1.12281
5095,9.5,13.5,25.5,1.12281
5096,9.5,13.5,26.5,1.12281
5097,9.5,13.5,27.5,1.12281
5098,9.5,13.5,28.5,1.12281
5099,9.5,13.5,29.5,1.12281
5100,9.5,14.5,0.5,1.12281
5101,9.5,14.5,1.5,1.12281
5102,9.5,14.5,2.5,1.12281
5103,9.5,14.5,3.5,1.12281
5104,9.5,14.5,4.5,1.12281
5105,9.5,14.5,5.5,1.12281
5106,9.5,14.5,6.5,1.12281
5107,9.5,14.5,7.5,1.12281
5108,9.5,14.5,8.5,1.12281
5109,9.5,14.5,9.5,1.12281
5110,9.5,14.5,10.5,1.12281
5111,9.5,14.5,11.5,1.12281
5112,9.5,14.5,12.5,1.12281
5113,9.5,14.5,13.5,1.12281
5114,9.5,14.5,14.5,1.12281
5115,9.5,14.5,15.5,1.12281
5116,9.5,14.5,16.5,1.12281
5117,9.5,14.5,17.5,1.12281
5118,9.5,14.5,18.5,1.12281
5119,9.5,14.5,19.5,1.12281
5120,9.5,14.5,20.5,1.12281
5121,9.5,14.5,21.5,1.12281
5122,9.5,14.5,22.5,1.12281
5123,9.5,14.5,23.5,1.12281
5124,9.5,14.5,24.5,1.12281
5125,9.5,14.5,25.5,1.12281
5126,9.5,14.5,26.5,1.12281
5127,9.5,14.5,27.5,1.12281
5128,9.5,14.5,28.5,1.12281
5129,9.5,14.5,29.5,1.12281
5130,9.5,15.5,0.5,1.12281
5131,9.5,15.5,1.5,1.12281
5132,9.5,15.5,2.5,1.12281
5133,9.5,15.5,3.5,1.12281
5134,9.5,15.5,4.5,1.12281
5135,9.5,15.5,5.5,1.12281
5136,9.5,15.5,6.5,1.12281
5137,9.5,15.5,7.5,1.12281
5138,9.5,15.5,8.5,1.12281
5139,9.5,15.5,9.5,1.12281
5140,9.5,15.5,10.5,1.12281
5141,9.5,15.5,11.5,1.12281
5142,9.5,15.5,12.5,1.12281
5143,9.5,15.5,13.5,1.12281
5144,9.5,15.5,14.5,1.12281
5145,9.5,15.5,15.5,1.12281
5146,9.5,15.5,16.5,1.12281
5147,9.5,15.5,17.5,1.12281
5148,9.5,15.5,18.5,1.12281
5149,9.5,15.5,19.5,1.12281
5150,9.5,15.5,20.5,1.12281
5151,9.5,15.5,21.5,1.12281
5152,9.5,15.5,22.5,1.12281
5153,9.5,15.5,23.5,1.12281
5154,9.5,15.5,24.5,1.12281
5155,9.5,15.5,25.5,1.12281
5156,9.5,15.5,26.5,1.12281
5157,9.5,15.5,27.5,1.12281
5158,9.5,15.5,28.5,1.12281
5159,9.5,15.5,29.5,1.12281
5160,9.5,16.5,0.5,1.12281
5161,9.5,16.5,1.5,1.12281
5162,9.5,16.5,2.5,1.12281
5163,9.5,16.5,3.5,1.12281
5164,9.5,16.5,4.5,1.12281
5165,9.5,16.5,5.5,1.12281
5166,9.5,16.5,6.5,1.12281
5167,9.5,16.5,7.5,1.12281
5168,9.5,16.5,8.5,1.12281
5169,9.5,16.5,9.5,1.12281
5170,9.5,16.5,10.5,1.12281
5171,9.5,16.5,11.5,1.12281
5172,9.5,16.5,12.5,1.12281
5173,9.5,16.5,13.5,1.12281
5174,9.5,16.5,14.5,1.12281
5175,9.5,16.5,15.5,1.12281
5176,9.5,16.5,16.5,1.12281
5177,9.5,16.5,17.5,1.12281
5178,9.5,16.5,18.5,1.12281
5179,9.5,16.5,19.5,1.12281
5180,9.5,16.5,20.5,1.12281
5181,9.5,16.5,21.5,1.12281
5182,9.5,16.5,22.5,1.12281
5183,9.5,16.5,23.5,1.12281
5184,9.5,16.5,24.5,1.12281
5185,9.5,16.5,25.5,1.12281
5186,9.5,16.5,26.5,1.12281
5187,9.5,16.5,27.5,1.12281
5188,9.5,16.5,28.5,1.12281
5189,9.5,16.5,29.5,1.12281
5190,9.5,17.5,0.5,1.12281
5191,9.5,17.5,1.5,1.12281
5192,9.5,17.5,2.5,1.12281
5193,9.5,17.5,3.5,1.12281
5194,9.5,17.5,4.5,1.12281
5195,9.5,17.5,5.5,1.12281
5196,9.5,17.5,6.5,1.12281
5197,9.5,17.5,7.5,1.12281
5198,9.5,17.5,8.5,1.12281
5199,9.5,17.5,9.5,1.12281
5200,9.5,17.5,10.5,1.12281
5201,9.5,17.5,11.5,1.12281
5202,9.5,17.5,12.5,1.12281
5203,9.5,17.5,13.5,1.12281
5204,9.5,17.5,14.5,1.12281
5205,9.5,17.5,15.5,1.12281
5206,9.5,17.5,16.5,1.12281
5207,9.5,17.5,17.5,1.12281
5208,9.5,17.5,18.5,1.12281
5209,9.5,17.5,19.5,1.12281
5210,9.5,17.5,20.5,1.12281
5211,9.5,17.5,21.5,1.12281
5212,9.5,17.5,22.5,1.12281
5213,9.5,17.5,23.5,1.12281
5214,9.5,17.5,24.5,1.12281
5215,9.5,17.5,25.5,1.12281
5216,9.5,17.5,26.5,1.12281
5217,9.5,17.5,27.5,1.12281
5218,9.5,17.5,28.5,1.12281
5219,9.5,17.5,29.5,1.12281
5220,9.5,18.5,0.5,1.12281
5221,9.5,18.5,1.5,1.12281
5222,9.5,18.5,2.5,1.12281
5223,9.5,18.5,3.5,1.12281
5224,9.5,18.5,4.5,1.12281
5225,9.5,18.5,5.5,1.12281
5226,9.5,18.5,6.5,1.12281
5227,9.5,18.5,7.5,1.12281
5228,9.5,18.5,8.5,1.12281
5229,9.5,18.5,9.5,1.12281
5230,9.5,18.5,10.5,1.12281
5231,9.5,18.5,11.5,1.12281
5232,9.5,18.5,12.5,1.12281
5233,9.5,18.5,13.5,1.12281
5234,9.5,18.5,14.5,1.12281
5235,9.5,18.5,15.5,1.12281
5236,9.5,18.5,16.5,1.12281
5237,9.5,18.5,17.5,1.12281
5238,9.5,18.5,18.5,1.12281
5239,9.5,18.5,19.5,1.12281
5240,9.5,18.5,20.5,1.12281
5241,9.5,18.5,21.5,1.12281
5242,9.5,18.5,22.5,1.12281
5243,9.5,18.5,23.5,1.12281
5244,9.5,18.5,24.5,1.12281
5245,9.5,18.5,25.5,1.12281
5246,9.5,18.5,26.5,1.12281
5247,9.5,18.5,27.5,1.12281
5248,9.5,18.5,28.5,1.12281
5249,9.5,18.5,29.5,1.12281
5250,9.5,19.5,0.5,1.12281
5251,9.5,19.5,1.5,1.12281
5252,9.5,19.5,2.5,1.12281
5253,9.5,19.5,3.5,1.12281
5254,9.5,19.5,4.5,1.12281
5255,9.5,19.5,5.5,1.12281
5256,9.5,19.5,6.5,1.12281
5257,9.5,19.5,7.5,1.12281
5258,9.5,19.5,8.5,1.12281
5259,9.5,19.5,9.5,1.12281
5260,9.5,19.5,10.5,1.12281
5261,9.5,19.5,11.5,1.12281
5262,9.5,19.5,12.5,1.12281
5263,9.5,19.5,13.5,1.12281
5264,9.5,19.5,14.5,1.12281
5265,9.5,19.5,15.5,1.12281
5266,9.5,19.5,16.5,1.12281
5267,9.5,19.5,17.5,1.12281
5268,9.5,19.5,18.5,1.12281
5269,9.5,19.5,19.5,1.12281
5270,9.5,19.5,20.5,1.12281
5271,9.5,19.5,21.5,1.12281
5272,9.5,19.5,22.5,1.12281
5273,9.5,19.5,23.5,1.12281
5274,9.5,19.5,24.5,1.12281
5275,9.5,19.5,25.5,1.12281
5276,9.5,19.5,26.5,1.12281
5277,9.5,19.5,27.5,1.12281
5278,9.5,19.5,28.5,1.12281
5279,9.5,19.5,29.5,1.12281
5280,9.5,20.5,0.5,1.12281
5281,9.5,20.5,1.5,1.12281
5282,9.5,20.5,2.5,1.12281
5283,9.5,20.5,3.5,1.12281
5284,9.5,20.5,4.5,1.12281
5285,9.5,20.5,5.5,1.12281
5286,9.5,20.5,6.5,1.12281
5287,9.5,20.5,7.5,1.12281
5288,9.5,20.5,8.5,1.12281
5289,9.5,20.5,9.5,1.12281
5290,9.5,20.5,10.5,1.12281
5291,9.5,20.5,11.5,1.12281
5292,9.5,20.5,12.5,1.12281
5293,9.5,20.5,13.5,1.12281
5294,9.5,20.5,14.5,1.12281
5295,9.5,20.5,15.5,1.12281
5296,9.5,20.5,16.5,1.12281
5297,9.5,20.5,17.5,1.12281
5298,9.5,20.5,18.5,1.12281
5299,9.5,20.5,19.5,1.12281
5300,9.5,20.5,20.5,1.12281
5301,9.5,20.5,21.5,1.12281
5302,9.5,20.5,22.5,1.12281
5303,9.5,20.5,23.5,1.12281
5304,9.5,20.5,24.5,1.12281
5305,9.5,20.5,25.5,1.12281
5306,9.5,20.5,26.5,1.12281
5307,9.5,20.5,27.5,1.12281
5308,9.5,20.5,28.5,1.12281
5309,9.5,20.5,29.5,1.12281
5310,9.5,21.5,0.5,1.12281
5311,9.5,21.5,1.5,1.12281
5312,9.5,21.5,2.5,1.12281
5313,9.5,21.5,3.5,1.12281
5314,9.5,21.5,4.5,1.12281
5315,9.5,21.5,5.5,1.12281
5316,9.5,21.5,6.5,1.12281
5317,9.5,21.5,7.5,1.12281
5318,9.5,21.5,8.5,1.12281
5319,9.5,21.5,9.5,1.12281
5320,9.5,21.5,10.5,1.12281
5321,9.5,21.5,11.5,1.12281
5322,9.5,21.5,12.5,1.12281
5323,9.5,21.5,13.5,1.12281
5324,9.5,21.5,14.5,1.12281
5325,9.5,21.5,15.5,1.12281
5326,9.5,21.5,16.5,1.12281
5327,9.5,21.5,17.5,1.12281
5328,9.5,21.5,18.5,1.12281
5329,9.5,21.5,19.5,1.12281
5330,9.5,21.5,20.5,1.12281
5331,9.5,21.5,21.5,1.12281
5332,9.5,21.5,22.5,1.12281
5333,9.5,21.5,23.5,1.12281
5334,9.5,21.5,24.5,1.12281
5335,9.5,21.5,25.5,1.12281
5336,9.5,21.5,26.5,1.12281
5337,9.5,21.5,27.5,1.12281
5338,9.5,21.5,28.5,1.12281
5339,9.5,21.5,29.5,1.12281
5340,9.5,22.5,0.5,1.12281
5341,9.5,22.5,1.5,1.12281
5342,9.5,22.5,2.5,1.12281
5343,9.5,22.5,3.5,1.12281
5344,9.5,22.5,4.5,1.12281
5345,9.5,22.5,5.5,1.12281
5346,9.5,22.5,6.5,1.12281
5347,9.5,22.5,7.5,1.12281
5348,9.5,22.5,8.5,1.12281
5349,9.5,22.5,9.5,1.12281
5350,9.5,22.5,10.5,1.12281
5351,9.5,22.5,11.5,1.12281
5352,9.5,22.5,12.5,1.12281
5353,9.5,22.5,13.5,1.12281
5354,9.5,22.5,14.5,1.12281
5355,9.5,22.5,15.5,1.12281
5356,9.5,22.5,16.5,1.12281
5357,9.5,22.5,17.5,1.12281
5358,9.5,22.5,18.5,1.12281
5359,9.5,22.5,19.5,1.12281
5360,9.5,22.5,20.5,1.12281
5361,9.5,22.5,21.5,1.12281
5362,9.5,22.5,22.5,1.12281
5363,9.5,22.5,23.5,1.12281
5364,9.5,22.5,24.5,1.12281
5365,9.5,22.5,25.5,1.12281
5366,9.5,22.5,26.5,1.12281
5367,9.5,22.5,27.5,1.12281
5368,9.5,22.5,28.5,1.12281
5369,9.5,22.5,29.5,1.12281
5370,9.5,23.5,0.5,1.12281
5371,9.5,23.5,1.5,1.12281
5372,9.5,23.5,2.5,1.12281
5373,9.5,23.5,3.5,1.12281
5374,9.5,23.5,4.5,1.12281
5375,9.5,23.5,5.5,1.12281
5376,9.5,23.5,6.5,1.12281
5377,9.5,23.5,7.5,1.12281
5378,9.5,23.5,8.5,1.12281
5379,9.5,23.5,9.5,1.12281
5380,9.5,23.5,10.5,1.12281
5381,9.5,23.5,11.5,1.12281
5382,9.5,23.5,12.5,1.12281
5383,9.5,23.5,13.5,1.12281
5384,9.5,23.5,14.5,1.12281
5385,9.5,23.5,15.5,1.12281
5386,9.5,23.5,16.5,1.12281
5387,9.5,23.5,17.5,1.12281
5388,9.5,23.5,18.5,1.12281
5389,9.5,23.5,19.5,1.12281
5390,9.5,23.5,20.5,1.12281
5391,9.5,23.5,21.5,1.12281
5392,9.5,23.5,22.5,1.12281
5393,9.5,23.5,23.5,1.12281
5394,9.5,23.5,24.5,1.12281
5395,9.5,23.5,25.5,1.12281
5396,9.5,23.5,26.5,1.12281
5397,9.5,23.5,27.5,1.12281
5398,9.5,23.5,28.5,1.12281
5399,9.5,23.5,29.5,1.12281
5400,9.5,24.5,0.5,1.12281
5401,9.5,24.5,1.5,1.12281
5402,9.5,24.5,2.5,1.12281
5403,9.5,24.5,3.5,1.12281
5404,9.5,24.5,4.5,1.12281
5405,9.5,24.5,5.5,1.12281
5406,9.5,24.5,6.5,1.12281
5407,9.5,24.5,7.5,1.12281
5408,9.5,24.5,8.5,1.12281
5409,9.5,24.5,9.5,1.12281
5410,9.5,24.5,10.5,1.12281
5411,9.5,24.5,11.5,1.12281
5412,9.5,24.5,12.5,1.12281
5413,9.5,24.5,13.5,1.12281
5414,9.5,24.5,14.5,1.12281
5415,9.5,24.5,15.5,1.12281
5416,9.5,24.5,16.5,1.12281
5417,9.5,24.5,17.5,1.12281
5418,9.5,24.5,18.5,1.12281
5419,9.5,24.5,19.5,1.12281
5420,9.5,24.5,20.5,1.12281
5421,9.5,24.5,21.5,1.12281
5422,9.5,24.5,22.5,1.12281
5423,9.5,24.5,23.5,1.12281
5424,9.5,24.5,24.5,1.12281
5425,9.5,24.5,25.5,1.12281
5426,9.5,24.5,26.5,1.12281
5427,9.5,24.5,27.5,1.12281
5428,9.5,24.5,28.5,1.12281
5429,9.5,24.5,29.5,1.12281
5430,9.5,25.5,0.5,1.12281
5431,9.5,25.5,1.5,1.12281
5432,9.5,25.5,2.5,1.12281
5433,9.5,25.5,3.5,1.12281
5434,9.5,25.5,4.5,1.12281
5435,9.5,25.5,5.5,1.12281
5436,9.5,25.5,6.5,1.12281
5437,9.5,25.5,7.5,1.12281
5438,9.5,25.5,8.5,1.12281
5439,9.5,25.5,9.5,1.12281
5440,9.5,25.5,10.5,1.12281
5441,9.5,25.5,11.5,1.12281
5442,9.5,25.5,12.5,1.12281
5443,9.5,25.5,13.5,1.12281
5444,9.5,25.5,14.5,1.12281
5445,9.5,25.5,15.5,1.12281
5446,9.5,25.5,16.5,1.12281
5447,9.5,25.5,17.5,1.12281
5448,9.5,25.5,18.5,1.12281
5449,9.5,25.5,19.5,1.12281
5450,9.5,25.5,20.5,1.12281
5451,9.5,25.5,21.5,1.12281
5452,9.5,25.5,22.5,1.12281
5453,9.5,25.5,23.5,1.12281
5454,9.5,25.5,24.5,1.12281
5455,9.5,25.5,25.5,1.12281
5456,9.5,25.5,26.5,1.12281
5457,9.5,25.5,27.5,1.12281
5458,9.5,25.5,28.5,1.12281
5459,9.5,25.5,29.5,1.12281
5460,9.5,26.5,0.5,1.12281
5461,9.5,26.5,1.5,1.12281
5462,9.5,26.5,2.5,1.12281
5463,9.5,26.5,3.5,1.12281
5464,9.5,26.5,4.5,1.12281
5465,9.5,26.5,5.5,1.12281
5466,9.5,26.5,6.5,1.12281
5467,9.5,26.5,7.5,1.12281
5468,9.5,26.5,8.5,1.12281
5469,9.5,26.5,9.5,1.12281
5470,9.5,26.5,10.5,1.12281
5471,9.5,26.5,11.5,1.12281
5472,9.5,26.5,12.5,1.12281
5473,9.5,26.5,13.5,1.12281
5474,9.5,26.5,14.5,1.12281
5475,9.5,26.5,15.5,1.12281
5476,9.5,26.5,16.5,1.12281
5477,9.5,26.5,17.5,1.12281
5478,9.5,26.5,18.5,1.12281
5479,9.5,26.5,19.5,1.12281
5480,9.5,26.5,20.5,1.12281
5481,9.5,26.5,21.5,1.12281
5482,9.5,26.5,22.5,1.12281
5483,9.5,26.5,23.5,1.12281
5484,9.5,26.5,24.5,1.12281
5485,9.5,26.5,25.5,1.12281
5486,9.5,26.5,26.5,1.12281
5487,9.5,26.5,27.5,1.12281
5488,9.5,26.5,28.5,1.12281
5489,9.5,26.5,29.5,1.12281
5490,9.5,27.5,0.5,1.12281
5491,9.5,27.5,1.5,1.12281
5492,9.5,27.5,2.5,1.12281
5493,9.5,27.5,3.5,1.12281
5494,9.5,27.5,4.5,1.12281
5495,9.5,27.5,5.5,1.12281
5496,9.5,27.5,6.5,1.12281
5497,9.5,27.5,7.5,1.12281
5498,9.5,27.5,8.5,1.12281
5499,9.5,27.5,9.5,1.12281
5500,9.5,27.5,10.5,1.12281
5501,9.5,27.5,11.5,1.12281
5502,9.5,27.5,12.5,1.12281
5503,9.5,27.5,13.5,1.12281
5504,9.5,27.5,14.5,1.12281
5505,9.5,27.5,15.5,1.12281
5506,9.5,27.5,16.5,1.12281
5507,9.5,27.5,17.5,1.12281
5508,9.5,27.5,18.5,1.12281
5509,9.5,27.5,19.5,1.12281
5510,9.5,27.5,20.5,1.12281
5511,9.5,27.5,21.5,1.12281
5512,9.5,27.5,22.5,1.12281
5513,9.5,27.5,23.5,1.12281
5514,9.5,27.5,24.5,1.12281
5515,9.5,27.5,25.5,1.12281
5516,9.5,27.5,26.5,1.12281
5517,9.5,27.5,27.5,1.12281
5518,9.5,27.5,28.5,1.12281
5519,9.5,27.5,29.5,1.12281
5520,9.5,28.5,0.5,1.12281
5521,9.5,28.5,1.5,1.12281
5522,9.5,28.5,2.5,1.12281
5523,9.5,28.5,3.5,1.12281
5524,9.5,28.5,4.5,1.12281
5525,9.5,28.5,5.5,1.12281
5526,9.5,28.5,6.5,1.12281
5527,9.5,28.5,7.5,1.12281
5528,9.5,28.5,8.5,1.12281
5529,9.5,28.5,9.5,1.12281
5530,9.5,28.5,10.5,1.12281
5531,9.5,28.5,11.5,1.12281
5532,9.5,28.5,12.5,1.12281
5533,9.5,28.5,13.5,1.12281
5534,9.5,28.5,14.5,1.12281
5535,9.5,28.5,15.5,1.12281
5536,9.5,28.5,16.5,1.12281
5537,9.5,28.5,17.5,1.12281
5538,9.5,28.5,18.5,1.12281
5539,9.5,28.5,19.5,1.12281
5540,9.5,28.5,20.5,1.12281
5541,9.5,28.5,21.5,1.12281
5542,9.5,28.5,22.5,1.12281
5543,9.5,28.5,23.5,1.12281
5544,9.5,28.5,24.5,1.12281
5545,9.5,28.5,25.5,1.12281
5546,9.5,28.5,26.5,1.12281
5547,9.5,28.5,27.5,1.12281
5548,9.5,28.5,28.5,1.12281
5549,9.5,28.5,29.5,1.12281
5550,9.5,29.5,0.5,1.12281
5551,9.5,29.5,1.5,1.12281
5552,9.5,29.5,2.5,1.12281
5553,9.5,29.5,3.5,1.12281
5554,9.5,29.5,4.5,1.12281
5555,9.5,29.5,5.5,1.12281
5556,9.5,29.5,6.5,1.12281
5557,9.5,29.5,7.5,1.12281
5558,9.5,29.5,8.5,1.12281
5559,9.5,29.5,9.5,1.12281
5560,9.5,29.5,10.5,1.12281
5561,9.5,29.5,11.5,1.12281
5562,9.5,29.5,12.5,1.12281
5563,9.5,29.5,13.5,1.12281
5564,9.5,29.5,14.5,1.12281
5565,9.5,29.5,15.5,1.12281
5566,9.5,29.5,16.5,1.12281
5567,9.5,29.5,17.5,1.12281
5568,9.5,29.5,18.5,1.12281
5569,9.5,29.5,19.5,1.12281
5570,9.5,29.5,20.5,1.12281
5571,9.5,29.5,21.5,1.12281
5572,9.5,29.5,22.5,1.12281
5573,9.5,29.5,23.5,1.12281
5574,9.5,29.5,24.5,1.12281
5575,9.5,29.5,25.5,1.12281
5576,9.5,29.5,26.5,1.12281
5577,9.5,29.5,27.5,1.12281
5578,9.5,29.5,28.5,1.12281
5579,9.5,29.5,29.5,1.12281
5580,9.5,30.5,0.5,1.12281
5581,9.5,30.5,1.5,1.12281
5582,9.5,30.5,2.5,1.12281
5583,9.5,30.5,3.5,1.12281
5584,9.5,30.5,4.5,1.12281
5585,9.5,30.5,5.5,1.12281
5586,9.5,30.5,6.5,1.12281
5587,9.5,30.5,7.5,1.12281
5588,9.5,30.5,8.5,1.12281
5589,9.5,30.5,9.5,1.12281
5590,9.5,30.5,10.5,1.12281
5591,9.5,30.5,11.5,1.12281
5592,9.5,30.5,12.5,1.12281
5593,9.5,30.5,13.5,1.12281
5594,9.5,30.5,14.5,1.12281
5595,9.5,30.5,15.5,1.12281
5596,9.5,30.5,16.5,1.12281
5597,9.5,30.5,17.5,1.12281
5598,9.5,30.5,18.5,1.12281
5599,9.5,30.5,19.5,1.12281
5600,9.5,30.5,20.5,1.12281
5601,9.5,30.5,21.5,1.12281
5602,9.5,30.5,22.5,1.12281
5603,9.5,30.5,23.5,1.12281
5604,9.5,30.5,24.5,1.12281
5605,9.5,30.5,25.5,1.12281
5606,9.5,30.5,26.5,1.12281
5607,9.5,30.5,27.5,1.12281
5608,9.5,30.5,28.5,1.12281
5609,9.5,30.5,29.5,1.12281
5610,9.5,31.5,0.5,1.12281
5611,9.5,31.5,1.5,1.12281
5612,9.5,31.5,2.5,1.12281
5613,9.5,31.5,3.5,1.12281
5614,9.5,31.5,4.5,1.12281
5615,9.5,31.5,5.5,1.12281
5616,9.5,31.5,6.5,1.12281
5617,9.5,31.5,7.5,1.12281
5618,9.5,31.5,8.5,1.12281
5619,9.5,31.5,9.5,1.12281
5620,9.5,31.5,10.5,1.12281
5621,9.5,31.5,11.5,1.12281
5622,9.5,31.5,12.5,1.12281
5623,9.5,31.5,13.5,1.12281
5624,9.5,31.5,14.5,1.12281
5625,9.5,31.5,15.5,1.12281
5626,9.5,31.5,16.5,1.12281
5627,9.5,31.5,17.5,1.12281
5628,9.5,31.5,18.5,1.12281
5629,9.5,31.5,19.5,1.12281
5630,9.5,31.5,20.5,1.12281
5631,9.5,31.5,21.5,1.12281
5632,9.5,31.5,22.5,1.12281
5633,9.5,31.5,23.5,1.12281
5634,9.5,31.5,24.5,1.12281
5635,9.5,31.5,25.5,1.12281
5636,9.5,31.5,26.5,1.12281
5637,9.5,31.5,27.5,1.12281
5638,9.5,31.5,28.5,1.12281
5639,9.5,31.5,29.5,1.12281
5640,9.5,32.5,0.5,1.12281
5641,9.5,32.5,1.5,1.12281
5642,9.5,32.5,2.5,1.12281
5643,9.5,32.5,3.5,1.12281
5644,9.5,32.5,4.5,1.12281
5645,9.5,32.5,5.5,1.12281
5646,9.5,32.5,6.5,1.12281
5647,9.5,32.5,7.5,1.12281
5648,9.5,32.5,8.5,1.12281
5649,9.5,32.5,9.5,1.12281
5650,9.5,32.5,10.5,1.12281
5651,9.5,32.5,11.5,1.12281
5652,9.5,32.5,12.5,1.12281
5653,9.5,32.5,13.5,1.12281
5654,9.5,32.5,14.5,1.12281
5655,9.5,32.5,15.5,1.12281
5656,9.5,32.5,16.5,1.12281
5657,9.5,32.5,17.5,1.12281
5658,9.5,32.5,18.5,1.12281
5659,9.5,32.5,19.5,1.12281
5660,9.5,32.5,20.5,1.12281
5661,9.5,32.5,21.5,1.12281
5662,9.5,32.5,22.5,1.12281
5663,9.5,32.5,23.5,1.12281
5664,9.5,32.5,24.5,1.12281
5665,9.5,32.5,25.5,1.12281
5666,9.5,32.5,26.5,1.12281
5667,9.5,32.5,27.5,1.12281
5668,9.5,32.5,28.5,1.12281
5669,9.5,32.5,29.5,1.12281
5670,9.5,33.5,0.5,1.12281
5671,9.5,33.5,1.5,1.12281
5672,9.5,33.5,2.5,1.12281
5673,9.5,33.5,3.5,1.12281
5674,9.5,33.5,4.5,1.12281
5675,9.5,33.5,5.5,1.12281
5676,9.5,33.5,6.5,1.12281
5677,9.5,33.5,7.5,1.12281
5678,9.5,33.5,8.5,1.12281
5679,9.5,33.5,9.5,1.12281
5680,9.5,33.5,10.5,1.12281
5681,9.5,33.5,11.5,1.12281
5682,9.5,33.5,12.5,1.12281
5683,9.5,33.5,13.5,1.12281
5684,9.5,33.5,14.5,1.12281
5685,9.5,33.5,15.5,1.12281
5686,9.5,33.5,16.5,1.12281
5687,9.5,33.5,17.5,1.12281
5688,9.5,33.5,18.5,1.12281
5689,9.5,33.5,19.5,1.12281
5690,9.5,33.5,20.5,1.12281
5691,9.5,33.5,21.5,1.12281
5692,9.5,33.5,22.5,1.12281
5693,9.5,33.5,23.5,1.12281
5694,9.5,33.5,24.5,1.12281
5695,9.5,33.5,25.5,1.12281
5696,9.5,33.5,26.5,1.12281
5697,9.5,33.5,27.5,1.12281
5698,9.5,33.5,28.5,1.12281
5699,9.5,33.5,29.5,1.12281
5700,9.5,34.5,0.5,1.12281
5701,9.5,34.5,1.5,1.12281
5702,9.5,34.5,2.5,1.12281
5703,9.5,34.5,3.5,1.12281
5704,9.5,34.5,4.5,1.12281
5705,9.5,34.5,5.5,1.12281
5706,9.5,34.5,6.5,1.12281
5707,9.5,34.5,7.5,1.12281
5708,9.5,34.5,8.5,1.12281
5709,9.5,34.5,9.5,1.12281
5710,9.5,34.5,10.5,1.12281
5711,9.5,34.5,11.5,1.12281
5712,9.5,34.5,12.5,1.12281
5713,9.5,34.5,13.5,1.12281
5714,9.5,34.5,14.5,1.12281
5715,9.5,34.5,15.5,1.12281
5716,9.5,34.5,16.5,1.12281
5717,9.5,34.5,17.5,1.12281
5718,9.5,34.5,18.5,1.12281
5719,9.5,34.5,19.5,1.12281
5720,9.5,34.5,20.5,1.12281
5721,9.5,34.5,21.5,1.12281
5722,9.5,34.5,22.5,1.12281
5723,9.5,34.5,23.5,1.12281
5724,9.5,34.5,24.5,1.12281
5725,9.5,34.5,25.5,1.12281
5726,9.5,34.5,26.5,1.12281
5727,9.5,34.5,27.5,1.12281
5728,9.5,34.5,28.5,1.12281
5729,9.5,34.5,29.5,1.12281
5730,9.5,35.5,0.5,1.12281
5731,9.5,35.5,1.5,1.12281
5732,9.5,35.5,2.5,1.12281
5733,9.5,35.5,3.5,1.12281
5734,9.5,35.5,4.5,1.12281
5735,9.5,35.5,5.5,1.12281
5736,9.5,35.5,6.5,1.12281
5737,9.5,35.5,7.5,1.12281
5738,9.5,35.5,8.5,1.12281
5739,9.5,35.5,9.5,1.12281
5740,9.5,35.5,10.5,1.12281
5741,9.5,35.5,11.5,1.12281
5742,9.5,35.5,12.5,1.12281
5743,9.5,35.5,13.5,1.12281
5744,9.5,35.5,14.5,1.12281
5745,9.5,35.5,15.5,1.12281
5746,9.5,35.5,16.5,1.12281
5747,9.5,35.5,17.5,1.12281
5748,9.5,35.5,18.5,1.12281
5749,9.5,35.5,19.5,1.12281
5750,9.5,35.5,20.5,1.12281
5751,9.5,35.5,21.5,1.12281
5752,9.5,35.5,22.5,1.12281
5753,9.5,35.5,23.5,1.12281
5754,9.5,35.5,24.5,1.12281
5755,9.5,35.5,25.5,1.12281
5756,9.5,35.5,26.5,1.12281
5757,9.5,35.5,27.5,1.12281
5758,9.5,35.5,28.5,1.12281
5759,9.5,35.5,29.5,1.12281
5760,10.5,0.5,0.5,1.12281
5761,10.5,0.5,1.5,1.12281
5762,10.5,0.5,2.5,1.12281
5763,10.5,0.5,3.5,1.12281
5764,10.5,0.5,4.5,1.12281
5765,10.5,0.5,5.5,1.12281
5766,10.5,0.5,6.5,1.12281
5767,10.5,0.5,7.5,1.12281
5768,10.5,0.5,8.5,1.12281
5769,10.5,0.5,9.5,1.12281
5770,10.5,0.5,10.5,1.12281
5771,10.5,0.5,11.5,1.12281
5772,10.5,0.5,12.5,1.12281
5773,10.5,0.5,13.5,1.12281
5774,10.5,0.5,14.5,1.12281
5775,10.5,0.5,15.5,1.12281
5776,10.5,0.5,16.5,1.12281
5777,10.5,0.5,17.5,1.12281
5778,10.5,0.5,18.5,1.12281
5779,10.5,0.5,19.5,1.12281
5780,10.5,0.5,20.5,1.12281
5781,10.5,0.5,21.5,1.12281
5782,10.5,0.5,22.5,1.12281
5783,10.5,0.5,23.5,1.12281
5784,10.5,0.5,24.5,1.12281
5785,10.5,0.5,25.5,1.12281
5786,10.5,0.5,26.5,1.12281
5787,10.5,0.5,27.5,1.12281
5788,10.5,0.5,28.5,1.12281
5789,10.5,0.5,29.5,1.12281
5790,10.5,1.5,0.5,1.12281
5791,10.5,1.5,1.5,1.12281
5792,10.5,1.5,2.5,1.12281
5793,10.5,1.5,3.5,1.12281
5794,10.5,1.5,4.5,1.12281
5795,10.5,1.5,5.5,1.12281
5796,10.5,1.5,6.5,1.12281
5797,10.5,1.5,7.5,1.12281
5798,10.5,1.5,8.5,1.12281
5799,10.5,1.5,9.5,1.12281
5800,10.5,1.5,10.5,1.12281
5801,10.5,1.5,11.5,1.12281
5802,10.5,1.5,12.5,1.12281
5803,10.5,1.5,13.5,1.12281
5804,10.5,1.5,14.5,1.12281
5805,10.5,1.5,15.5,1.12281
5806,10.5,1.5,16.5,1.12281
5807,10.5,1.5,17.5,1.12281
5808,10.5,1.5,18.5,1.12281
5809,10.5,1.5,19.5,1.12281
5810,10.5,1.5,20.5,1.12281
5811,10.5,1.5,21.5,1.12281
5812,10.5,1.5,22.5,1.12281
5813,10.5,1.5,23.5,1.12281
5814,10.5,1.5,24.5,1.12281
5815,10.5,1.5,25.5,1.12281
5816,10.5,1.5,26.5,1.12281
5817,10.5,1.5,27.5,1.12281
5818,10.5,1.5,28.5,1.12281
5819,10.5,1.5,29.5,1.12281
5820,10.5,2.5,0.5,1.12281
5821,10.5,2.5,1.5,1.12281
5822,10.5,2.5,2.5,1.12281
5823,10.5,2.5,3.5,1.12281
5824,10.5,2.5,4.5,1.12281
5825,10.5,2.5,5.5,1.12281
5826,10.5,2.5,6.5,1.12281
5827,10.5,2.5,7.5,1.12281
5828,10.5,2.5,8.5,1.12281
5829,10.5,2.5,9.5,1.12281
5830,10.5,2.5,10.5,1.12281
5831,10.5,2.5,11.5,1.12281
5832,10.5,2.5,12.5,1.12281
5833,10.5,2.5,13.5,1.12281
5834,10.5,2.5,14.5,1.12281
5835,10.5,2.5,15.5,1.12281
5836,10.5,2.5,16.5,1.12281
5837,10.5,2.5,17.5,1.12281
5838,10.5,2.5,18.5,1.12281
5839,10.5,2.5,19.5,1.12281
5840,10.5,2.5,20.5,1.12281
5841,10.5,2.5,21.5,1.12281
5842,10.5,2.5,22.5,1.12281
5843,10.5,2.5,23.5,1.12281
5844,10.5,2.5,24.5,1.12281
5845,10.5,2.5,25.5,1.12281
5846,10.5,2.5,26.5,1.12281
5847,10.5,2.5,27.5,1.12281
5848,10.5,2.5,28.5,1.12281
5849,10.5,2.5,29.5,1.12281
5850,10.5,3.5,0.5,1.12281
5851,10.5,3.5,1.5,1.12281
5852,10.5,3.5,2.5,1.12281
5853,10.5,3.5,3.5,1.12281
5854,10.5,3.5,4.5,1.12281
5855,10.5,3.5,5.5,1.12281
5856,10.5,3.5,6.5,1.12281
5857,10.5,3.5,7.5,1.12281
5858,10.5,3.5,8.5,1.12281
5859,10.5,3.5,9.5,1.12281
5860,10.5,3.5,10.5,1.12281
5861,10.5,3.5,11.5,1.12281
5862,10.5,3.5,12.5,1.12281
5863,10.5,3.5,13.5,1.12281
5864,10.5,3.5,14.5,1.12281
5865,10.5,3.5,15.5,1.12281
5866,10.5,3.5,16.5,1.12281
5867,10.5,3.5,17.5,1.12281
5868,10.5,3.5,18.5,1.12281
5869,10.5,3.5,19.5,1.12281
5870,10.5,3.5,20.5,1.12281
5871,10.5,3.5,21.5,1.12281
5872,10.5,3.5,22.5,1.12281
5873,10.5,3.5,23.5,1.12281
5874,10.5,3.5,24.5,1.12281
5875,10.5,3.5,25.5,1.12281
5876,10.5,3.5,26.5,1.12281
5877,10.5,3.5,27.5,1.12281
5878,10.5,3.5,28.5,1.12281
5879,10.5,3.5,29.5,1.12281
5880,10.5,4.5,0.5,1.12281
5881,10.5,4.5,1.5,1.12281
5882,10.5,4.5,2.5,1.12281
5883,10.5,4.5,3.5,1.12281
5884,10.5,4.5,4.5,1.12281
5885,10.5,4.5,5.5,1.12281
5886,10.5,4.5,6.5,1.12281
5887,10.5,4.5,7.5,1.12281
5888,10.5,4.5,8.5,1.12281
5889,10.5,4.5,9.5,1.12281
5890,10.5,4.5,10.5,1.12281
5891,10.5,4.5,11.5,1.12281
5892,10.5,4.5,12.5,1.12281
5893,10.5,4.5,13.5,1.12281
5894,10.5,4.5,14.5,1.12281
5895,10.5,4.5,15.5,1.12281
5896,10.5,4.5,16.5,1.12281
5897,10.5,4.5,17.5,1.12281
5898,10.5,4.5,18.5,1.12281
5899,10.5,4.5,19.5,1.12281
5900,10.5,4.5,20.5,1.12281
5901,10.5,4.5,21.5,1.12281
5902,10.5,4.5,22.5,1.12281
5903,10.5,4.5,23.5,1.12281
5904,10.5,4.5,24.5,1.12281
5905,10.5,4.5,25.5,1.12281
5906,10.5,4.5,26.5,1.12281
5907,10.5,4.5,27.5,1.12281
5908,10.5,4.5,28.5,1.12281
5909,10.5,4.5,29.5,1.12281
5910,10.5,5.5,0.5,1.12281
5911,10.5,5.5,1.5,1.12281
5912,10.5,5.5,2.5,1.12281
5913,10.5,5.5,3.5,1.12281
5914,10.5,5.5,4.5,1.12281
5915,10.5,5.5,5.5,1.12281
5916,10.5,5.5,6.5,1.12281
5917,10.5,5.5,7.5,1.12281
5918,10.5,5.5,8.5,1.12281
5919,10.5,5.5,9.5,1.12281
5920,10.5,5.5,10.5,1.12281
5921,10.5,5.5,11.5,1.12281
5922,10.5,5.5,12.5,1.12281
5923,10.5,5.5,13.5,1.12281
5924,10.5,5.5,14.5,1.12281
5925,10.5,5.5,15.5,1.12281
5926,10.5,5.5,16.5,1.12281
5927,10.5,5.5,17.5,1.12281
5928,10.5,5.5,18.5,1.12281
5929,10.5,5.5,19.5,1.12281
5930,10.5,5.5,20.5,1.12281
5931,10.5,5.5,21.5,1.12281
5932,10.5,5.5,22.5,1.12281
5933,10.5,5.5,23.5,1.12281
5934,10.5,5.5,24.5,1.12281
5935,10.5,5.5,25.5,1.12281
5936,10.5,5.5,26.5,1.12281
5937,10.5,5.5,27.5,1.12281
5938,10.5,5.5,28.5,1.12281
5939,10.5,5.5,29.5,1.12281
5940,10.5,6.5,0.5,1.12281
5941,10.5,6.5,1.5,1.12281
5942,10.5,6.5,2.5,1.12281
5943,10.5,6.5,3.5,1.12281
5944,10.5,6.5,4.5,1.12281
5945,10.5,6.5,5.5,1.12281
5946,10.5,6.5,6.5,1.12281
5947,10.5,6.5,7.5,1.12281
5948,10.5,6.5,8.5,1.12281
5949,10.5,6.5,9.5,1.12281
5950,10.5,6.5,10.5,1.12281
5951,10.5,6.5,11.5,1.12281
5952,10.5,6.5,12.5,1.12281
5953,10.5,6.5,13.5,1.12281
5954,10.5,6.5,14.5,1.12281
5955,10.5,6.5,15.5,1.12281
5956,10.5,6.5,16.5,1.12281
5957,10.5,6.5,17.5,1.12281
5958,10.5,6.5,18.5,1.12281
5959,10.5,6.5,19.5,1.12281
5960,10.5,6.5,20.5,1.12281
5961,10.5,6.5,21.5,1.12281
5962,10.5,6.5,22.5,1.12281
5963,10.5,6.5,23.5,1.12281
5964,10.5,6.5,24.5,1.12281
5965,10.5,6.5,25.5,1.12281
5966,10.5,6.5,26.5,1.12281
5967,10.5,6.5,27.5,1.12281
5968,10.5,6.5,28.5,1.12281
5969,10.5,6.5,29.5,1.12281
5970,10.5,7.5,0.5,1.12281
5971,10.5,7.5,1.5,1.12281
5972,10.5,7.5,2.5,1.12281
5973,10.5,7.5,3.5,1.12281
5974,10.5,7.5,4.5,1.12281
5975,10.5,7.5,5.5,1.12281
5976,10.5,7.5,6.5,1.12281
5977,10.5,7.5,7.5,1.12281
5978,10.5,7.5,8.5,1.12281
5979,10.5,7.5,9.5,1.12281
5980,10.5,7.5,10.5,1.12281
5981,10.5,7.5,11.5,1.12281
5982,10.5,7.5,12.5,1.12281
5983,10.5,7.5,13.5,1.12281
5984,10.5,7.5,14.5,1.12281
5985,10.5,7.5,15.5,1.12281
5986,10.5,7.5,16.5,1.12281
5987,10.5,7.5,17.5,1.12281
5988,10.5,7.5,18.5,1.12281
5989,10.5,7.5,19.5,1.12281
5990,10.5,7.5,20.5,1.12281
5991,10.5,7.5,21.5,1.12281
5992,10.5,7.5,22.5,1.12281
5993,10.5,7.5,23.5,1.12281
5994,10.5,7.5,24.5,1.12281
5995,10.5,7.5,25.5,1.12281
5996,10.5,7.5,26.5,1.12281
5997,10.5,7.5,27.5,1.12281
5998,10.5,7.5,28.5,1.12281
5999,10.5,7.5,29.5,1.12281
6000,10.5,8.5,0.5,1.12281
6001,10.5,8.5,1.5,1.12281
6002,10.5,8.5,2.5,1.12281
6003,10.5,8.5,3.5,1.12281
6004,10.5,8.5,4.5,1.12281
6005,10.5,8.5,5.5,1.12281
6006,10.5,8.5,6.5,1.12281
6007,10.5,8.5,7.5,1.12281
6008,10.5,8.5,8.5,1.12281
6009,10.5,8.5,9.5,1.12281
6010,10.5,8.5,10.5,1.12281
6011,10.5,8.5,11.5,1.12281
6012,10.5,8.5,12.5,1.12281
6013,10.5,8.5,13.5,1.12281
6014,10.5,8.5,14.5,1.12281
6015,10.5,8.5,15.5,1.12281
6016,10.5,8.5,16.5,1.12281
6017,10.5,8.5,17.5,1.12281
6018,10.5,8.5,18.5,1.12281
6019,10.5,8.5,19.5,1.12281
6020,10.5,8.5,20.5,1.12281
6021,10.5,8.5,21.5,1.12281
6022,10.5,8.5,22.5,1.12281
6023,10.5,8.5,23.5,1.12281
6024,10.5,8.5,24.5,1.12281
6025,10.5,8.5,25.5,1.12281
6026,10.5,8.5,26.5,1.12281
6027,10.5,8.5,27.5,1.12281
6028,10.5,8.5,28.5,1.12281
6029,10.5,8.5,29.5,1.12281
6030,10.5,9.5,0.5,1.12281
6031,10.5,9.5,1.5,1.12281
6032,10.5,9.5,2.5,1.12281
6033,10.5,9.5,3.5,1.12281
6034,10.5,9.5,4.5,1.12281
6035,10.5,9.5,5.5,1.12281
6036,10.5,9.5,6.5,1.12281
6037,10.5,9.5,7.5,1.12281
6038,10.5,9.5,8.5,1.12281
6039,10.5,9.5,9.5,1.12281
6040,10.5,9.5,10.5,1.12281
6041,10.5,9.5,11.5,1.12281
6042,10.5,9.5,12.5,1.12281
6043,10.5,9.5,13.5,1.12281
6044,10.5,9.5,14.5,1.12281
6045,10.5,9.5,15.5,1.12281
6046,10.5,9.5,16.5,1.12281
6047,10.5,9.5,17.5,1.12281
6048,10.5,9.5,18.5,1.12281
6049,10.5,9.5,19.5,1.12281
6050,10.5,9.5,20.5,1.12281
6051,10.5,9.5,21.5,1.12281
6052,10.5,9.5,22.5,1.12281
6053,10.5,9.5,23.5,1.12281
6054,10.5,9.5,24.5,1.12281
6055,10.5,9.5,25.5,1.12281
6056,10.5,9.5,26.5,1.12281
6057,10.5,9.5,27.5,1.12281
6058,10.5,9.5,28.5,1.12281
6059,10.5,9.5,29.5,1.12281
6060,10.5,10.5,0.5,1.12281
6061,10.5,10.5,1.5,1.12281
6062,10.5,10.5,2.5,1.12281
6063,10.5,10.5,3.5,1.12281
6064,10.5,10.5,4.5,1.12281
6065,10.5,10.5,5.5,1.12281
6066,10.5,10.5,6.5,1.12281
6067,10.5,10.5,7.5,1.12281
6068,10.5,10.5,8.5,1.12281
6069,10.5,10.5,9.5,1.12281
6070,10.5,10.5,10.5,1.12281
6071,10.5,10.5,11.5,1.12281
6072,10.5,10.5,12.5,1.12281
6073,10.5,10.5,13.5,1.12281
6074,10.5,10.5,14.5,1.12281
6075,10.5,10.5,15.5,1.12281
6076,10.5,10.5,16.5,1.12281
6077,10.5,10.5,17.5,1.12281
6078,10.5,10.5,18.5,1.12281
6079,10.5,10.5,19.5,1.12281
6080,10.5,10.5,20.5,1.12281
6081,10.5,10.5,21.5,1.12281
6082,10.5,10.5,22.5,1.12281
6083,10.5,10.5,23.5,1.12281
6084,10.5,10.5,24.5,1.12281
6085,10.5,10.5,25.5,1.12281
6086,10.5,10.5,26.5,1.12281
6087,10.5,10.5,27.5,1.12281
6088,10.5,10.5,28.5,1.12281
6089,10.5,10.5,29.5,1.12281
6090,10.5,11.5,0.5,1.12281
6091,10.5,11.5,1.5,1.12281
6092,10.5,11.5,2.5,1.12281
6093,10.5,11.5,3.5,1.12281
6094,10.5,11.5,4.5,1.12281
6095,10.5,11.5,5.5,1.12281
6096,10.5,11.5,6.5,1.12281
6097,10.5,11.5,7.5,1.12281
6098,10.5,11.5,8.5,1.12281
6099,10.5,11.5,9.5,1.12281
6100,10.5,11.5,10.5,1.12281
6101,10.5,11.5,11.5,1.12281
6102,10.5,11.5,12.5,1.12281
6103,10.5,11.5,13.5,1.12281
6104,10.5,11.5,14.5,1.12281
6105,10.5,11.5,15.5,1.12281
6106,10.5,11.5,16.5,1.12281
6107,10.5,11.5,17.5,1.12281
6108,10.5,11.5,18.5,1.12281
6109,10.5,11.5,19.5,1.12281
6110,10.5,11.5,20.5,1.12281
6111,10.5,11.5,21.5,1.12281
6112,10.5,11.5,22.5,1.12281
6113,10.5,11.5,23.5,1.12281
6114,10.5,11.5,24.5,1.12281
6115,10.5,11.5,25.5,1.12281
6116,10.5,11.5,26.5,1.12281
6117,10.5,11.5,27.5,1.12281
6118,10.5,11.5,28.5,1.12281
6119,10.5,11.5,29.5,1.12281
6120,10.5,12.5,0.5,1.12281
6121,10.5,12.5,1.5,1.12281
6122,10.5,12.5,2.5,1.12281
6123,10.5,12.5,3.5,1.12281
6124,10.5,12.5,4.5,1.12281
6125,10.5,12.5,5.5,1.12281
6126,10.5,12.5,6.5,1.12281
6127,10.5,12.5,7.5,1.12281
6128,10.5,12.5,8.5,1.12281
6129,10.5,12.5,9.5,1.12281
6130,10.5,12.5,10.5,1.12281
6131,10.5,12.5,11.5,1.12281
6132,10.5,12.5,12.5,1.12281
6133,10.5,12.5,13.5,1.12281
6134,10.5,12.5,14.5,1.12281
6135,10.5,12.5,15.5,1.12281
6136,10.5,12.5,16.5,1.12281
6137,10.5,12.5,17.5,1.12281
6138,10.5,12.5,18.5,1.12281
6139,10.5,12.5,19.5,1.12281
6140,10.5,12.5,20.5,1.12281
6141,10.5,12.5,21.5,1.12281
6142,10.5,12.5,22.5,1.12281
6143,10.5,12.5,23.5,1.12281
6144,10.5,12.5,24.5,1.12281
6145,10.5,12.5,25.5,1.12281
6146,10.5,12.5,26.5,1.12281
6147,10.5,12.5,27.5,1.12281
6148,10.5,12.5,28.5,1.12281
6149,10.5,12.5,29.5,1.12281
6150,10.5,13.5,0.5,1.12281
6151,10.5,13.5,1.5,1.12281
6152,10.5,13.5,2.5,1.12281
6153,10.5,13.5,3.5,1.12281
6154,10.5,13.5,4.5,1.12281
6155,10.5,13.5,5.5,1.12281
6156,10.5,13.5,6.5,1.12281
6157,10.5,13.5,7.5,1.12281
6158,10.5,13.5,8.5,1.12281
6159,10.5,13.5,9.5,1.12281
6160,10.5,13.5,10.5,1.12281
6161,10.5,13.5,11.5,1.12281
6162,10.5,13.5,12.5,1.12281
6163,10.5,13.5,13.5,1.12281
6164,10.5,13.5,14.5,1.12281
6165,10.5,13.5,15.5,1.12281
6166,10.5,13.5,16.5,1.12281
6167,10.5,13.5,17.5,1.12281
6168,10.5,13.5,18.5,1.12281
6169,10.5,13.5,19.5,1.12281
6170,10.5,13.5,20.5,1.12281
6171,10.5,13.5,21.5,1.12281
6172,10.5,13.5,22.5,1.12281
6173,10.5,13.5,23.5,1.12281
6174,10.5,13.5,24.5,1.12281
6175,10.5,13.5,25.5,1.12281
6176,10.5,13.5,26.5,1.12281
6177,10.5,13.5,27.5,1.12281
6178,10.5,13.5,28.5,1.12281
6179,10.5,13.5,29.5,1.12281
6180,10.5,14.5,0.5,1.12281
6181,10.5,14.5,1.5,1.12281
6182,10.5,14.5,2.5,1.12281
6183,10.5,14.5,3.5,1.12281
6184,10.5,14.5,4.5,1.12281
6185,10.5,14.5,5.5,1.12281
6186,10.5,14.5,6.5,1.12281
6187,10.5,14.5,7.5,1.12281
6188,10.5,14.5,8.5,1.12281
6189,10.5,14.5,9.5,1.12281
6190,10.5,14.5,10.5,1.12281
6191,10.5,14.5,11.5,1.12281
6192,10.5,14.5,12.5,1.12281
6193,10.5,14.5,13.5,1.12281
6194,10.5,14.5,14.5,1.12281
6195,10.5,14.5,15.5,1.12281
6196,10.5,14.5,16.5,1.12281
6197,10.5,14.5,17.5,1.12281
6198,10.5,14.5,18.5,1.12281
6199,10.5,14.5,19.5,1.12281
6200,10.5,14.5,20.5,1.12281
6201,10.5,14.5,21.5,1.12281
6202,10.5,14.5,22.5,1.12281
6203,10.5,14.5,23.5,1.12281
6204,10.5,14.5,24.5,1.12281
6205,10.5,14.5,25.5,1.12281
6206,10.5,14.5,26.5,1.12281
6207,10.5,14.5,27.5,1.12281
6208,10.5,14.5,28.5,1.12281
6209,10.5,14.5,29.5,1.12281
6210,10.5,15.5,0.5,1.12281
6211,10.5,15.5,1.5,1.12281
6212,10.5,15.5,2.5,1.12281
6213,10.5,15.5,3.5,1.12281
6214,10.5,15.5,4.5,1.12281
6215,10.5,15.5,5.5,1.12281
6216,10.5,15.5,6.5,1.12281
6217,10.5,15.5,7.5,1.12281
6218,10.5,15.5,8.5,1.12281
6219,10.5,15.5,9.5,1.12281
6220,10.5,15.5,10.5,1.12281
6221,10.5,15.5,11.5,1.12281
6222,10.5,15.5,12.5,1.12281
6223,10.5,15.5,13.5,1.12281
6224,10.5,15.5,14.5,1.12281
6225,10.5,15.5,15.5,1.12281
6226,10.5,15.5,16.5,1.12281
6227,10.5,15.5,17.5,1.12281
6228,10.5,15.5,18.5,1.12281
6229,10.5,15.5,19.5,1.12281
6230,10.5,15.5,20.5,1.12281
6231,10.5,15.5,21.5,1.12281
6232,10.5,15.5,22.5,1.12281
6233,10.5,15.5,23.5,1.12281
6234,10.5,15.5,24.5,1.12281
6235,10.5,15.5,25.5,1.12281
6236,10.5,15.5,26.5,1.12281
6237,10.5,15.5,27.5,1.12281
6238,10.5,15.5,28.5,1.12281
6239,10.5,15.5,29.5,1.12281
6240,10.5,16.5,0.5,1.12281
6241,10.5,16.5,1.5,1.12281
6242,10.5,16.5,2.5,1.12281
6243,10.5,16.5,3.5,1.12281
6244,10.5,16.5,4.5,1.12281
6245,10.5,16.5,5.5,1.12281
6246,10.5,16.5,6.5,1.12281
6247,10.5,16.5,7.5,1.12281
6248,10.5,16.5,8.5,1.12281
6249,10.5,16.5,9.5,1.12281
6250,10.5,16.5,10.5,1.12281
6251,10.5,16.5,11.5,1.12281
6252,10.5,16.5,12.5,1.12281
6253,10.5,16.5,13.5,1.12281
6254,10.5,16.5,14.5,1.12281
6255,10.5,16.5,15.5,1.12281
6256,10.5,16.5,16.5,1.12281
6257,10.5,16.5,17.5,1.12281
6258,10.5,16.5,18.5,1.12281
6259,10.5,16.5,19.5,1.12281
6260,10.5,16.5,20.5,1.12281
6261,10.5,16.5,21.5,1.12281
6262,10.5,16.5,22.5,1.12281
6263,10.5,16.5,23.5,1.12281
6264,10.5,16.5,24.5,1.12281
6265,10.5,16.5,25.5,1.12281
6266,10.5,16.5,26.5,1.12281
6267,10.5,16.5,27.5,1.12281
6268,10.5,16.5,28.5,1.12281
6269,10.5,16.5,29.5,1.12281
6270,10.5,17.5,0.5,1.12281
6271,10.5,17.5,1.5,1.12281
6272,10.5,17.5,2.5,1.12281
6273,10.5,17.5,3.5,1.12281
6274,10.5,17.5,4.5,1.12281
6275,10.5,17.5,5.5,1.12281
6276,10.5,17.5,6.5,1.12281
6277,10.5,17.5,7.5,1.12281
6278,10.5,17.5,8.5,1.12281
6279,10.5,17.5,9.5,1.12281
6280,10.5,17.5,10.5,1.12281
6281,10.5,17.5,11.5,1.12281
6282,10.5,17.5,12.5,1.12281
6283,10.5,17.5,13.5,1.12281
6284,10.5,17.5,14.5,1.12281
6285,10.5,17.5,15.5,1.12281
6286,10.5,17.5,16.5,1.12281
6287,10.5,17.5,17.5,1.12281
6288,10.5,17.5,18.5,1.12281
6289,10.5,17.5,19.5,1.12281
6290,10.5,17.5,20.5,1.12281
6291,10.5,17.5,21.5,1.12281
6292,10.5,17.5,22.5,1.12281
6293,10.5,17.5,23.5,1.12281
6294,10.5,17.5,24.5,1.12281
6295,10.5,17.5,25.5,1.12281
6296,10.5,17.5,26.5,1.12281
6297,10.5,17.5,27.5,1.12281
6298,10.5,17.5,28.5,1.12281
6299,10.5,17.5,29.5,1.12281
6300,10.5,18.5,0.5,1.12281
6301,10.5,18.5,1.5,1.12281
6302,10.5,18.5,2.5,1.12281
6303,10.5,18.5,3.5,1.12281
6304,10.5,18.5,4.5,1.12281
6305,10.5,18.5,5.5,1.12281
6306,10.5,18.5,6.5,1.12281
6307,10.5,18.5,7.5,1.12281
6308,10.5,18.5,8.5,1.12281
6309,10.5,18.5,9.5,1.12281
6310,10.5,18.5,10.5,1.12281
6311,10.5,18.5,11.5,1.12281
6312,10.5,18.5,12.5,1.12281
6313,10.5,18.5,13.5,1.12281
6314,10.5,18.5,14.5,1.12281
6315,10.5,18.5,15.5,1.12281
6316,10.5,18.5,16.5,1.12281
6317,10.5,18.5,17.5,1.12281
6318,10.5,18.5,18.5,1.12281
6319,10.5,18.5,19.5,1.12281
6320,10.5,18.5,20.5,1.12281
6321,10.5,18.5,21.5,1.12281
6322,10.5,18.5,22.5,1.12281
6323,10.5,18.5,23.5,1.12281
6324,10.5,18.5,24.5,1.12281
6325,10.5,18.5,25.5,1.12281
6326,10.5,18.5,26.5,1.12281
6327,10.5,18.5,27.5,1.12281
6328,10.5,18.5,28.5,1.12281
6329,10.5,18.5,29.5,1.12281
6330,10.5,19.5,0.5,1.12281
6331,10.5,19.5,1.5,1.12281
6332,10.5,19.5,2.5,1.12281
6333,10.5,19.5,3.5,1.12281
6334,10.5,19.5,4.5,1.12281
6335,10.5,19.5,5.5,1.12281
6336,10.5,19.5,6.5,1.12281
6337,10.5,19.5,7.5,1.12281
6338,10.5,19.5,8.5,1.12281
6339,10.5,19.5,9.5,1.12281
6340,10.5,19.5,10.5,1.12281
6341,10.5,19.5,11.5,1.12281
6342,10.5,19.5,12.5,1.12281
6343,10.5,19.5,13.5,1.12281
6344,10.5,19.5,14.5,1.12281
6345,10.5,19.5,15.5,1.12281
6346,10.5,19.5,16.5,1.12281
6347,10.5,19.5,17.5,1.12281
6348,10.5,19.5,18.5,1.12281
6349,10.5,19.5,19.5,1.12281
6350,10.5,19.5,20.5,1.12281
6351,10.5,19.5,21.5,1.12281
6352,10.5,19.5,22.5,1.12281
6353,10.5,19.5,23.5,1.12281
6354,10.5,19.5,24.5,1.12281
6355,10.5,19.5,25.5,1.12281
6356,10.5,19.5,26.5,1.12281
6357,10.5,19.5,27.5,1.12281
6358,10.5,19.5,28.5,1.12281
6359,10.5,19.5,29.5,1.12281
6360,10.5,20.5,0.5,1.12281
6361,10.5,20.5,1.5,1.12281
6362,10.5,20.5,2.5,1.12281
6363,10.5,20.5,3.5,1.12281
6364,10.5,20.5,4.5,1.12281
6365,10.5,20.5,5.5,1.12281
6366,10.5,20.5,6.5,1.12281
6367,10.5,20.5,7.5,1.12281
6368,10.5,20.5,8.5,1.12281
6369,10.5,20.5,9.5,1.12281
6370,10.5,20.5,10.5,1.12281
6371,10.5,20.5,11.5,1.12281
6372,10.5,20.5,12.5,1.12281
6373,10.5,20.5,13.5,1.12281
6374,10.5,20.5,14.5,1.12281
6375,10.5,20.5,15.5,1.12281
6376,10.5,20.5,16.5,1.12281
6377,10.5,20.5,17.5,1.12281
6378,10.5,20.5,18.5,1.12281
6379,10.5,20.5,19.5,1.12281
6380,10.5,20.5,20.5,1.12281
6381,10.5,20.5,21.5,1.12281
6382,10.5,20.5,22.5,1.12281
6383,10.5,20.5,23.5,1.12281
6384,10.5,20.5,24.5,1.12281
6385,10.5,20.5,25.5,1.12281
6386,10.5,20.5,26.5,1.12281
6387,10.5,20.5,27.5,1.12281
6388,10.5,20.5,28.5,1.12281
6389,10.5,20.5,29.5,1.12281
6390,10.5,21.5,0.5,1.12281
6391,10.5,21.5,1.5,1.12281
6392,10.5,21.5,2.5,1.12281
6393,10.5,21.5,3.5,1.12281
6394,10.5,21.5,4.5,1.12281
6395,10.5,21.5,5.5,1.12281
6396,10.5,21.5,6.5,1.12281
6397,10.5,21.5,7.5,1.12281
6398,10.5,21.5,8.5,1.12281
6399,10.5,21.5,9.5,1.12281
6400,10.5,21.5,10.5,1.12281
6401,10.5,21.5,11.5,1.12281
6402,10.5,21.5,12.5,1.12281
6403,10.5,21.5,13.5,1.12281
6404,10.5,21.5,14.5,1.12281
6405,10.5,21.5,15.5,1.12281
6406,10.5,21.5,16.5,1.12281
6407,10.5,21.5,17.5,1.12281
6408,10.5,21.5,18.5,1.12281
6409,10.5,21.5,19.5,1.12281
6410,10.5,21.5,20.5,1.12281
6411,10.5,21.5,21.5,1.12281
6412,10.5,21.5,22.5,1.12281
6413,10.5,21.5,23.5,1.12281
6414,10.5,21.5,24.5,1.12281
6415,10.5,21.5,25.5,1.12281
6416,10.5,21.5,26.5,1.12281
6417,10.5,21.5,27.5,1.12281
6418,10.5,21.5,28.5,1.12281
6419,10.5,21.5,29.5,1.12281
6420,10.5,22.5,0.5,1.12281
6421,10.5,22.5,1.5,1.12281
6422,10.5,22.5,2.5,1.12281
6423,10.5,22.5,3.5,1.12281
6424,10.5,22.5,4.5,1.12281
6425,10.5,22.5,5.5,1.12281
6426,10.5,22.5,6.5,1.12281
6427,10.5,22.5,7.5,1.12281
6428,10.5,22.5,8.5,1.12281
6429,10.5,22.5,9.5,1.12281
6430,10.5,22.5,10.5,1.12281
6431,10.5,22.5,11.5,1.12281
6432,10.5,22.5,12.5,1.12281
6433,10.5,22.5,13.5,1.12281
6434,10.5,22.5,14.5,1.12281
6435,10.5,22.5,15.5,1.12281
6436,10.5,22.5,16.5,1.12281
6437,10.5,22.5,17.5,1.12281
6438,10.5,22.5,18.5,1.12281
6439,10.5,22.5,19.5,1.12281
6440,10.5,22.5,20.5,1.12281
6441,10.5,22.5,21.5,1.12281
6442,10.5,22.5,22.5,1.12281
6443,10.5,22.5,23.5,1.12281
6444,10.5,22.5,24.5,1.12281
6445,10.5,22.5,25.5,1.12281
6446,10.5,22.5,26.5,1.12281
6447,10.5,22.5,27.5,1.12281
6448,10.5,22.5,28.5,1.12281
6449,10.5,22.5,29.5,1.12281
6450,10.5,23.5,0.5,1.12281
6451,10.5,23.5,1.5,1.12281
6452,10.5,23.5,2.5,1.12281
6453,10.5,23.5,3.5,1.12281
6454,10.5,23.5,4.5,1.12281
6455,10.5,23.5,5.5,1.12281
6456,10.5,23.5,6.5,1.12281
6457,10.5,23.5,7.5,1.12281
6458,10.5,23.5,8.5,1.12281
6459,10.5,23.5,9.5,1.12281
6460,10.5,23.5,10.5,1.12281
6461,10.5,23.5,11.5,1.12281
6462,10.5,23.5,12.5,1.12281
6463,10.5,23.5,13.5,1.12281
6464,10.5,23.5,14.5,1.12281
6465,10.5,23.5,15.5,1.12281
6466,10.5,23.5,16.5,1.12281
6467,10.5,23.5,17.5,1.12281
6468,10.5,23.5,18.5,1.12281
6469,10.5,23.5,19.5,1.12281
6470,10.5,23.5,20.5,1.12281
6471,10.5,23.5,21.5,1.12281
6472,10.5,23.5,22.5,1.12281
6473,10.5,23.5,23.5,1.12281
6474,10.5,23.5,24.5,1.12281
6475,10.5,23.5,25.5,1.12281
6476,10.5,23.5,26.5,1.12281
6477,10.5,23.5,27.5,1.12281
6478,10.5,23.5,28.5,1.12281
6479,10.5,23.5,29.5,1.12281
6480,10.5,24.5,0.5,1.12281
6481,10.5,24.5,1.5,1.12281
6482,10.5,24.5,2.5,1.12281
6483,10.5,24.5,3.5,1.12281
6484,10.5,24.5,4.5,1.12281
6485,10.5,24.5,5.5,1.12281
6486,10.5,24.5,6.5,1.12281
6487,10.5,24.5,7.5,1.12281
6488,10.5,24.5,8.5,1.12281
6489,10.5,24.5,9.5,1.12281
6490,10.5,24.5,10.5,1.12281
6491,10.5,24.5,11.5,1.12281
6492,10.5,24.5,12.5,1.12281
6493,10.5,24.5,13.5,1.12281
6494,10.5,24.5,14.5,1.12281
6495,10.5,24.5,15.5,1.12281
6496,10.5,24.5,16.5,1.12281
6497,10.5,24.5,17.5,1.12281
6498,10.5,24.5,18.5,1.12281
6499,10.5,24.5,19.5,1.12281
6500,10.5,24.5,20.5,1.12281
6501,10.5,24.5,21.5,1.12281
6502,10.5,24.5,22.5,1.12281
6503,10.5,24.5,23.5,1.12281
6504,10.5,24.5,24.5,1.12281
6505,10.5,24.5,25.5,1.12281
6506,10.5,24.5,26.5,1.12281
6507,10.5,24.5,27.5,1.12281
6508,10.5,24.5,28.5,1.12281
6509,10.5,24.5,29.5,1.12281
6510,10.5,25.5,0.5,1.12281
6511,10.5,25.5,1.5,1.12281
6512,10.5,25.5,2.5,1.12281
6513,10.5,25.5,3.5,1.12281
6514,10.5,25.5,4.5,1.12281
6515,10.5,25.5,5.5,1.12281
6516,10.5,25.5,6.5,1.12281
6517,10.5,25.5,7.5,1.12281
6518,10.5,25.5,8.5,1.12281
6519,10.5,25.5,9.5,1.12281
6520,10.5,25.5,10.5,1.12281
6521,10.5,25.5,11.5,1.12281
6522,10.5,25.5,12.5,1.12281
6523,10.5,25.5,13.5,1.12281
6524,10.5,25.5,14.5,1.12281
6525,10.5,25.5,15.5,1.12281
6526,10.5,25.5,16.5,1.12281
6527,10.5,25.5,17.5,1.12281
6528,10.5,25.5,18.5,1.12281
6529,10.5,25.5,19.5,1.12281
6530,10.5,25.5,20.5,1.12281
6531,10.5,25.5,21.5,1.12281
6532,10.5,25.5,22.5,1.12281
6533,10.5,25.5,23.5,1.12281
6534,10.5,25.5,24.5,1.12281
6535,10.5,25.5,25.5,1.12281
6536,10.5,25.5,26.5,1.12281
6537,10.5,25.5,27.5,1.12281
6538,10.5,25.5,28.5,1.12281
6539,10.5,25.5,29.5,1.12281
6540,10.5,26.5,0.5,1.12281
6541,10.5,26.5,1.5,1.12281
6542,10.5,26.5,2.5,1.12281
6543,10.5,26.5,3.5,1.12281
6544,10.5,26.5,4.5,1.12281
6545,10.5,26.5,5.5,1.12281
6546,10.5,26.5,6.5,1.12281
6547,10.5,26.5,7.5,1.12281
6548,10.5,26.5,8.5,1.12281
6549,10.5,26.5,9.5,1.12281
6550,10.5,26.5,10.5,1.12281
6551,10.5,26.5,11.5,1.12281
6552,10.5,26.5,12.5,1.12281
6553,10.5,26.5,13.5,1.12281
6554,10.5,26.5,14.5,1.12281
6555,10.5,26.5,15.5,1.12281
6556,10.5,26.5,16.5,1.12281
6557,10.5,26.5,17.5,1.12281
6558,10.5,26.5,18.5,1.12281
6559,10.5,26.5,19.5,1.12281
6560,10.5,26.5,20.5,1.12281
6561,10.5,26.5,21.5,1.12281
6562,10.5,26.5,22.5,1.12281
6563,10.5,26.5,23.5,1.12281
6564,10.5,26.5,24.5,1.12281
6565,10.5,26.5,25.5,1.12281
6566,10.5,26.5,26.5,1.12281
6567,10.5,26.5,27.5,1.12281
6568,10.5,26.5,28.5,1.12281
6569,10.5,26.5,29.5,1.12281
6570,10.5,27.5,0.5,1.12281
6571,10.5,27.5,1.5,1.12281
6572,10.5,27.5,2.5,1.12281
6573,10.5,27.5,3.5,1.12281
6574,10.5,27.5,4.5,1.12281
6575,10.5,27.5,5.5,1.12281
6576,10.5,27.5,6.5,1.12281
6577,10.5,27.5,7.5,1.12281
6578,10.5,27.5,8.5,1.12281
6579,10.5,27.5,9.5,1.12281
6580,10.5,27.5,10.5,1.12281
6581,10.5,27.5,11.5,1.12281
6582,10.5,27.5,12.5,1.12281
6583,10.5,27.5,13.5,1.12281
6584,10.5,27.5,14.5,1.12281
6585,10.5,27.5,15.5,1.12281
6586,10.5,27.5,16.5,1.12281
6587,10.5,27.5,17.5,1.12281
6588,10.5,27.5,18.5,1.12281
6589,10.5,27.5,19.5,1.12281
6590,10.5,27.5,20.5,1.12281
6591,10.5,27.5,21.5,1.12281
6592,10.5,27.5,22.5,1.12281
6593,10.5,27.5,23.5,1.12281
6594,10.5,27.5,24.5,1.12281
6595,10.5,27.5,25.5,1.12281
6596,10.5,27.5,26.5,1.12281
6597,10.5,27.5,27.5,1.12281
6598,10.5,27.5,28.5,1.12281
6599,10.5,27.5,29.5,1.12281
6600,10.5,28.5,0.5,1.12281
6601,10.5,28.5,1.5,1.12281
6602,10.5,28.5,2.5,1.12281
6603,10.5,28.5,3.5,1.12281
6604,10.5,28.5,4.5,1.12281
6605,10.5,28.5,5.5,1.12281
6606,10.5,28.5,6.5,1.12281
6607,10.5,28.5,7.5,1.12281
6608,10.5,28.5,8.5,1.12281
6609,10.5,28.5,9.5,1.12281
6610,10.5,28.5,10.5,1.12281
6611,10.5,28.5,11.5,1.12281
6612,10.5,28.5,12.5,1.12281
6613,10.5,28.5,13.5,1.12281
6614,10.5,28.5,14.5,1.12281
6615,10.5,28.5,15.5,1.12281
6616,10.5,28.5,16.5,1.12281
6617,10.5,28.5,17.5,1.12281
6618,10.5,28.5,18.5,1.12281
6619,10.5,28.5,19.5,1.12281
6620,10.5,28.5,20.5,1.12281
6621,10.5,28.5,21.5,1.12281
6622,10.5,28.5,22.5,1.12281
6623,10.5,28.5,23.5,1.12281
6624,10.5,28.5,24.5,1.12281
6625,10.5,28.5,25.5,1.12281
6626,10.5,28.5,26.5,1.12281
6627,10.5,28.5,27.5,1.12281
6628,10.5,28.5,28.5,1.12281
6629,10.5,28.5,29.5,1.12281
6630,10.5,29.5,0.5,1.12281
6631,10.5,29.5,1.5,1.12281
6632,10.5,29.5,2.5,1.12281
6633,10.5,29.5,3.5,1.12281
6634,10.5,29.5,4.5,1.12281
6635,10.5,29.5,5.5,1.12281
6636,10.5,29.5,6.5,1.12281
6637,10.5,29.5,7.5,1.12281
6638,10.5,29.5,8.5,1.12281
6639,10.5,29.5,9.5,1.12281
6640,10.5,29.5,10.5,1.12281
6641,10.5,29.5,11.5,1.12281
6642,10.5,29.5,12.5,1.12281
6643,10.5,29.5,13.5,1.12281
6644,10.5,29.5,14.5,1.12281
6645,10.5,29.5,15.5,1.12281
6646,10.5,29.5,16.5,1.12281
6647,10.5,29.5,17.5,1.12281
6648,10.5,29.5,18.5,1.12281
6649,10.5,29.5,19.5,1.12281
6650,10.5,29.5,20.5,1.12281
6651,10.5,29.5,21.5,1.12281
6652,10.5,29.5,22.5,1.12281
6653,10.5,29.5,23.5,1.12281
6654,10.5,29.5,24.5,1.12281
6655,10.5,29.5,25.5,1.12281
6656,10.5,29.5,26.5,1.12281
6657,10.5,29.5,27.5,1.12281
6658,10.5,29.5,28.5,1.12281
6659,10.5,29.5,29.5,1.12281
6660,10.5,30.5,0.5,1.12281
6661,10.5,30.5,1.5,1.12281
6662,10.5,30.5,2.5,1.12281
6663,10.5,30.5,3.5,1.12281
6664,10.5,30.5,4.5,1.12281
6665,10.5,30.5,5.5,1.12281
6666,10.5,30.5,6.5,1.12281
6667,10.5,30.5,7.5,1.12281
6668,10.5,30.5,8.5,1.12281
6669,10.5,30.5,9.5,1.12281
6670,10.5,30.5,10.5,1.12281
6671,10.5,30.5,11.5,1.12281
6672,10.5,30.5,12.5,1.12281
6673,10.5,30.5,13.5,1.12281
6674,10.5,30.5,14.5,1.12281
6675,10.5,30.5,15.5,1.12281
6676,10.5,30.5,16.5,1.12281
6677,10.5,30.5,17.5,1.12281
6678,10.5,30.5,18.5,1.12281
6679,10.5,30.5,19.5,1.12281
6680,10.5,30.5,20.5,1.12281
6681,10.5,30.5,21.5,1.12281
6682,10.5,30.5,22.5,1.12281
6683,10.5,30.5,23.5,1.12281
6684,10.5,30.5,24.5,1.12281
6685,10.5,30.5,25.5,1.12281
6686,10.5,30.5,26.5,1.12281
6687,10.5,30.5,27.5,1.12281
6688,10.5,30.5,28.5,1.12281
6689,10.5,30.5,29.5,1.12281
6690,10.5,31.5,0.5,1.12281
6691,10.5,31.5,1.5,1.12281
6692,10.5,31.5,2.5,1.12281
6693,10.5,31.5,3.5,1.12281
6694,10.5,31.5,4.5,1.12281
6695,10.5,31.5,5.5,1.12281
6696,10.5,31.5,6.5,1.12281
6697,10.5,31.5,7.5,1.12281
6698,10.5,31.5,8.5,1.12281
6699,10.5,31.5,9.5,1.12281
6700,10.5,31.5,10.5,1.12281
6701,10.5,31.5,11.5,1.12281
6702,10.5,31.5,12.5,1.12281
6703,10.5,31.5,13.5,1.12281
6704,10.5,31.5,14.5,1.12281
6705,10.5,31.5,15.5,1.12281
6706,10.5,31.5,16.5,1.12281
6707,10.5,31.5,17.5,1.12281
6708,10.5,31.5,18.5,1.12281
6709,10.5,31.5,19.5,1.12281
6710,10.5,31.5,20.5,1.12281
6711,10.5,31.5,21.5,1.12281
6712,10.5,31.5,22.5,1.12281
6713,10.5,31.5,23.5,1.12281
6714,10.5,31.5,24.5,1.12281
6715,10.5,31.5,25.5,1.12281
6716,10.5,31.5,26.5,1.12281
6717,10.5,31.5,27.5,1.12281
6718,10.5,31.5,28.5,1.12281
6719,10.5,31.5,29.5,1.12281
6720,10.5,32.5,0.5,1.12281
6721,10.5,32.5,1.5,1.12281
6722,10.5,32.5,2.5,1.12281
6723,10.5,32.5,3.5,1.12281
6724,10.5,32.5,4.5,1.12281
6725,10.5,32.5,5.5,1.12281
6726,10.5,32.5,6.5,1.12281
6727,10.5,32.5,7.5,1.12281
6728,10.5,32.5,8.5,1.12281
6729,10.5,32.5,9.5,1.12281
6730,10.5,32.5,10.5,1.12281
6731,10.5,32.5,11.5,1.12281
6732,10.5,32.5,12.5,1.12281
6733,10.5,32.5,13.5,1.12281
6734,10.5,32.5,14.5,1.12281
6735,10.5,32.5,15.5,1.12281
6736,10.5,32.5,16.5,1.12281
6737,10.5,32.5,17.5,1.12281
6738,10.5,32.5,18.5,1.12281
6739,10.5,32.5,19.5,1.12281
6740,10.5,32.5,20.5,1.12281
6741,10.5,32.5,21.5,1.12281
6742,10.5,32.5,22.5,1.12281
6743,10.5,32.5,23.5,1.12281
6744,10.5,32.5,24.5,1.12281
6745,10.5,32.5,25.5,1.12281
6746,10.5,32.5,26.5,1.12281
6747,10.5,32.5,27.5,1.12281
6748,10.5,32.5,28.5,1.12281
6749,10.5,32.5,29.5,1.12281
6750,10.5,33.5,0.5,1.12281
6751,10.5,33.5,1.5,1.12281
6752,10.5,33.5,2.5,1.12281
6753,10.5,33.5,3.5,1.12281
6754,10.5,33.5,4.5,1.12281
6755,10.5,33.5,5.5,1.12281
6756,10.5,33.5,6.5,1.12281
6757,10.5,33.5,7.5,1.12281
6758,10.5,33.5,8.5,1.12281
6759,10.5,33.5,9.5,1.12281
6760,10.5,33.5,10.5,1.12281
6761,10.5,33.5,11.5,1.12281
6762,10.5,33.5,12.5,1.12281
6763,10.5,33.5,13.5,1.12281
6764,10.5,33.5,14.5,1.12281
6765,10.5,33.5,15.5,1.12281
6766,10.5,33.5,16.5,1.12281
6767,10.5,33.5,17.5,1.12281
6768,10.5,33.5,18.5,1.12281
6769,10.5,33.5,19.5,1.12281
6770,10.5,33.5,20.5,1.12281
6771,10.5,33.5,21.5,1.12281
6772,10.5,33.5,22.5,1.12281
6773,10.5,33.5,23.5,1.12281
6774,10.5,33.5,24.5,1.12281
6775,10.5,33.5,25.5,1.12281
6776,10.5,33.5,26.5,1.12281
6777,10.5,33.5,27.5,1.12281
6778,10.5,33.5,28.5,1.12281
6779,10.5,33.5,29.5,1.12281
6780,10.5,34.5,0.5,1.12281
6781,10.5,34.5,1.5,1.12281
6782,10.5,34.5,2.5,1.12281
6783,10.5,34.5,3.5,1.12281
6784,10.5,34.5,4.5,1.12281
6785,10.5,34.5,5.5,1.12281
6786,10.5,34.5,6.5,1.12281
6787,10.5,34.5,7.5,1.12281
6788,10.5,34.5,8.5,1.12281
6789,10.5,34.5,9.5,1.12281
6790,10.5,34.5,10.5,1.12281
6791,10.5,34.5,11.5,1.12281
6792,10.5,34.5,12.5,1.12281
6793,10.5,34.5,13.5,1.12281
6794,10.5,34.5,14.5,1.12281
6795,10.5,34.5,15.5,1.12281
6796,10.5,34.5,16.5,1.12281
6797,10.5,34.5,17.5,1.12281
6798,10.5,34.5,18.5,1.12281
6799,10.5,34.5,19.5,1.12281
6800,10.5,34.5,20.5,1.12281
6801,10.5,34.5,21.5,1.12281
6802,10.5,34.5,22.5,1.12281
6803,10.5,34.5,23.5,1.12281
6804,10.5,34.5,24.5,1.12281
6805,10.5,34.5,25.5,1.12281
6806,10.5,34.5,26.5,1.12281
6807,10.5,34.5,27.5,1.12281
6808,10.5,34.5,28.5,1.12281
6809,10.5,34.5,29.5,1.12281
6810,10.5,35.5,0.5,1.12281
6811,10.5,35.5,1.5,1.12281
6812,10.5,35.5,2.5,1.12281
6813,10.5,35.5,3.5,1.12281
6814,10.5,35.5,4.5,1.12281
6815,10.5,35.5,5.5,1.12281
6816,10.5,35.5,6.5,1.12281
6817,10.5,35.5,7.5,1.12281
6818,10.5,35.5,8.5,1.12281
6819,10.5,35.5,9.5,1.12281
6820,10.5,35.5,10.5,1.12281
6821,10.5,35.5,11.5,1.12281
6822,10.5,35.5,12.5,1.12281
6823,10.5,35.5,13.5,1.12281
6824,10.5,35.5,14.5,1.12281
6825,10.5,35.5,15.5,1.12281
6826,10.5,35.5,16.5,1.12281
6827,10.5,35.5,17.5,1.12281
6828,10.5,35.5,18.5,1.12281
6829,10.5,35.5,19.5,1.12281
6830,10.5,35.5,20.5,1.12281
6831,10.5,35.5,21.5,1.12281
6832,10.5,35.5,22.5,1.12281
6833,10.5,35.5,23.5,1.12281
6834,10.5,35.5,24.5,1.12281
6835,10.5,35.5,25.5,1.12281
6836,10.5,35.5,26.5,1.12281
6837,10.5,35.5,27.5,1.12281
6838,10.5,35.5,28.5,1.12281
6839,10.5,35.5,29.5,1.12281
6840,11.5,0.5,0.5,1.12281
6841,11.5,0.5,1.5,1.12281
6842,11.5,0.5,2.5,1.12281
6843,11.5,0.5,3.5,1.12281
6844,11.5,0.5,4.5,1.12281
6845,11.5,0.5,5.5,1.12281
6846,11.5,0.5,6.5,1.12281
6847,11.5,0.5,7.5,1.12281
6848,11.5,0.5,8.5,1.12281
6849,11.5,0.5,9.5,1.12281
6850,11.5,0.5,10.5,1.12281
6851,11.5,0.5,11.5,1.12281
6852,11.5,0.5,12.5,1.12281
6853,11.5,0.5,13.5,1.12281
6854,11.5,0.5,14.5,1.12281
6855,11.5,0.5,15.5,1.12281
6856,11.5,0.5,16.5,1.12281
6857,11.5,0.5,17.5,1.12281
6858,11.5,0.5,18.5,1.12281
6859,11.5,0.5,19.5,1.12281
6860,11.5,0.5,20.5,1.12281
6861,11.5,0.5,21.5,1.12281
6862,11.5,0.5,22.5,1.12281
6863,11.5,0.5,23.5,1.12281
6864,11.5,0.5,24.5,1.12281
6865,11.5,0.5,25.5,1.12281
6866,11.5,0.5,26.5,1.12281
6867,11.5,0.5,27.5,1.12281
6868,11.5,0.5,28.5,1.12281
6869,11.5,0.5,29.5,1.12281
6870,11.5,1.5,0.5,1.12281
6871,11.5,1.5,1.5,1.12281
6872,11.5,1.5,2.5,1.12281
6873,11.5,1.5,3.5,1.12281
6874,11.5,1.5,4.5,1.12281
6875,11.5,1.5,5.5,1.12281
6876,11.5,1.5,6.5,1.12281
6877,11.5,1.5,7.5,1.12281
6878,11.5,1.5,8.5,1.12281
6879,11.5,1.5,9.5,1.12281
6880,11.5,1.5,10.5,1.12281
6881,11.5,1.5,11.5,1.12281
6882,11.5,1.5,12.5,1.12281
6883,11.5,1.5,13.5,1.12281
6884,11.5,1.5,14.5,1.12281
6885,11.5,1.5,15.5,1.12281
6886,11.5,1.5,16.5,1.12281
6887,11.5,1.5,17.5,1.12281
6888,11.5,1.5,18.5,1.12281
6889,11.5,1.5,19.5,1.12281
6890,11.5,1.5,20.5,1.12281
6891,11.5,1.5,21.5,1.12281
6892,11.5,1.5,22.5,1.12281
6893,11.5,1.5,23.5,1.12281
6894,11.5,1.5,24.5,1.12281
6895,11.5,1.5,25.5,1.12281
6896,11.5,1.5,26.5,1.12281
6897,11.5,1.5,27.5,1.12281
6898,11.5,1.5,28.5,1.12281
6899,11.5,1.5,29.5,1.12281
6900,11.5,2.5,0.5,1.12281
6901,11.5,2.5,1.5,1.12281
6902,11.5,2.5,2.5,1.12281
6903,11.5,2.5,3.5,1.12281
6904,11.5,2.5,4.5,1.12281
6905,11.5,2.5,5.5,1.12281
6906,11.5,2.5,6.5,1.12281
6907,11.5,2.5,7.5,1.12281
6908,11.5,2.5,8.5,1.12281
6909,11.5,2.5,9.5,1.12281
6910,11.5,2.5,10.5,1.12281
6911,11.5,2.5,11.5,1.12281
6912,11.5,2.5,12.5,1.12281
6913,11.5,2.5,13.5,1.12281
6914,11.5,2.5,14.5,1.12281
6915,11.5,2.5,15.5,1.12281
6916,11.5,2.5,16.5,1.12281
6917,11.5,2.5,17.5,1.12281
6918,11.5,2.5,18.5,1.12281
6919,11.5,2.5,19.5,1.12281
6920,11.5,2.5,20.5,1.12281
6921,11.5,2.5,21.5,1.12281
6922,11.5,2.5,22.5,1.12281
6923,11.5,2.5,23.5,1.12281
6924,11.5,2.5,24.5,1.12281
6925,11.5,2.5,25.5,1.12281
6926,11.5,2.5,26.5,1.12281
6927,11.5,2.5,27.5,1.12281
6928,11.5,2.5,28.5,1.12281
6929,11.5,2.5,29.5,1.12281
6930,11.5,3.5,0.5,1.12281
6931,11.5,3.5,1.5,1.12281
6932,11.5,3.5,2.5,1.12281
6933,11.5,3.5,3.5,1.12281
6934,11.5,3.5,4.5,1.12281
6935,11.5,3.5,5.5,1.12281
6936,11.5,3.5,6.5,1.12281
6937,11.5,3.5,7.5,1.12281
6938,11.5,3.5,8.5,1.12281
6939,11.5,3.5,9.5,1.12281
6940,11.5,3.5,10.5,1.12281
6941,11.5,3.5,11.5,1.12281
6942,11.5,3.5,12.5,1.12281
6943,11.5,3.5,13.5,1.12281
6944,11.5,3.5,14.5,1.12281
6945,11.5,3.5,15.5,1.12281
6946,11.5,3.5,16.5,1.12281
6947,11.5,3.5,17.5,1.12281
6948,11.5,3.5,18.5,1.12281
6949,11.5,3.5,19.5,1.12281
6950,11.5,3.5,20.5,1.12281
6951,11.5,3.5,21.5,1.12281
6952,11.5,3.5,22.5,1.12281
6953,11.5,3.5,23.5,1.12281
6954,11.5,3.5,24.5,1.12281
6955,11.5,3.5,25.5,1.12281
6956,11.5,3.5,26.5,1.12281
6957,11.5,3.5,27.5,1.12281
6958,11.5,3.5,28.5,1.12281
6959,11.5,3.5,29.5,1.12281
6960,11.5,4.5,0.5,1.12281
6961,11.5,4.5,1.5,1.12281
6962,11.5,4.5,2.5,1.12281
6963,11.5,4.5,3.5,1.12281
6964,11.5,4.5,4.5,1.12281
6965,11.5,4.5,5.5,1.12281
6966,11.5,4.5,6.5,1.12281
6967,11.5,4.5,7.5,1.12281
6968,11.5,4.5,8.5,1.12281
6969,11.5,4.5,9.5,1.12281
6970,11.5,4.5,10.5,1.12281
6971,11.5,4.5,11.5,1.12281
6972,11.5,4.5,12.5,1.12281
6973,11.5,4.5,13.5,1.12281
6974,11.5,4.5,14.5,1.12281
6975,11.5,4.5,15.5,1.12281
6976,11.5,4.5,16.5,1.12281
6977,11.5,4.5,17.5,1.12281
6978,11.5,4.5,18.5,1.12281
6979,11.5,4.5,19.5,1.12281
6980,11.5,4.5,20.5,1.12281
6981,11.5,4.5,21.5,1.12281
6982,11.5,4.5,22.5,1.12281
6983,11.5,4.5,23.5,1.12281
6984,11.5,4.5,24.5,1.12281
6985,11.5,4.5,25.5,1.12281
6986,11.5,4.5,26.5,1.12281
6987,11.5,4.5,27.5,1.12281
6988,11.5,4.5,28.5,1.12281
6989,11.5,4.5,29.5,1.12281
6990,11.5,5.5,0.5,1.12281
6991,11.5,5.5,1.5,1.12281
6992,11.5,5.5,2.5,1.12281
6993,11.5,5.5,3.5,1.12281
6994,11.5,5.5,4.5,1.12281
6995,11.5,5.5,5.5,1.12281
6996,11.5,5.5,6.5,1.12281
6997,11.5,5.5,7.5,1.12281
6998,11.5,5.5,8.5,1.12281
6999,11.5,5.5,9.5,1.12281
7000,11.5,5.5,10.5,1.12281
7001,11.5,5.5,11.5,1.12281
7002,11.5,5.5,12.5,1.12281
7003,11.5,5.5,13.5,1.12281
7004,11.5,5.5,14.5,1.12281
7005,11.5,5.5,15.5,1.12281
7006,11.5,5.5,16.5,1.12281
7007,11.5,5.5,17.5,1.12281
7008,11.5,5.5,18.5,1.12281
7009,11.5,5.5,19.5,1.12281
7010,11.5,5.5,20.5,1.12281
7011,11.5,5.5,21.5,1.12281
7012,11.5,5.5,22.5,1.12281
7013,11.5,5.5,23.5,1.12281
7014,11.5,5.5,24.5,1.12281
7015,11.5,5.5,25.5,1.12281
7016,11.5,5.5,26.5,1.12281
7017,11.5,5.5,27.5,1.12281
7018,11.5,5.5,28.5,1.12281
7019,11.5,5.5,29.5,1.12281
7020,11.5,6.5,0.5,1.12281
7021,11.5,6.5,1.5,1.12281
7022,11.5,6.5,2.5,1.12281
7023,11.5,6.5,3.5,1.12281
7024,11.5,6.5,4.5,1.12281
7025,11.5,6.5,5.5,1.12281
7026,11.5,6.5,6.5,1.12281
7027,11.5,6.5,7.5,1.12281
7028,11.5,6.5,8.5,1.12281
7029,11.5,6.5,9.5,1.12281
7030,11.5,6.5,10.5,1.12281
7031,11.5,6.5,11.5,1.12281
7032,11.5,6.5,12.5,1.12281
7033,11.5,6.5,13.5,1.12281
7034,11.5,6.5,14.5,1.12281
7035,11.5,6.5,15.5,1.12281
7036,11.5,6.5,16.5,1.12281
7037,11.5,6.5,17.5,1.12281
7038,11.5,6.5,18.5,1.12281
7039,11.5,6.5,19.5,1.12281
7040,11.5,6.5,20.5,1.12281
7041,11.5,6.5,21.5,1.12281
7042,11.5,6.5,22.5,1.12281
7043,11.5,6.5,23.5,1.12281
7044,11.5,6.5,24.5,1.12281
7045,11.5,6.5,25.5,1.12281
7046,11.5,6.5,26.5,1.12281
7047,11.5,6.5,27.5,1.12281
7048,11.5,6.5,28.5,1.12281
7049,11.5,6.5,29.5,1.12281
7050,11.5,7.5,0.5,1.12281
7051,11.5,7.5,1.5,1.12281
7052,11.5,7.5,2.5,1.12281
7053,11.5,7.5,3.5,1.12281
7054,11.5,7.5,4.5,1.12281
7055,11.5,7.5,5.5,1.12281
7056,11.5,7.5,6.5,1.12281
7057,11.5,7.5,7.5,1.12281
7058,11.5,7.5,8.5,1.12281
7059,11.5,7.5,9.5,1.12281
7060,11.5,7.5,10.5,1.12281
7061,11.5,7.5,11.5,1.12281
7062,11.5,7.5,12.5,1.12281
7063,11.5,7.5,13.5,1.12281
7064,11.5,7.5,14.5,1.12281
7065,11.5,7.5,15.5,1.12281
7066,11.5,7.5,16.5,1.12281
7067,11.5,7.5,17.5,1.12281
7068,11.5,7.5,18.5,1.12281
7069,11.5,7.5,19.5,1.12281
7070,11.5,7.5,20.5,1.12281
7071,11.5,7.5,21.5,1.12281
7072,11.5,7.5,22.5,1.12281
7073,11.5,7.5,23.5,1.12281
7074,11.5,7.5,24.5,1.12281
7075,11.5,7.5,25.5,1.12281
7076,11.5,7.5,26.5,1.12281
7077,11.5,7.5,27.5,1.12281
7078,11.5,7.5,28.5,1.12281
7079,11.5,7.5,29.5,1.12281
7080,11.5,8.5,0.5,1.12281
7081,11.5,8.5,1.5,1.12281
7082,11.5,8.5,2.5,1.12281
7083,11.5,8.5,3.5,1.12281
7084,11.5,8.5,4.5,1.12281
7085,11.5,8.5,5.5,1.12281
7086,11.5,8.5,6.5,1.12281
7087,11.5,8.5,7.5,1.12281
7088,11.5,8.5,8.5,1.12281
7089,11.5,8.5,9.5,1.12281
7090,11.5,8.5,10.5,1.12281
7091,11.5,8.5,11.5,1.12281
7092,11.5,8.5,12.5,1.12281
7093,11.5,8.5,13.5,1.12281
7094,11.5,8.5,14.5,1.12281
7095,11.5,8.5,15.5,1.12281
7096,11.5,8.5,16.5,1.12281
7097,11.5,8.5,17.5,1.12281
7098,11.5,8.5,18.5,1.12281
7099,11.5,8.5,19.5,1.12281
7100,11.5,8.5,20.5,1.12281
7101,11.5,8.5,21.5,1.12281
7102,11.5,8.5,22.5,1.12281
7103,11.5,8.5,23.5,1.12281
7104,11.5,8.5,24.5,1.12281
7105,11.5,8.5,25.5,1.12281
7106,11.5,8.5,26.5,1.12281
7107,11.5,8.5,27.5,1.12281
7108,11.5,8.5,28.5,1.12281
7109,11.5,8.5,29.5,1.12281
7110,11.5,9.5,0.5,1.12281
7111,11.5,9.5,1.5,1.12281
7112,11.5,9.5,2.5,1.12281
7113,11.5,9.5,3.5,1.12281
7114,11.5,9.5,4.5,1.12281
7115,11.5,9.5,5.5,1.12281
7116,11.5,9.5,6.5,1.12281
7117,11.5,9.5,7.5,1.12281
7118,11.5,9.5,8.5,1.12281
7119,11.5,9.5,9.5,1.12281
7120,11.5,9.5,10.5,1.12281
7121,11.5,9.5,11.5,1.12281
7122,11.5,9.5,12.5,1.12281
7123,11.5,9.5,13.5,1.12281
7124,11.5,9.5,14.5,1.12281
7125,11.5,9.5,15.5,1.12281
7126,11.5,9.5,16.5,1.12281
7127,11.5,9.5,17.5,1.12281
7128,11.5,9.5,18.5,1.12281
7129,11.5,9.5,19.5,1.12281
7130,11.5,9.5,20.5,1.12281
7131,11.5,9.5,21.5,1.12281
7132,11.5,9.5,22.5,1.12281
7133,11.5,9.5,23.5,1.12281
7134,11.5,9.5,24.5,1.12281
7135,11.5,9.5,25.5,1.12281
7136,11.5,9.5,26.5,1.12281
7137,11.5,9.5,27.5,1.12281
7138,11.5,9.5,28.5,1.12281
7139,11.5,9.5,29.5,1.12281
7140,11.5,10.5,0.5,1.12281
7141,11.5,10.5,1.5,1.12281
7142,11.5,10.5,2.5,1.12281
7143,11.5,10.5,3.5,1.12281
7144,11.5,10.5,4.5,1.12281
7145,11.5,10.5,5.5,1.12281
7146,11.5,10.5,6.5,1.12281
7147,11.5,10.5,7.5,1.12281
7148,11.5,10.5,8.5,1.12281
7149,11.5,10.5,9.5,1.12281
7150,11.5,10.5,10.5,1.12281
7151,11.5,10.5,11.5,1.12281
7152,11.5,10.5,12.5,1.12281
7153,11.5,10.5,13.5,1.12281
7154,11.5,10.5,14.5,1.12281
7155,11.5,10.5,15.5,1.12281
7156,11.5,10.5,16.5,1.12281
7157,11.5,10.5,17.5,1.12281
7158,11.5,10.5,18.5,1.12281
7159,11.5,10.5,19.5,1.12281
7160,11.5,10.5,20.5,1.12281
7161,11.5,10.5,21.5,1.12281
7162,11.5,10.5,22.5,1.12281
7163,11.5,10.5,23.5,1.12281
7164,11.5,10.5,24.5,1.12281
7165,11.5,10.5,25.5,1.12281
7166,11.5,10.5,26.5,1.12281
7167,11.5,10.5,27.5,1.12281
7168,11.5,10.5,28.5,1.12281
7169,11.5,10.5,29.5,1.12281
7170,11.5,11.5,0.5,1.12281
7171,11.5,11.5,1.5,1.12281
7172,11.5,11.5,2.5,1.12281
7173,11.5,11.5,3.5,1.12281
7174,11.5,11.5,4.5,1.12281
7175,11.5,11.5,5.5,1.12281
7176,11.5,11.5,6.5,1.12281
7177,11.5,11.5,7.5,1.12281
7178,11.5,11.5,8.5,1.12281
7179,11.5,11.5,9.5,1.12281
7180,11.5,11.5,10.5,1.12281
7181,11.5,11.5,11.5,1.12281
7182,11.5,11.5,12.5,1.12281
7183,11.5,11.5,13.5,1.12281
7184,11.5,11.5,14.5,1.12281
7185,11.5,11.5,15.5,1.12281
7186,11.5,11.5,16.5,1.12281
7187,11.5,11.5,17.5,1.12281
7188,11.5,11.5,18.5,1.12281
7189,11.5,11.5,19.5,1.12281
7190,11.5,11.5,20.5,1.12281
7191,11.5,11.5,21.5,1.12281
7192,11.5,11.5,22.5,1.12281
7193,11.5,11.5,23.5,1.12281
7194,11.5,11.5,24.5,1.12281
7195,11.5,11.5,25.5,1.12281
7196,11.5,11.5,26.5,1.12281
7197,11.5,11.5,27.5,1.12281
7198,11.5,11.5,28.5,1.12281
7199,11.5,11.5,29.5,1.12281
7200,11.5,12.5,0.5,1.12281
7201,11.5,12.5,1.5,1.12281
7202,11.5,12.5,2.5,1.12281
7203,11.5,12.5,3.5,1.12281
7204,11.5,12.5,4.5,1.12281
7205,11.5,12.5,5.5,1.12281
7206,11.5,12.5,6.5,1.12281
7207,11.5,12.5,7.5,1.12281
7208,11.5,12.5,8.5,1.12281
7209,11.5,12.5,9.5,1.12281
7210,11.5,12.5,10.5,1.12281
7211,11.5,12.5,11.5,1.12281
7212,11.5,12.5,12.5,1.12281
7213,11.5,12.5,13.5,1.12281
7214,11.5,12.5,14.5,1.12281
7215,11.5,12.5,15.5,1.12281
7216,11.5,12.5,16.5,1.12281
7217,11.5,12.5,17.5,1.12281
7218,11.5,12.5,18.5,1.12281
7219,11.5,12.5,19.5,1.12281
7220,11.5,12.5,20.5,1.12281
7221,11.5,12.5,21.5,1.12281
7222,11.5,12.5,22.5,1.12281
7223,11.5,12.5,23.5,1.12281
7224,11.5,12.5,24.5,1.12281
7225,11.5,12.5,25.5,1.12281
7226,11.5,12.5,26.5,1.12281
7227,11.5,12.5,27.5,1.12281
7228,11.5,12.5,28.5,1.12281
7229,11.5,12.5,29.5,1.12281
7230,11.5,13.5,0.5,1.12281
7231,11.5,13.5,1.5,1.12281
7232,11.5,13.5,2.5,1.12281
7233,11.5,13.5,3.5,1.12281
7234,11.5,13.5,4.5,1.12281
7235,11.5,13.5,5.5,1.12281
7236,11.5,13.5,6.5,1.12281
7237,11.5,13.5,7.5,1.12281
7238,11.5,13.5,8.5,1.12281
7239,11.5,13.5,9.5,1.12281
7240,11.5,13.5,10.5,1.12281
7241,11.5,13.5,11.5,1.12281
7242,11.5,13.5,12.5,1.12281
7243,11.5,13.5,13.5,1.12281
7244,11.5,13.5,14.5,1.12281
7245,11.5,13.5,15.5,1.12281
7246,11.5,13.5,16.5,1.12281
7247,11.5,13.5,17.5,1.12281
7248,11.5,13.5,18.5,1.12281
7249,11.5,13.5,19.5,1.12281
7250,11.5,13.5,20.5,1.12281
7251,11.5,13.5,21.5,1.12281
7252,11.5,13.5,22.5,1.12281
7253,11.5,13.5,23.5,1.12281
7254,11.5,13.5,24.5,1.12281
7255,11.5,13.5,25.5,1.12281
7256,11.5,13.5,26.5,1.12281
7257,11.5,13.5,27.5,1.12281
7258,11.5,13.5,28.5,1.12281
7259,11.5,13.5,29.5,1.12281
7260,11.5,14.5,0.5,1.12281
7261,11.5,14.5,1.5,1.12281
7262,11.5,14.5,2.5,1.12281
7263,11.5,14.5,3.5,1.12281
7264,11.5,14.5,4.5,1.12281
7265,11.5,14.5,5.5,1.12281
7266,11.5,14.5,6.5,1.12281
7267,11.5,14.5,7.5,1.12281
7268,11.5,14.5,8.5,1.12281
7269,11.5,14.5,9.5,1.12281
7270,11.5,14.5,10.5,1.12281
7271,11.5,14.5,11.5,1.12281
7272,11.5,14.5,12.5,1.12281
7273,11.5,14.5,13.5,1.12281
7274,11.5,14.5,14.5,1.12281
7275,11.5,14.5,15.5,1.12281
7276,11.5,14.5,16.5,1.12281
7277,11.5,14.5,17.5,1.12281
7278,11.5,14.5,18.5,1.12281
7279,11.5,14.5,19.5,1.12281
7280,11.5,14.5,20.5,1.12281
7281,11.5,14.5,21.5,1.12281
7282,11.5,14.5,22.5,1.12281
7283,11.5,14.5,23.5,1.12281
7284,11.5,14.5,24.5,1.12281
7285,11.5,14.5,25.5,1.12281
7286,11.5,14.5,26.5,1.12281
7287,11.5,14.5,27.5,1.12281
7288,11.5,14.5,28.5,1.12281
7289,11.5,14.5,29.5,1.12281
7290,11.5,15.5,0.5,1.12281
7291,11.5,15.5,1.5,1.12281
7292,11.5,15.5,2.5,1.12281
7293,11.5,15.5,3.5,1.12281
7294,11.5,15.5,4.5,1.12281
7295,11.5,15.5,5.5,1.12281
7296,11.5,15.5,6.5,1.12281
7297,11.5,15.5,7.5,1.12281
7298,11.5,15.5,8.5,1.12281
7299,11.5,15.5,9.5,1.12281
7300,11.5,15.5,10.5,1.12281
7301,11.5,15.5,11.5,1.12281
7302,11.5,15.5,12.5,1.12281
7303,11.5,15.5,13.5,1.12281
7304,11.5,15.5,14.5,1.12281
7305,11.5,15.5,15.5,1.12281
7306,11.5,15.5,16.5,1.12281
7307,11.5,15.5,17.5,1.12281
7308,11.5,15.5,18.5,1.12281
7309,11.5,15.5,19.5,1.12281
7310,11.5,15.5,20.5,1.12281
7311,11.5,15.5,21.5,1.12281
7312,11.5,15.5,22.5,1.12281
7313,11.5,15.5,23.5,1.12281
7314,11.5,15.5,24.5,1.12281
7315,11.5,15.5,25.5,1.12281
7316,11.5,15.5,26.5,1.12281
7317,11.5,15.5,27.5,1.12281
7318,11.5,15.5,28.5,1.12281
7319,11.5,15.5,29.5,1.12281
7320,11.5,16.5,0.5,1.12281
7321,11.5,16.5,1.5,1.12281
7322,11.5,16.5,2.5,1.12281
7323,11.5,16.5,3.5,1.12281
7324,11.5,16.5,4.5,1.12281
7325,11.5,16.5,5.5,1.12281
7326,11.5,16.5,6.5,1.12281
7327,11.5,16.5,7.5,1.12281
7328,11.5,16.5,8.5,1.12281
7329,11.5,16.5,9.5,1.12281
7330,11.5,16.5,10.5,1.12281
7331,11.5,16.5,11.5,1.12281
7332,11.5,16.5,12.5,1.12281
7333,11.5,16.5,13.5,1.12281
7334,11.5,16.5,14.5,1.12281
7335,11.5,16.5,15.5,1.12281
7336,11.5,16.5,16.5,1.12281
7337,11.5,16.5,17.5,1.12281
7338,11.5,16.5,18.5,1.12281
7339,11.5,16.5,19.5,1.12281
7340,11.5,16.5,20.5,1.12281
7341,11.5,16.5,21.5,1.12281
7342,11.5,16.5,22.5,1.12281
7343,11.5,16.5,23.5,1.12281
7344,11.5,16.5,24.5,1.12281
7345,11.5,16.5,25.5,1.12281
7346,11.5,16.5,26.5,1.12281
7347,11.5,16.5,27.5,1.12281
7348,11.5,16.5,28.5,1.12281
7349,11.5,16.5,29.5,1.12281
7350,11.5,17.5,0.5,1.12281
7351,11.5,17.5,1.5,1.12281
7352,11.5,17.5,2.5,1.12281
7353,11.5,17.5,3.5,1.12281
7354,11.5,17.5,4.5,1.12281
7355,11.5,17.5,5.5,1.12281
7356,11.5,17.5,6.5,1.12281
7357,11.5,17.5,7.5,1.12281
7358,11.5,17.5,8.5,1.12281
7359,11.5,17.5,9.5,1.12281
7360,11.5,17.5,10.5,1.12281
7361,11.5,17.5,11.5,1.12281
7362,11.5,17.5,12.5,1.12281
7363,11.5,17.5,13.5,1.12281
7364,11.5,17.5,14.5,1.12281
7365,11.5,17.5,15.5,1.12281
7366,11.5,17.5,16.5,1.12281
7367,11.5,17.5,17.5,1.12281
7368,11.5,17.5,18.5,1.12281
7369,11.5,17.5,19.5,1.12281
7370,11.5,17.5,20.5,1.12281
7371,11.5,17.5,21.5,1.12281
7372,11.5,17.5,22.5,1.12281
7373,11.5,17.5,23.5,1.12281
7374,11.5,17.5,24.5,1.12281
7375,11.5,17.5,25.5,1.12281
7376,11.5,17.5,26.5,1.12281
7377,11.5,17.5,27.5,1.12281
7378,11.5,17.5,28.5,1.12281
7379,11.5,17.5,29.5,1.12281
7380,11.5,18.5,0.5,1.12281
7381,11.5,18.5,1.5,1.12281
7382,11.5,18.5,2.5,1.12281
7383,11.5,18.5,3.5,1.12281
7384,11.5,18.5,4.5,1.12281
7385,11.5,18.5,5.5,1.12281
7386,11.5,18.5,6.5,1.12281
7387,11.5,18.5,7.5,1.12281
7388,11.5,18.5,8.5,1.12281
7389,11.5,18.5,9.5,1.12281
7390,11.5,18.5,10.5,1.12281
7391,11.5,18.5,11.5,1.12281
7392,11.5,18.5,12.5,1.12281
7393,11.5,18.5,13.5,1.12281
7394,11.5,18.5,14.5,1.12281
7395,11.5,18.5,15.5,1.12281
7396,11.5,18.5,16.5,1.12281
7397,11.5,18.5,17.5,1.12281
7398,11.5,18.5,18.5,1.12281
7399,11.5,18.5,19.5,1.12281
7400,11.5,18.5,20.5,1.12281
7401,11.5,18.5,21.5,1.12281
7402,11.5,18.5,22.5,1.12281
7403,11.5,18.5,23.5,1.12281
7404,11.5,18.5,24.5,1.12281
7405,11.5,18.5,25.5,1.12281
7406,11.5,18.5,26.5,1.12281
7407,11.5,18.5,27.5,1.12281
7408,11.5,18.5,28.5,1.12281
7409,11.5,18.5,29.5,1.12281
7410,11.5,19.5,0.5,1.12281
7411,11.5,19.5,1.5,1.12281
7412,11.5,19.5,2.5,1.12281
7413,11.5,19.5,3.5,1.12281
7414,11.5,19.5,4.5,1.12281
7415,11.5,19.5,5.5,1.12281
7416,11.5,19.5,6.5,1.12281
7417,11.5,19.5,7.5,1.12281
7418,11.5,19.5,8.5,1.12281
7419,11.5,19.5,9.5,1.12281
7420,11.5,19.5,10.5,1.12281
7421,11.5,19.5,11.5,1.12281
7422,11.5,19.5,12.5,1.12281
7423,11.5,19.5,13.5,1.12281
7424,11.5,19.5,14.5,1.12281
7425,11.5,19.5,15.5,1.12281
7426,11.5,19.5,16.5,1.12281
7427,11.5,19.5,17.5,1.12281
7428,11.5,19.5,18.5,1.12281
7429,11.5,19.5,19.5,1.12281
7430,11.5,19.5,20.5,1.12281
7431,11.5,19.5,21.5,1.12281
7432,11.5,19.5,22.5,1.12281
7433,11.5,19.5,23.5,1.12281
7434,11.5,19.5,24.5,1.12281
7435,11.5,19.5,25.5,1.12281
7436,11.5,19.5,26.5,1.12281
7437,11.5,19.5,27.5,1.12281
7438,11.5,19.5,28.5,1.12281
7439,11.5,19.5,29.5,1.12281
7440,11.5,20.5,0.5,1.12281
7441,11.5,20.5,1.5,1.12281
7442,11.5,20.5,2.5,1.12281
7443,11.5,20.5,3.5,1.12281
7444,11.5,20.5,4.5,1.12281
7445,11.5,20.5,5.5,1.12281
7446,11.5,20.5,6.5,1.12281
7447,11.5,20.5,7.5,1.12281
7448,11.5,20.5,8.5,1.12281
7449,11.5,20.5,9.5,1.12281
7450,11.5,20.5,10.5,1.12281
7451,11.5,20.5,11.5,1.12281
7452,11.5,20.5,12.5,1.12281
7453,11.5,20.5,13.5,1.12281
7454,11.5,20.5,14.5,1.12281
7455,11.5,20.5,15.5,1.12281
7456,11.5,20.5,16.5,1.12281
7457,11.5,20.5,17.5,1.12281
7458,11.5,20.5,18.5,1.12281
7459,11.5,20.5,19.5,1.12281
7460,11.5,20.5,20.5,1.12281
7461,11.5,20.5,21.5,1.12281
7462,11.5,20.5,22.5,1.12281
7463,11.5,20.5,23.5,1.12281
7464,11.5,20.5,24.5,1.12281
7465,11.5,20.5,25.5,1.12281
7466,11.5,20.5,26.5,1.12281
7467,11.5,20.5,27.5,1.12281
7468,11.5,20.5,28.5,1.12281
7469,11.5,20.5,29.5,1.12281
7470,11.5,21.5,0.5,1.12281
7471,11.5,21.5,1.5,1.12281
7472,11.5,21.5,2.5,1.12281
7473,11.5,21.5,3.5,1.12281
7474,11.5,21.5,4.5,1.12281
7475,11.5,21.5,5.5,1.12281
7476,11.5,21.5,6.5,1.12281
7477,11.5,21.5,7.5,1.12281
7478,11.5,21.5,8.5,1.12281
7479,11.5,21.5,9.5,1.12281
7480,11.5,21.5,10.5,1.12281
7481,11.5,21.5,11.5,1.12281
7482,11.5,21.5,12.5,1.12281
7483,11.5,21.5,13.5,1.12281
7484,11.5,21.5,14.5,1.12281
7485,11.5,21.5,15.5,1.12281
7486,11.5,21.5,16.5,1.12281
7487,11.5,21.5,17.5,1.12281
7488,11.5,21.5,18.5,1.12281
7489,11.5,21.5,19.5,1.12281
7490,11.5,21.5,20.5,1.12281
7491,11.5,21.5,21.5,1.12281
7492,11.5,21.5,22.5,1.12281
7493,11.5,21.5,23.5,1.12281
7494,11.5,21.5,24.5,1.12281
7495,11.5,21.5,25.5,1.12281
7496,11.5,21.5,26.5,1.12281
7497,11.5,21.5,27.5,1.12281
7498,11.5,21.5,28.5,1.12281
7499,11.5,21.5,29.5,1.12281
7500,11.5,22.5,0.5,1.12281
7501,11.5,22.5,1.5,1.12281
7502,11.5,22.5,2.5,1.12281
7503,11.5,22.5,3.5,1.12281
7504,11.5,22.5,4.5,1.12281
7505,11.5,22.5,5.5,1.12281
7506,11.5,22.5,6.5,1.12281
7507,11.5,22.5,7.5,1.12281
7508,11.5,22.5,8.5,1.12281
7509,11.5,22.5,9.5,1.12281
7510,11.5,22.5,10.5,1.12281
7511,11.5,22.5,11.5,1.12281
7512,11.5,22.5,12.5,1.12281
7513,11.5,22.5,13.5,1.12281
7514,11.5,22.5,14.5,1.12281
7515,11.5,22.5,15.5,1.12281
7516,11.5,22.5,16.5,1.12281
7517,11.5,22.5,17.5,1.12281
7518,11.5,22.5,18.5,1.12281
7519,11.5,22.5,19.5,1.12281
7520,11.5,22.5,20.5,1.12281
7521,11.5,22.5,21.5,1.12281
7522,11.5,22.5,22.5,1.12281
7523,11.5,22.5,23.5,1.12281
7524,11.5,22.5,24.5,1.12281
7525,11.5,22.5,25.5,1.12281
7526,11.5,22.5,26.5,1.12281
7527,11.5,22.5,27.5,1.12281
7528,11.5,22.5,28.5,1.12281
7529,11.5,22.5,29.5,1.12281
7530,11.5,23.5,0.5,1.12281
7531,11.5,23.5,1.5,1.12281
7532,11.5,23.5,2.5,1.12281
7533,11.5,23.5,3.5,1.12281
7534,11.5,23.5,4.5,1.12281
7535,11.5,23.5,5.5,1.12281
7536,11.5,23.5,6.5,1.12281
7537,11.5,23.5,7.5,1.12281
7538,11.5,23.5,8.5,1.12281
7539,11.5,23.5,9.5,1.12281
7540,11.5,23.5,10.5,1.12281
7541,11.5,23.5,11.5,1.12281
7542,11.5,23.5,12.5,1.12281
7543,11.5,23.5,13.5,1.12281
7544,11.5,23.5,14.5,1.12281
7545,11.5,23.5,15.5,1.12281
7546,11.5,23.5,16.5,1.12281
7547,11.5,23.5,17.5,1.12281
7548,11.5,23.5,18.5,1.12281
7549,11.5,23.5,19.5,1.12281
7550,11.5,23.5,20.5,1.12281
7551,11.5,23.5,21.5,1.12281
7552,11.5,23.5,22.5,1.12281
7553,11.5,23.5,23.5,1.12281
7554,11.5,23.5,24.5,1.12281
7555,11.5,23.5,25.5,1.12281
7556,11.5,23.5,26.5,1.12281
7557,11.5,23.5,27.5,1.12281
7558,11.5,23.5,28.5,1.12281
7559,11.5,23.5,29.5,1.12281
7560,11.5,24.5,0.5,1.12281
7561,11.5,24.5,1.5,1.12281
7562,11.5,24.5,2.5,1.12281
7563,11.5,24.5,3.5,1.12281
7564,11.5,24.5,4.5,1.12281
7565,11.5,24.5,5.5,1.12281
7566,11.5,24.5,6.5,1.12281
7567,11.5,24.5,7.5,1.12281
7568,11.5,24.5,8.5,1.12281
7569,11.5,24.5,9.5,1.12281
7570,11.5,24.5,10.5,1.12281
7571,11.5,24.5,11.5,1.12281
7572,11.5,24.5,12.5,1.12281
7573,11.5,24.5,13.5,1.12281
7574,11.5,24.5,14.5,1.12281
7575,11.5,24.5,15.5,1.12281
7576,11.5,24.5,16.5,1.12281
7577,11.5,24.5,17.5,1.12281
7578,11.5,24.5,18.5,1.12281
7579,11.5,24.5,19.5,1.12281
7580,11.5,24.5,20.5,1.12281
7581,11.5,24.5,21.5,1.12281
7582,11.5,24.5,22.5,1.12281
7583,11.5,24.5,23.5,1.12281
7584,11.5,24.5,24.5,1.12281
7585,11.5,24.5,25.5,1.12281
7586,11.5,24.5,26.5,1.12281
7587,11.5,24.5,27.5,1.12281
7588,11.5,24.5,28.5,1.12281
7589,11.5,24.5,29.5,1.12281
7590,11.5,25.5,0.5,1.12281
7591,11.5,25.5,1.5,1.12281
7592,11.5,25.5,2.5,1.12281
7593,11.5,25.5,3.5,1.12281
7594,11.5,25.5,4.5,1.12281
7595,11.5,25.5,5.5,1.12281
7596,11.5,25.5,6.5,1.12281
7597,11.5,25.5,7.5,1.12281
7598,11.5,25.5,8.5,1.12281
7599,11.5,25.5,9.5,1.12281
7600,11.5,25.5,10.5,1.12281
7601,11.5,25.5,11.5,1.12281
7602,11.5,25.5,12.5,1.12281
7603,11.5,25.5,13.5,1.12281
7604,11.5,25.5,14.5,1.12281
7605,11.5,25.5,15.5,1.12281
7606,11.5,25.5,16.5,1.12281
7607,11.5,25.5,17.5,1.12281
7608,11.5,25.5,18.5,1.12281
7609,11.5,25.5,19.5,1.12281
7610,11.5,25.5,20.5,1.12281
7611,11.5,25.5,21.5,1.12281
7612,11.5,25.5,22.5,1.12281
7613,11.5,25.5,23.5,1.12281
7614,11.5,25.5,24.5,1.12281
7615,11.5,25.5,25.5,1.12281
7616,11.5,25.5,26.5,1.12281
7617,11.5,25.5,27.5,1.12281
7618,11.5,25.5,28.5,1.12281
7619,11.5,25.5,29.5,1.12281
7620,11.5,26.5,0.5,1.12281
7621,11.5,26.5,1.5,1.12281
7622,11.5,26.5,2.5,1.12281
7623,11.5,26.5,3.5,1.12281
7624,11.5,26.5,4.5,1.12281
7625,11.5,26.5,5.5,1.12281
7626,11.5,26.5,6.5,1.12281
7627,11.5,26.5,7.5,1.12281
7628,11.5,26.5,8.5,1.12281
7629,11.5,26.5,9.5,1.12281
7630,11.5,26.5,10.5,1.12281
7631,11.5,26.5,11.5,1.12281
7632,11.5,26.5,12.5,1.12281
7633,11.5,26.5,13.5,1.12281
7634,11.5,26.5,14.5,1.12281
7635,11.5,26.5,15.5,1.12281
7636,11.5,26.5,16.5,1.12281
7637,11.5,26.5,17.5,1.12281
7638,11.5,26.5,18.5,1.12281
7639,11.5,26.5,19.5,1.12281
7640,11.5,26.5,20.5,1.12281
7641,11.5,26.5,21.5,1.12281
7642,11.5,26.5,22.5,1.12281
7643,11.5,26.5,23.5,1.12281
7644,11.5,26.5,24.5,1.12281
7645,11.5,26.5,25.5,1.12281
7646,11.5,26.5,26.5,1.12281
7647,11.5,26.5,27.5,1.12281
7648,11.5,26.5,28.5,1.12281
7649,11.5,26.5,29.5,1.12281
7650,11.5,27.5,0.5,1.12281
7651,11.5,27.5,1.5,1.12281
7652,11.5,27.5,2.5,1.12281
7653,11.5,27.5,3.5,1.12281
7654,11.5,27.5,4.5,1.12281
7655,11.5,27.5,5.5,1.12281
7656,11.5,27.5,6.5,1.12281
7657,11.5,27.5,7.5,1.12281
7658,11.5,27.5,8.5,1.12281
7659,11.5,27.5,9.5,1.12281
7660,11.5,27.5,10.5,1.12281
7661,11.5,27.5,11.5,1.12281
7662,11.5,27.5,12.5,1.12281
7663,11.5,27.5,13.5,1.12281
7664,11.5,27.5,14.5,1.12281
7665,11.5,27.5,15.5,1.12281
7666,11.5,27.5,16.5,1.12281
7667,11.5,27.5,17.5,1.12281
7668,11.5,27.5,18.5,1.12281
7669,11.5,27.5,19.5,1.12281
7670,11.5,27.5,20.5,1.12281
7671,11.5,27.5,21.5,1.12281
7672,11.5,27.5,22.5,1.12281
7673,11.5,27.5,23.5,1.12281
7674,11.5,27.5,24.5,1.12281
7675,11.5,27.5,25.5,1.12281
7676,11.5,27.5,26.5,1.12281
7677,11.5,27.5,27.5,1.12281
7678,11.5,27.5,28.5,1.12281
7679,11.5,27.5,29.5,1.12281
7680,11.5,28.5,0.5,1.12281
7681,11.5,28.5,1.5,1.12281
7682,11.5,28.5,2.5,1.12281
7683,11.5,28.5,3.5,1.12281
7684,11.5,28.5,4.5,1.12281
7685,11.5,28.5,5.5,1.12281
7686,11.5,28.5,6.5,1.12281
7687,11.5,28.5,7.5,1.12281
7688,11.5,28.5,8.5,1.12281
7689,11.5,28.5,9.5,1.12281
7690,11.5,28.5,10.5,1.12281
7691,11.5,28.5,11.5,1.12281
7692,11.5,28.5,12.5,1.12281
7693,11.5,28.5,13.5,1.12281
7694,11.5,28.5,14.5,1.12281
7695,11.5,28.5,15.5,1.12281
7696,11.5,28.5,16.5,1.12281
7697,11.5,28.5,17.5,1.12281
7698,11.5,28.5,18.5,1.12281
7699,11.5,28.5,19.5,1.12281
7700,11.5,28.5,20.5,1.12281
7701,11.5,28.5,21.5,1.12281
7702,11.5,28.5,22.5,1.12281
7703,11.5,28.5,23.5,1.12281
7704,11.5,28.5,24.5,1.12281
7705,11.5,28.5,25.5,1.12281
7706,11.5,28.5,26.5,1.12281
7707,11.5,28.5,27.5,1.12281
7708,11.5,28.5,28.5,1.12281
7709,11.5,28.5,29.5,1.12281
7710,11.5,29.5,0.5,1.12281
7711,11.5,29.5,1.5,1.12281
7712,11.5,29.5,2.5,1.12281
7713,11.5,29.5,3.5,1.12281
7714,11.5,29.5,4.5,1.12281
7715,11.5,29.5,5.5,1.12281
7716,11.5,29.5,6.5,1.12281
7717,11.5,29.5,7.5,1.12281
7718,11.5,29.5,8.5,1.12281
7719,11.5,29.5,9.5,1.12281
7720,11.5,29.5,10.5,1.12281
7721,11.5,29.5,11.5,1.12281
7722,11.5,29.5,12.5,1.12281
7723,11.5,29.5,13.5,1.12281
7724,11.5,29.5,14.5,1.12281
7725,11.5,29.5,15.5,1.12281
7726,11.5,29.5,16.5,1.12281
7727,11.5,29.5,17.5,1.12281
7728,11.5,29.5,18.5,1.12281
7729,11.5,29.5,19.5,1.12281
7730,11.5,29.5,20.5,1.12281
7731,11.5,29.5,21.5,1.12281
7732,11.5,29.5,22.5,1.12281
7733,11.5,29.5,23.5,1.12281
7734,11.5,29.5,24.5,1.12281
7735,11.5,29.5,25.5,1.12281
7736,11.5,29.5,26.5,1.12281
7737,11.5,29.5,27.5,1.12281
7738,11.5,29.5,28.5,1.12281
7739,11.5,29.5,29.5,1.12281
7740,11.5,30.5,0.5,1.12281
7741,11.5,30.5,1.5,1.12281
7742,11.5,30.5,2.5,1.12281
7743,11.5,30.5,3.5,1.12281
7744,11.5,30.5,4.5,1.12281
7745,11.5,30.5,5.5,1.12281
7746,11.5,30.5,6.5,1.12281
7747,11.5,30.5,7.5,1.12281
7748,11.5,30.5,8.5,1.12281
7749,11.5,30.5,9.5,1.12281
7750,11.5,30.5,10.5,1.12281
7751,11.5,30.5,11.5,1.12281
7752,11.5,30.5,12.5,1.12281
7753,11.5,30.5,13.5,1.12281
7754,11.5,30.5,14.5,1.12281
7755,11.5,30.5,15.5,1.12281
7756,11.5,30.5,16.5,1.12281
7757,11.5,30.5,17.5,1.12281
7758,11.5,30.5,18.5,1.12281
7759,11.5,30.5,19.5,1.12281
7760,11.5,30.5,20.5,1.12281
7761,11.5,30.5,21.5,1.12281
7762,11.5,30.5,22.5,1.12281
7763,11.5,30.5,23.5,1.12281
7764,11.5,30.5,24.5,1.12281
7765,11.5,30.5,25.5,1.12281
7766,11.5,30.5,26.5,1.12281
7767,11.5,30.5,27.5,1.12281
7768,11.5,30.5,28.5,1.12281
7769,11.5,30.5,29.5,1.12281
7770,11.5,31.5,0.5,1.12281
7771,11.5,31.5,1.5,1.12281
7772,11.5,31.5,2.5,1.12281
7773,11.5,31.5,3.5,1.12281
7774,11.5,31.5,4.5,1.12281
7775,11.5,31.5,5.5,1.12281
7776,11.5,31.5,6.5,1.12281
7777,11.5,31.5,7.5,1.12281
7778,11.5,31.5,8.5,1.12281
7779,11.5,31.5,9.5,1.12281
7780,11.5,31.5,10.5,1.12281
7781,11.5,31.5,11.5,1.12281
7782,11.5,31.5,12.5,1.12281
7783,11.5,31.5,13.5,1.12281
7784,11.5,31.5,14.5,1.12281
7785,11.5,31.5,15.5,1.12281
7786,11.5,31.5,16.5,1.12281
7787,11.5,31.5,17.5,1.12281
7788,11.5,31.5,18.5,1.12281
7789,11.5,31.5,19.5,1.12281
7790,11.5,31.5,20.5,1.12281
7791,11.5,31.5,21.5,1.12281
7792,11.5,31.5,22.5,1.12281
7793,11.5,31.5,23.5,1.12281
7794,11.5,31.5,24.5,1.12281
7795,11.5,31.5,25.5,1.12281
7796,11.5,31.5,26.5,1.12281
7797,11.5,31.5,27.5,1.12281
7798,11.5,31.5,28.5,1.12281
7799,11.5,31.5,29.5,1.12281
7800,11.5,32.5,0.5,1.12281
7801,11.5,32.5,1.5,1.12281
7802,11.5,32.5,2.5,1.12281
7803,11.5,32.5,3.5,1.12281
7804,11.5,32.5,4.5,1.12281
7805,11.5,32.5,5.5,1.12281
7806,11.5,32.5,6.5,1.12281
7807,11.5,32.5,7.5,1.12281
7808,11.5,32.5,8.5,1.12281
7809,11.5,32.5,9.5,1.12281
7810,11.5,32.5,10.5,1.12281
7811,11.5,32.5,11.5,1.12281
7812,11.5,32.5,12.5,1.12281
7813,11.5,32.5,13.5,1.12281
7814,11.5,32.5,14.5,1.12281
7815,11.5,32.5,15.5,1.12281
7816,11.5,32.5,16.5,1.12281
7817,11.5,32.5,17.5,1.12281
7818,11.5,32.5,18.5,1.12281
7819,11.5,32.5,19.5,1.12281
7820,11.5,32.5,20.5,1.12281
7821,11.5,32.5,21.5,1.12281
7822,11.5,32.5,22.5,1.12281
7823,11.5,32.5,23.5,1.12281
7824,11.5,32.5,24.5,1.12281
7825,11.5,32.5,25.5,1.12281
7826,11.5,32.5,26.5,1.12281
7827,11.5,32.5,27.5,1.12281
7828,11.5,32.5,28.5,1.12281
7829,11.5,32.5,29.5,1.12281
7830,11.5,33.5,0.5,1.12281
7831,11.5,33.5,1.5,1.12281
7832,11.5,33.5,2.5,1.12281
7833,11.5,33.5,3.5,1.12281
7834,11.5,33.5,4.5,1.12281
7835,11.5,33.5,5.5,1.12281
7836,11.5,33.5,6.5,1.12281
7837,11.5,33.5,7.5,1.12281
7838,11.5,33.5,8.5,1.12281
7839,11.5,33.5,9.5,1.12281
7840,11.5,33.5,10.5,1.12281
7841,11.5,33.5,11.5,1.12281
7842,11.5,33.5,12.5,1.12281
7843,11.5,33.5,13.5,1.12281
7844,11.5,33.5,14.5,1.12281
7845,11.5,33.5,15.5,1.12281
7846,11.5,33.5,16.5,1.12281
7847,11.5,33.5,17.5,1.12281
7848,11.5,33.5,18.5,1.12281
7849,11.5,33.5,19.5,1.12281
7850,11.5,33.5,20.5,1.12281
7851,11.5,33.5,21.5,1.12281
7852,11.5,33.5,22.5,1.12281
7853,11.5,33.5,23.5,1.12281
7854,11.5,33.5,24.5,1.12281
7855,11.5,33.5,25.5,1.12281
7856,11.5,33.5,26.5,1.12281
7857,11.5,33.5,27.5,1.12281
7858,11.5,33.5,28.5,1.12281
7859,11.5,33.5,29.5,1.12281
7860,11.5,34.5,0.5,1.12281
7861,11.5,34.5,1.5,1.12281
7862,11.5,34.5,2.5,1.12281
7863,11.5,34.5,3.5,1.12281
7864,11.5,34.5,4.5,1.12281
7865,11.5,34.5,5.5,1.12281
7866,11.5,34.5,6.5,1.12281
7867,11.5,34.5,7.5,1.12281
7868,11.5,34.5,8.5,1.12281
7869,11.5,34.5,9.5,1.12281
7870,11.5,34.5,10.5,1.12281
7871,11.5,34.5,11.5,1.12281
7872,11.5,34.5,12.5,1.12281
7873,11.5,34.5,13.5,1.12281
7874,11.5,34.5,14.5,1.12281
7875,11.5,34.5,15.5,1.12281
7876,11.5,34.5,16.5,1.12281
7877,11.5,34.5,17.5,1.12281
7878,11.5,34.5,18.5,1.12281
7879,11.5,34.5,19.5,1.12281
7880,11.5,34.5,20.5,1.12281
7881,11.5,34.5,21.5,1.12281
7882,11.5,34.5,22.5,1.12281
7883,11.5,34.5,23.5,1.12281
7884,11.5,34.5,24.5,1.12281
7885,11.5,34.5,25.5,1.12281
7886,11.5,34.5,26.5,1.12281
7887,11.5,34.5,27.5,1.12281
7888,11.5,34.5,28.5,1.12281
7889,11.5,34.5,29.5,1.12281
7890,11.5,35.5,0.5,1.12281
7891,11.5,35.5,1.5,1.12281
7892,11.5,35.5,2.5,1.12281
7893,11.5,35.5,3.5,1.12281
7894,11.5,35.5,4.5,1.12281
7895,11.5,35.5,5.5,1.12281
7896,11.5,35.5,6.5,1.12281
7897,11.5,35.5,7.5,1.12281
7898,11.5,35.5,8.5,1.12281
7899,11.5,35.5,9.5,1.12281
7900,11.5,35.5,10.5,1.12281
7901,11.5,35.5,11.5,1.12281
7902,11.5,35.5,12.5,1.12281
7903,11.5,35.5,13.5,1.12281
7904,11.5,35.5,14.5,1.12281
7905,11.5,35.5,15.5,1.12281
7906,11.5,35.5,16.5,1.12281
7907,11.5,35.5,17.5,1.12281
7908,11.5,35.5,18.5,1.12281
7909,11.5,35.5,19.5,1.12281
7910,11.5,35.5,20.5,1.12281
7911,11.5,35.5,21.5,1.12281
7912,11.5,35.5,22.5,1.12281
7913,11.5,35.5,23.5,1.12281
7914,11.5,35.5,24.5,1.12281
7915,11.5,35.5,25.5,1.12281
7916,11.5,35.5,26.5,1.12281
7917,11.5,35.5,27.5,1.12281
7918,11.5,35.5,28.5,1.12281
7919,11.5,35.5,29.5,1.12281
7920,12.5,0.5,0.5,1.12281
7921,12.5,0.5,1.5,1.12281
7922,12.5,0.5,2.5,1.12281
7923,12.5,0.5,3.5,1.12281
7924,12.5,0.5,4.5,1.12281
7925,12.5,0.5,5.5,1.12281
7926,12.5,0.5,6.5,1.12281
7927,12.5,0.5,7.5,1.12281
7928,12.5,0.5,8.5,1.12281
7929,12.5,0.5,9.5,1.12281
7930,12.5,0.5,10.5,1.12281
7931,12.5,0.5,11.5,1.12281
7932,12.5,0.5,12.5,1.12281
7933,12.5,0.5,13.5,1.12281
7934,12.5,0.5,14.5,1.12281
7935,12.5,0.5,15.5,1.12281
7936,12.5,0.5,16.5,1.12281
7937,12.5,0.5,17.5,1.12281
7938,12.5,0.5,18.5,1.12281
7939,12.5,0.5,19.5,1.12281
7940,12.5,0.5,20.5,1.12281
7941,12.5,0.5,21.5,1.12281
7942,12.5,0.5,22.5,1.12281
7943,12.5,0.5,23.5,1.12281
7944,12.5,0.5,24.5,1.12281
7945,12.5,0.5,25.5,1.12281
7946,12.5,0.5,26.5,1.12281
7947,12.5,0.5,27.5,1.12281
7948,12.5,0.5,28.5,1.12281
7949,12.5,0.5,29.5,1.12281
7950,12.5,1.5,0.5,1.12281
7951,12.5,1.5,1.5,1.12281
7952,12.5,1.5,2.5,1.12281
7953,12.5,1.5,3.5,1.12281
7954,12.5,1.5,4.5,1.12281
7955,12.5,1.5,5.5,1.12281
7956,12.5,1.5,6.5,1.12281
7957,12.5,1.5,7.5,1.12281
7958,12.5,1.5,8.5,1.12281
7959,12.5,1.5,9.5,1.12281
7960,12.5,1.5,10.5,1.12281
7961,12.5,1.5,11.5,1.12281
7962,12.5,1.5,12.5,1.12281
7963,12.5,1.5,13.5,1.12281
7964,12.5,1.5,14.5,1.12281
7965,12.5,1.5,15.5,1.12281
7966,12.5,1.5,16.5,1.12281
7967,12.5,1.5,17.5,1.12281
7968,12.5,1.5,18.5,1.12281
7969,12.5,1.5,19.5,1.12281
7970,12.5,1.5,20.5,1.12281
7971,12.5,1.5,21.5,1.12281
7972,12.5,1.5,22.5,1.12281
7973,12.5,1.5,23.5,1.12281
7974,12.5,1.5,24.5,1.12281
7975,12.5,1.5,25.5,1.12281
7976,12.5,1.5,26.5,1.12281
7977,12.5,1.5,27.5,1.12281
7978,12.5,1.5,28.5,1.12281
7979,12.5,1.5,29.5,1.12281
7980,12.5,2.5,0.5,1.12281
7981,12.5,2.5,1.5,1.12281
7982,12.5,2.5,2.5,1.12281
7983,12.5,2.5,3.5,1.12281
7984,12.5,2.5,4.5,1.12281
7985,12.5,2.5,5.5,1.12281
7986,12.5,2.5,6.5,1.12281
7987,12.5,2.5,7.5,1.12281
7988,12.5,2.5,8.5,1.12281
7989,12.5,2.5,9.5,1.12281
7990,12.5,2.5,10.5,1.12281
7991,12.5,2.5,11.5,1.12281
7992,12.5,2.5,12.5,1.12281
7993,12.5,2.5,13.5,1.12281
7994,12.5,2.5,14.5,1.12281
7995,12.5,2.5,15.5,1.12281
7996,12.5,2.5,16.5,1.12281
7997,12.5,2.5,17.5,1.12281
7998,12.5,2.5,18.5,1.12281
7999,12.5,2.5,19.5,1.12281
8000,12.5,2.5,20.5,1.12281
8001,12.5,2.5,21.5,1.12281
8002,12.5,2.5,22.5,1.12281
8003,12.5,2.5,23.5,1.12281
8004,12.5,2.5,24.5,1.12281
8005,12.5,2.5,25.5,1.12281
8006,12.5,2.5,26.5,1.12281
8007,12.5,2.5,27.5,1.12281
8008,12.5,2.5,28.5,1.12281
8009,12.5,2.5,29.5,1.12281
8010,12.5,3.5,0.5,1.12281
8011,12.5,3.5,1.5,1.12281
8012,12.5,3.5,2.5,1.12281
8013,12.5,3.5,3.5,1.12281
8014,12.5,3.5,4.5,1.12281
8015,12.5,3.5,5.5,1.12281
8016,12.5,3.5,6.5,1.12281
8017,12.5,3.5,7.5,1.12281
8018,12.5,3.5,8.5,1.12281
8019,12.5,3.5,9.5,1.12281
8020,12.5,3.5,10.5,1.12281
8021,12.5,3.5,11.5,1.12281
8022,12.5,3.5,12.5,1.12281
8023,12.5,3.5,13.5,1.12281
8024,12.5,3.5,14.5,1.12281
8025,12.5,3.5,15.5,1.12281
8026,12.5,3.5,16.5,1.12281
8027,12.5,3.5,17.5,1.12281
8028,12.5,3.5,18.5,1.12281
8029,12.5,3.5,19.5,1.12281
8030,12.5,3.5,20.5,1.12281
8031,12.5,3.5,21.5,1.12281
8032,12.5,3.5,22.5,1.12281
8033,12.5,3.5,23.5,1.12281
8034,12.5,3.5,24.5,1.12281
8035,12.5,3.5,25.5,1.12281
8036,12.5,3.5,26.5,1.12281
8037,12.5,3.5,27.5,1.12281
8038,12.5,3.5,28.5,1.12281
8039,12.5,3.5,29.5,1.12281
8040,12.5,4.5,0.5,1.12281
8041,12.5,4.5,1.5,1.12281
8042,12.5,4.5,2.5,1.12281
8043,12.5,4.5,3.5,1.12281
8044,12.5,4.5,4.5,1.12281
8045,12.5,4.5,5.5,1.12281
8046,12.5,4.5,6.5,1.12281
8047,12.5,4.5,7.5,1.12281
8048,12.5,4.5,8.5,1.12281
8049,12.5,4.5,9.5,1.12281
8050,12.5,4.5,10.5,1.12281
8051,12.5,4.5,11.5,1.12281
8052,12.5,4.5,12.5,1.12281
8053,12.5,4.5,13.5,1.12281
8054,12.5,4.5,14.5,1.12281
8055,12.5,4.5,15.5,1.12281
8056,12.5,4.5,16.5,1.12281
8057,12.5,4.5,17.5,1.12281
8058,12.5,4.5,18.5,1.12281
8059,12.5,4.5,19.5,1.12281
8060,12.5,4.5,20.5,1.12281
8061,12.5,4.5,21.5,1.12281
8062,12.5,4.5,22.5,1.12281
8063,12.5,4.5,23.5,1.12281
8064,12.5,4.5,24.5,1.12281
8065,12.5,4.5,25.5,1.12281
8066,12.5,4.5,26.5,1.12281
8067,12.5,4.5,27.5,1.12281
8068,12.5,4.5,28.5,1.12281
8069,12.5,4.5,29.5,1.12281
8070,12.5,5.5,0.5,1.12281
8071,12.5,5.5,1.5,1.12281
8072,12.5,5.5,2.5,1.12281
8073,12.5,5.5,3.5,1.12281
8074,12.5,5.5,4.5,1.12281
8075,12.5,5.5,5.5,1.12281
8076,12.5,5.5,6.5,1.12281
8077,12.5,5.5,7.5,1.12281
8078,12.5,5.5,8.5,1.12281
8079,12.5,5.5,9.5,1.12281
8080,12.5,5.5,10.5,1.12281
8081,12.5,5.5,11.5,1.12281
8082,12.5,5.5,12.5,1.12281
8083,12.5,5.5,13.5,1.12281
8084,12.5,5.5,14.5,1.12281
8085,12.5,5.5,15.5,1.12281
8086,12.5,5.5,16.5,1.12281
8087,12.5,5.5,17.5,1.12281
8088,12.5,5.5,18.5,1.12281
8089,12.5,5.5,19.5,1.12281
8090,12.5,5.5,20.5,1.12281
8091,12.5,5.5,21.5,1.12281
8092,12.5,5.5,22.5,1.12281
8093,12.5,5.5,23.5,1.12281
8094,12.5,5.5,24.5,1.12281
8095,12.5,5.5,25.5,1.12281
8096,12.5,5.5,26.5,1.12281
8097,12.5,5.5,27.5,1.12281
8098,12.5,5.5,28.5,1.12281
8099,12.5,5.5,29.5,1.12281
8100,12.5,6.5,0.5,1.12281
8101,12.5,6.5,1.5,1.12281
8102,12.5,6.5,2.5,1.12281
8103,12.5,6.5,3.5,1.12281
8104,12.5,6.5,4.5,1.12281
8105,12.5,6.5,5.5,1.12281
8106,12.5,6.5,6.5,1.12281
8107,12.5,6.5,7.5,1.12281
8108,12.5,6.5,8.5,1.12281
8109,12.5,6.5,9.5,1.12281
8110,12.5,6.5,10.5,1.12281
8111,12.5,6.5,11.5,1.12281
8112,12.5,6.5,12.5,1.12281
8113,12.5,6.5,13.5,1.12281
8114,12.5,6.5,14.5,1.12281
8115,12.5,6.5,15.5,1.12281
8116,12.5,6.5,16.5,1.12281
8117,12.5,6.5,17.5,1.12281
8118,12.5,6.5,18.5,1.12281
8119,12.5,6.5,19.5,1.12281
8120,12.5,6.5,20.5,1.12281
8121,12.5,6.5,21.5,1.12281
8122,12.5,6.5,22.5,1.12281
8123,12.5,6.5,23.5,1.12281
8124,12.5,6.5,24.5,1.12281
8125,12.5,6.5,25.5,1.12281
8126,12.5,6.5,26.5,1.12281
8127,12.5,6.5,27.5,1.12281
8128,12.5,6.5,28.5,1.12281
8129,12.5,6.5,29.5,1.12281
8130,12.5,7.5,0.5,1.12281
8131,12.5,7.5,1.5,1.12281
8132,12.5,7.5,2.5,1.12281
8133,12.5,7.5,3.5,1.12281
8134,12.5,7.5,4.5,1.12281
8135,12.5,7.5,5.5,1.12281
8136,12.5,7.5,6.5,1.12281
8137,12.5,7.5,7.5,1.12281
8138,12.5,7.5,8.5,1.12281
8139,12.5,7.5,9.5,1.12281
8140,12.5,7.5,10.5,1.12281
8141,12.5,7.5,11.5,1.12281
8142,12.5,7.5,12.5,1.12281
8143,12.5,7.5,13.5,1.12281
8144,12.5,7.5,14.5,1.12281
8145,12.5,7.5,15.5,1.12281
8146,12.5,7.5,16.5,1.12281
8147,12.5,7.5,17.5,1.12281
8148,12.5,7.5,18.5,1.12281
8149,12.5,7.5,19.5,1.12281
8150,12.5,7.5,20.5,1.12281
8151,12.5,7.5,21.5,1.12281
8152,12.5,7.5,22.5,1.12281
8153,12.5,7.5,23.5,1.12281
8154,12.5,7.5,24.5,1.12281
8155,12.5,7.5,25.5,1.12281
8156,12.5,7.5,26.5,1.12281
8157,12.5,7.5,27.5,1.12281
8158,12.5,7.5,28.5,1.12281
8159,12.5,7.5,29.5,1.12281
8160,12.5,8.5,0.5,1.12281
8161,12.5,8.5,1.5,1.12281
8162,12.5,8.5,2.5,1.12281
8163,12.5,8.5,3.5,1.12281
8164,12.5,8.5,4.5,1.12281
8165,12.5,8.5,5.5,1.12281
8166,12.5,8.5,6.5,1.12281
8167,12.5,8.5,7.5,1.12281
8168,12.5,8.5,8.5,1.12281
8169,12.5,8.5,9.5,1.12281
8170,12.5,8.5,10.5,1.12281
8171,12.5,8.5,11.5,1.12281
8172,12.5,8.5,12.5,1.12281
8173,12.5,8.5,13.5,1.12281
8174,12.5,8.5,14.5,1.12281
8175,12.5,8.5,15.5,1.12281
8176,12.5,8.5,16.5,1.12281
8177,12.5,8.5,17.5,1.12281
8178,12.5,8.5,18.5,1.12281
8179,12.5,8.5,19.5,1.12281
8180,12.5,8.5,20.5,1.12281
8181,12.5,8.5,21.5,1.12281
8182,12.5,8.5,22.5,1.12281
8183,12.5,8.5,23.5,1.12281
8184,12.5,8.5,24.5,1.12281
8185,12.5,8.5,25.5,1.12281
8186,12.5,8.5,26.5,1.12281
8187,12.5,8.5,27.5,1.12281
8188,12.5,8.5,28.5,1.12281
8189,12.5,8.5,29.5,1.12281
8190,12.5,9.5,0.5,1.12281
8191,12.5,9.5,1.5,1.12281
8192,12.5,9.5,2.5,1.12281
8193,12.5,9.5,3.5,1.12281
8194,12.5,9.5,4.5,1.12281
8195,12.5,9.5,5.5,1.12281
8196,12.5,9.5,6.5,1.12281
8197,12.5,9.5,7.5,1.12281
8198,12.5,9.5,8.5,1.12281
8199,12.5,9.5,9.5,1.12281
8200,12.5,9.5,10.5,1.12281
8201,12.5,9.5,11.5,1.12281
8202,12.5,9.5,12.5,1.12281
8203,12.5,9.5,13.5,1.12281
8204,12.5,9.5,14.5,1.12281
8205,12.5,9.5,15.5,1.12281
8206,12.5,9.5,16.5,1.12281
8207,12.5,9.5,17.5,1.12281
8208,12.5,9.5,18.5,1.12281
8209,12.5,9.5,19.5,1.12281
8210,12.5,9.5,20.5,1.12281
8211,12.5,9.5,21.5,1.12281
8212,12.5,9.5,22.5,1.12281
8213,12.5,9.5,23.5,1.12281
8214,12.5,9.5,24.5,1.12281
8215,12.5,9.5,25.5,1.12281
8216,12.5,9.5,26.5,1.12281
8217,12.5,9.5,27.5,1.12281
8218,12.5,9.5,28.5,1.12281
8219,12.5,9.5,29.5,1.12281
8220,12.5,10.5,0.5,1.12281
8221,12.5,10.5,1.5,1.12281
8222,12.5,10.5,2.5,1.12281
8223,12.5,10.5,3.5,1.12281
8224,12.5,10.5,4.5,1.12281
8225,12.5,10.5,5.5,1.12281
8226,12.5,10.5,6.5,1.12281
8227,12.5,10.5,7.5,1.12281
8228,12.5,10.5,8.5,1.12281
8229,12.5,10.5,9.5,1.12281
8230,12.5,10.5,10.5,1.12281
8231,12.5,10.5,11.5,1.12281
8232,12.5,10.5,12.5,1.12281
8233,12.5,10.5,13.5,1.12281
8234,12.5,10.5,14.5,1.12281
8235,12.5,10.5,15.5,1.12281
8236,12.5,10.5,16.5,1.12281
8237,12.5,10.5,17.5,1.12281
8238,12.5,10.5,18.5,1.12281
8239,12.5,10.5,19.5,1.12281
8240,12.5,10.5,20.5,1.12281
8241,12.5,10.5,21.5,1.12281
8242,12.5,10.5,22.5,1.12281
8243,12.5,10.5,23.5,1.12281
8244,12.5,10.5,24.5,1.12281
8245,12.5,10.5,25.5,1.12281
8246,12.5,10.5,26.5,1.12281
8247,12.5,10.5,27.5,1.12281
8248,12.5,10.5,28.5,1.12281
8249,12.5,10.5,29.5,1.12281
8250,12.5,11.5,0.5,1.12281
8251,12.5,11.5,1.5,1.12281
8252,12.5,11.5,2.5,1.12281
8253,12.5,11.5,3.5,1.12281
8254,12.5,11.5,4.5,1.12281
8255,12.5,11.5,5.5,1.12281
8256,12.5,11.5,6.5,1.12281
8257,12.5,11.5,7.5,1.12281
8258,12.5,11.5,8.5,1.12281
8259,12.5,11.5,9.5,1.12281
8260,12.5,11.5,10.5,1.12281
8261,12.5,11.5,11.5,1.12281
8262,12.5,11.5,12.5,1.12281
8263,12.5,11.5,13.5,1.12281
8264,12.5,11.5,14.5,1.12281
8265,12.5,11.5,15.5,1.12281
8266,12.5,11.5,16.5,1.12281
8267,12.5,11.5,17.5,1.12281
8268,12.5,11.5,18.5,1.12281
8269,12.5,11.5,19.5,1.12281
8270,12.5,11.5,20.5,1.12281
8271,12.5,11.5,21.5,1.12281
8272,12.5,11.5,22.5,1.12281
8273,12.5,11.5,23.5,1.12281
8274,12.5,11.5,24.5,1.12281
8275,12.5,11.5,25.5,1.12281
8276,12.5,11.5,26.5,1.12281
8277,12.5,11.5,27.5,1.12281
8278,12.5,11.5,28.5,1.12281
8279,12.5,11.5,29.5,1.12281
8280,12.5,12.5,0.5,1.12281
8281,12.5,12.5,1.5,1.12281
8282,12.5,12.5,2.5,1.12281
8283,12.5,12.5,3.5,1.12281
8284,12.5,12.5,4.5,1.12281
8285,12.5,12.5,5.5,1.12281
8286,12.5,12.5,6.5,1.12281
8287,12.5,12.5,7.5,1.12281
8288,12.5,12.5,8.5,1.12281
8289,12.5,12.5,9.5,1.12281
8290,12.5,12.5,10.5,1.12281
8291,12.5,12.5,11.5,1.12281
8292,12.5,12.5,12.5,1.12281
8293,12.5,12.5,13.5,1.12281
8294,12.5,12.5,14.5,1.12281
8295,12.5,12.5,15.5,1.12281
8296,12.5,12.5,16.5,1.12281
8297,12.5,12.5,17.5,1.12281
8298,12.5,12.5,18.5,1.12281
8299,12.5,12.5,19.5,1.12281
8300,12.5,12.5,20.5,1.12281
8301,12.5,12.5,21.5,1.12281
8302,12.5,12.5,22.5,1.12281
8303,12.5,12.5,23.5,1.12281
8304,12.5,12.5,24.5,1.12281
8305,12.5,12.5,25.5,1.12281
8306,12.5,12.5,26.5,1.12281
8307,12.5,12.5,27.5,1.12281
8308,12.5,12.5,28.5,1.12281
8309,12.5,12.5,29.5,1.12281
8310,12.5,13.5,0.5,1.12281
8311,12.5,13.5,1.5,1.12281
8312,12.5,13.5,2.5,1.12281
8313,12.5,13.5,3.5,1.12281
8314,12.5,13.5,4.5,1.12281
8315,12.5,13.5,5.5,1.12281
8316,12.5,13.5,6.5,1.12281
8317,12.5,13.5,7.5,1.12281
8318,12.5,13.5,8.5,1.12281
8319,12.5,13.5,9.5,1.12281
8320,12.5,13.5,10.5,1.12281
8321,12.5,13.5,11.5,1.12281
8322,12.5,13.5,12.5,1.12281
8323,12.5,13.5,13.5,1.12281
8324,12.5,13.5,14.5,1.12281
8325,12.5,13.5,15.5,1.12281
8326,12.5,13.5,16.5,1.12281
8327,12.5,13.5,17.5,1.12281
8328,12.5,13.5,18.5,1.12281
8329,12.5,13.5,19.5,1.12281
8330,12.5,13.5,20.5,1.12281
8331,12.5,13.5,21.5,1.12281
8332,12.5,13.5,22.5,1.12281
8333,12.5,13.5,23.5,1.12281
8334,12.5,13.5,24.5,1.12281
8335,12.5,13.5,25.5,1.12281
8336,12.5,13.5,26.5,1.12281
8337,12.5,13.5,27.5,1.12281
8338,12.5,13.5,28.5,1.12281
8339,12.5,13.5,29.5,1.12281
8340,12.5,14.5,0.5,1.12281
8341,12.5,14.5,1.5,1.12281
8342,12.5,14.5,2.5,1.12281
8343,12.5,14.5,3.5,1.12281
8344,12.5,14.5,4.5,1.12281
8345,12.5,14.5,5.5,1.12281
8346,12.5,14.5,6.5,1.12281
8347,12.5,14.5,7.5,1.12281
8348,12.5,14.5,8.5,1.12281
8349,12.5,14.5,9.5,1.12281
8350,12.5,14.5,10.5,1.12281
8351,12.5,14.5,11.5,1.12281
8352,12.5,14.5,12.5,1.12281
8353,12.5,14.5,13.5,1.12281
8354,12.5,14.5,14.5,1.12281
8355,12.5,14.5,15.5,1.12281
8356,12.5,14.5,16.5,1.12281
8357,12.5,14.5,17.5,1.12281
8358,12.5,14.5,18.5,1.12281
8359,12.5,14.5,19.5,1.12281
8360,12.5,14.5,20.5,1.12281
8361,12.5,14.5,21.5,1.12281
8362,12.5,14.5,22.5,1.12281
8363,12.5,14.5,23.5,1.12281
8364,12.5,14.5,24.5,1.12281
8365,12.5,14.5,25.5,1.12281
8366,12.5,14.5,26.5,1.12281
8367,12.5,14.5,27.5,1.12281
8368,12.5,14.5,28.5,1.12281
8369,12.5,14.5,29.5,1.12281
8370,12.5,15.5,0.5,1.12281
8371,12.5,15.5,1.5,1.12281
8372,12.5,15.5,2.5,1.12281
8373,12.5,15.5,3.5,1.12281
8374,12.5,15.5,4.5,1.12281
8375,12.5,15.5,5.5,1.12281
8376,12.5,15.5,6.5,1.12281
8377,12.5,15.5,7.5,1.12281
8378,12.5,15.5,8.5,1.12281
8379,12.5,15.5,9.5,1.12281
8380,12.5,15.5,10.5,1.12281
8381,12.5,15.5,11.5,1.12281
8382,12.5,15.5,12.5,1.12281
8383,12.5,15.5,13.5,1.12281
8384,12.5,15.5,14.5,1.12281
8385,12.5,15.5,15.5,1.12281
8386,12.5,15.5,16.5,1.12281
8387,12.5,15.5,17.5,1.12281
8388,12.5,15.5,18.5,1.12281
8389,12.5,15.5,19.5,1.12281
8390,12.5,15.5,20.5,1.12281
8391,12.5,15.5,21.5,1.12281
8392,12.5,15.5,22.5,1.12281
8393,12.5,15.5,23.5,1.12281
8394,12.5,15.5,24.5,1.12281
8395,12.5,15.5,25.5,1.12281
8396,12.5,15.5,26.5,1.12281
8397,12.5,15.5,27.5,1.12281
8398,12.5,15.5,28.5,1.12281
8399,12.5,15.5,29.5,1.12281
8400,12.5,16.5,0.5,1.12281
8401,12.5,16.5,1.5,1.12281
8402,12.5,16.5,2.5,1.12281
8403,12.5,16.5,3.5,1.12281
8404,12.5,16.5,4.5,1.12281
8405,12.5,16.5,5.5,1.12281
8406,12.5,16.5,6.5,1.12281
8407,12.5,16.5,7.5,1.12281
8408,12.5,16.5,8.5,1.12281
8409,12.5,16.5,9.5,1.12281
8410,12.5,16.5,10.5,1.12281
8411,12.5,16.5,11.5,1.12281
8412,12.5,16.5,12.5,1.12281
8413,12.5,16.5,13.5,1.12281
8414,12.5,16.5,14.5,1.12281
8415,12.5,16.5,15.5,1.12281
8416,12.5,16.5,16.5,1.12281
8417,12.5,16.5,17.5,1.12281
8418,12.5,16.5,18.5,1.12281
8419,12.5,16.5,19.5,1.12281
8420,12.5,16.5,20.5,1.12281
8421,12.5,16.5,21.5,1.12281
8422,12.5,16.5,22.5,1.12281
8423,12.5,16.5,23.5,1.12281
8424,12.5,16.5,24.5,1.12281
8425,12.5,16.5,25.5,1.12281
8426,12.5,16.5,26.5,1.12281
8427,12.5,16.5,27.5,1.12281
8428,12.5,16.5,28.5,1.12281
8429,12.5,16.5,29.5,1.12281
8430,12.5,17.5,0.5,1.12281
8431,12.5,17.5,1.5,1.12281
8432,12.5,17.5,2.5,1.12281
8433,12.5,17.5,3.5,1.12281
8434,12.5,17.5,4.5,1.12281
8435,12.5,17.5,5.5,1.12281
8436,12.5,17.5,6.5,1.12281
8437,12.5,17.5,7.5,1.12281
8438,12.5,17.5,8.5,1.12281
8439,12.5,17.5,9.5,1.12281
8440,12.5,17.5,10.5,1.12281
8441,12.5,17.5,11.5,1.12281
8442,12.5,17.5,12.5,1.12281
8443,12.5,17.5,13.5,1.12281
8444,12.5,17.5,14.5,1.12281
8445,12.5,17.5,15.5,1.12281
8446,12.5,17.5,16.5,1.12281
8447,12.5,17.5,17.5,1.12281
8448,12.5,17.5,18.5,1.12281
8449,12.5,17.5,19.5,1.12281
8450,12.5,17.5,20.5,1.12281
8451,12.5,17.5,21.5,1.12281
8452,12.5,17.5,22.5,1.12281
8453,12.5,17.5,23.5,1.12281
8454,12.5,17.5,24.5,1.12281
8455,12.5,17.5,25.5,1.12281
8456,12.5,17.5,26.5,1.12281
8457,12.5,17.5,27.5,1.12281
8458,12.5,17.5,28.5,1.12281
8459,12.5,17.5,29.5,1.12281
8460,12.5,18.5,0.5,1.12281
8461,12.5,18.5,1.5,1.12281
8462,12.5,18.5,2.5,1.12281
8463,12.5,18.5,3.5,1.12281
8464,12.5,18.5,4.5,1.12281
8465,12.5,18.5,5.5,1.12281
8466,12.5,18.5,6.5,1.12281
8467,12.5,18.5,7.5,1.12281
8468,12.5,18.5,8.5,1.12281
8469,12.5,18.5,9.5,1.12281
8470,12.5,18.5,10.5,1.12281
8471,12.5,18.5,11.5,1.12281
8472,12.5,18.5,12.5,1.12281
8473,12.5,18.5,13.5,1.12281
8474,12.5,18.5,14.5,1.12281
8475,12.5,18.5,15.5,1.12281
8476,12.5,18.5,16.5,1.12281
8477,12.5,18.5,17.5,1.12281
8478,12.5,18.5,18.5,1.12281
8479,12.5,18.5,19.5,1.12281
8480,12.5,18.5,20.5,1.12281
8481,12.5,18.5,21.5,1.12281
8482,12.5,18.5,22.5,1.12281
8483,12.5,18.5,23.5,1.12281
8484,12.5,18.5,24.5,1.12281
8485,12.5,18.5,25.5,1.12281
8486,12.5,18.5,26.5,1.12281
8487,12.5,18.5,27.5,1.12281
8488,12.5,18.5,28.5,1.12281
8489,12.5,18.5,29.5,1.12281
8490,12.5,19.5,0.5,1.12281
8491,12.5,19.5,1.5,1.12281
8492,12.5,19.5,2.5,1.12281
8493,12.5,19.5,3.5,1.12281
8494,12.5,19.5,4.5,1.12281
8495,12.5,19.5,5.5,1.12281
8496,12.5,19.5,6.5,1.12281
8497,12.5,19.5,7.5,1.12281
8498,12.5,19.5,8.5,1.12281
8499,12.5,19.5,9.5,1.12281
8500,12.5,19.5,10.5,1.12281
8501,12.5,19.5,11.5,1.12281
8502,12.5,19.5,12.5,1.12281
8503,12.5,19.5,13.5,1.12281
8504,12.5,19.5,14.5,1.12281
8505,12.5,19.5,15.5,1.12281
8506,12.5,19.5,16.5,1.12281
8507,12.5,19.5,17.5,1.12281
8508,12.5,19.5,18.5,1.12281
8509,12.5,19.5,19.5,1.12281
8510,12.5,19.5,20.5,1.12281
8511,12.5,19.5,21.5,1.12281
8512,12.5,19.5,22.5,1.12281
8513,12.5,19.5,23.5,1.12281
8514,12.5,19.5,24.5,1.12281
8515,12.5,19.5,25.5,1.12281
8516,12.5,19.5,26.5,1.12281
8517,12.5,19.5,27.5,1.12281
8518,12.5,19.5,28.5,1.12281
8519,12.5,19.5,29.5,1.12281
8520,12.5,20.5,0.5,1.12281
8521,12.5,20.5,1.5,1.12281
8522,12.5,20.5,2.5,1.12281
8523,12.5,20.5,3.5,1.12281
8524,12.5,20.5,4.5,1.12281
8525,12.5,20.5,5.5,1.12281
8526,12.5,20.5,6.5,1.12281
8527,12.5,20.5,7.5,1.12281
8528,12.5,20.5,8.5,1.12281
8529,12.5,20.5,9.5,1.12281
8530,12.5,20.5,10.5,1.12281
8531,12.5,20.5,11.5,1.12281
8532,12.5,20.5,12.5,1.12281
8533,12.5,20.5,13.5,1.12281
8534,12.5,20.5,14.5,1.12281
8535,12.5,20.5,15.5,1.12281
8536,12.5,20.5,16.5,1.12281
8537,12.5,20.5,17.5,1.12281
8538,12.5,20.5,18.5,1.12281
8539,12.5,20.5,19.5,1.12281
8540,12.5,20.5,20.5,1.12281
8541,12.5,20.5,21.5,1.12281
8542,12.5,20.5,22.5,1.12281
8543,12.5,20.5,23.5,1.12281
8544,12.5,20.5,24.5,1.12281
8545,12.5,20.5,25.5,1.12281
8546,12.5,20.5,26.5,1.12281
8547,12.5,20.5,27.5,1.12281
8548,12.5,20.5,28.5,1.12281
8549,12.5,20.5,29.5,1.12281
8550,12.5,21.5,0.5,1.12281
8551,12.5,21.5,1.5,1.12281
8552,12.5,21.5,2.5,1.12281
8553,12.5,21.5,3.5,1.12281
8554,12.5,21.5,4.5,1.12281
8555,12.5,21.5,5.5,1.12281
8556,12.5,21.5,6.5,1.12281
8557,12.5,21.5,7.5,1.12281
8558,12.5,21.5,8.5,1.12281
8559,12.5,21.5,9.5,1.12281
8560,12.5,21.5,10.5,1.12281
8561,12.5,21.5,11.5,1.12281
8562,12.5,21.5,12.5,1.12281
8563,12.5,21.5,13.5,1.12281
8564,12.5,21.5,14.5,1.12281
8565,12.5,21.5,15.5,1.12281
8566,12.5,21.5,16.5,1.12281
8567,12.5,21.5,17.5,1.12281
8568,12.5,21.5,18.5,1.12281
8569,12.5,21.5,19.5,1.12281
8570,12.5,21.5,20.5,1.12281
8571,12.5,21.5,21.5,1.12281
8572,12.5,21.5,22.5,1.12281
8573,12.5,21.5,23.5,1.12281
8574,12.5,21.5,24.5,1.12281
8575,12.5,21.5,25.5,1.12281
8576,12.5,21.5,26.5,1.12281
8577,12.5,21.5,27.5,1.12281
8578,12.5,21.5,28.5,1.12281
8579,12.5,21.5,29.5,1.12281
8580,12.5,22.5,0.5,1.12281
8581,12.5,22.5,1.5,1.12281
8582,12.5,22.5,2.5,1.12281
8583,12.5,22.5,3.5,1.12281
8584,12.5,22.5,4.5,1.12281
8585,12.5,22.5,5.5,1.12281
8586,12.5,22.5,6.5,1.12281
8587,12.5,22.5,7.5,1.12281
8588,12.5,22.5,8.5,1.12281
8589,12.5,22.5,9.5,1.12281
8590,12.5,22.5,10.5,1.12281
8591,12.5,22.5,11.5,1.12281
8592,12.5,22.5,12.5,1.12281
8593,12.5,22.5,13.5,1.12281
8594,12.5,22.5,14.5,1.12281
8595,12.5,22.5,15.5,1.12281
8596,12.5,22.5,16.5,1.12281
8597,12.5,22.5,17.5,1.12281
8598,12.5,22.5,18.5,1.12281
8599,12.5,22.5,19.5,1.12281
8600,12.5,22.5,20.5,1.12281
8601,12.5,22.5,21.5,1.12281
8602,12.5,22.5,22.5,1.12281
8603,12.5,22.5,23.5,1.12281
8604,12.5,22.5,24.5,1.12281
8605,12.5,22.5,25.5,1.12281
8606,12.5,22.5,26.5,1.12281
8607,12.5,22.5,27.5,1.12281
8608,12.5,22.5,28.5,1.12281
8609,12.5,22.5,29.5,1.12281
8610,12.5,23.5,0.5,1.12281
8611,12.5,23.5,1.5,1.12281
8612,12.5,23.5,2.5,1.12281
8613,12.5,23.5,3.5,1.12281
8614,12.5,23.5,4.5,1.12281
8615,12.5,23.5,5.5,1.12281
8616,12.5,23.5,6.5,1.12281
8617,12.5,23.5,7.5,1.12281
8618,12.5,23.5,8.5,1.12281
8619,12.5,23.5,9.5,1.12281
8620,12.5,23.5,10.5,1.12281
8621,12.5,23.5,11.5,1.12281
8622,12.5,23.5,12.5,1.12281
8623,12.5,23.5,13.5,1.12281
8624,12.5,23.5,14.5,1.12281
8625,12.5,23.5,15.5,1.12281
8626,12.5,23.5,16.5,1.12281
8627,12.5,23.5,17.5,1.12281
8628,12.5,23.5,18.5,1.12281
8629,12.5,23.5,19.5,1.12281
8630,12.5,23.5,20.5,1.12281
8631,12.5,23.5,21.5,1.12281
8632,12.5,23.5,22.5,1.12281
8633,12.5,23.5,23.5,1.12281
8634,12.5,23.5,24.5,1.12281
8635,12.5,23.5,25.5,1.12281
8636,12.5,23.5,26.5,1.12281
8637,12.5,23.5,27.5,1.12281
8638,12.5,23.5,28.5,1.12281
8639,12.5,23.5,29.5,1.12281
8640,12.5,24.5,0.5,1.12281
8641,12.5,24.5,1.5,1.12281
8642,12.5,24.5,2.5,1.12281
8643,12.5,24.5,3.5,1.12281
8644,12.5,24.5,4.5,1.12281
8645,12.5,24.5,5.5,1.12281
8646,12.5,24.5,6.5,1.12281
8647,12.5,24.5,7.5,1.12281
8648,12.5,24.5,8.5,1.12281
8649,12.5,24.5,9.5,1.12281
8650,12.5,24.5,10.5,1.12281
8651,12.5,24.5,11.5,1.12281
8652,12.5,24.5,12.5,1.12281
8653,12.5,24.5,13.5,1.12281
8654,12.5,24.5,14.5,1.12281
8655,12.5,24.5,15.5,1.12281
8656,12.5,24.5,16.5,1.12281
8657,12.5,24.5,17.5,1.12281
8658,12.5,24.5,18.5,1.12281
8659,12.5,24.5,19.5,1.12281
8660,12.5,24.5,20.5,1.12281
8661,12.5,24.5,21.5,1.12281
8662,12.5,24.5,22.5,1.12281
8663,12.5,24.5,23.5,1.12281
8664,12.5,24.5,24.5,1.12281
8665,12.5,24.5,25.5,1.12281
8666,12.5,24.5,26.5,1.12281
8667,12.5,24.5,27.5,1.12281
8668,12.5,24.5,28.5,1.12281
8669,12.5,24.5,29.5,1.12281
8670,12.5,25.5,0.5,1.12281
8671,12.5,25.5,1.5,1.12281
8672,12.5,25.5,2.5,1.12281
8673,12.5,25.5,3.5,1.12281
8674,12.5,25.5,4.5,1.12281
8675,12.5,25.5,5.5,1.12281
8676,12.5,25.5,6.5,1.12281
8677,12.5,25.5,7.5,1.12281
8678,12.5,25.5,8.5,1.12281
8679,12.5,25.5,9.5,1.12281
8680,12.5,25.5,10.5,1.12281
8681,12.5,25.5,11.5,1.12281
8682,12.5,25.5,12.5,1.12281
8683,12.5,25.5,13.5,1.12281
8684,12.5,25.5,14.5,1.12281
8685,12.5,25.5,15.5,1.12281
8686,12.5,25.5,16.5,1.12281
8687,12.5,25.5,17.5,1.12281
8688,12.5,25.5,18.5,1.12281
8689,12.5,25.5,19.5,1.12281
8690,12.5,25.5,20.5,1.12281
8691,12.5,25.5,21.5,1.12281
8692,12.5,25.5,22.5,1.12281
8693,12.5,25.5,23.5,1.12281
8694,12.5,25.5,24.5,1.12281
8695,12.5,25.5,25.5,1.12281
8696,12.5,25.5,26.5,1.12281
8697,12.5,25.5,27.5,1.12281
8698,12.5,25.5,28.5,1.12281
8699,12.5,25.5,29.5,1.12281
8700,12.5,26.5,0.5,1.12281
8701,12.5,26.5,1.5,1.12281
8702,12.5,26.5,2.5,1.12281
8703,12.5,26.5,3.5,1.12281
8704,12.5,26.5,4.5,1.12281
8705,12.5,26.5,5.5,1.12281
8706,12.5,26.5,6.5,1.12281
8707,12.5,26.5,7.5,1.12281
8708,12.5,26.5,8.5,1.12281
8709,12.5,26.5,9.5,1.12281
8710,12.5,26.5,10.5,1.12281
8711,12.5,26.5,11.5,1.12281
8712,12.5,26.5,12.5,1.12281
8713,12.5,26.5,13.5,1.12281
8714,12.5,26.5,14.5,1.12281
8715,12.5,26.5,15.5,1.12281
8716,12.5,26.5,16.5,1.12281
8717,12.5,26.5,17.5,1.12281
8718,12.5,26.5,18.5,1.12281
8719,12.5,26.5,19.5,1.12281
8720,12.5,26.5,20.5,1.12281
8721,12.5,26.5,21.5,1.12281
8722,12.5,26.5,22.5,1.12281
8723,12.5,26.5,23.5,1.12281
8724,12.5,26.5,24.5,1.12281
8725,12.5,26.5,25.5,1.12281
8726,12.5,26.5,26.5,1.12281
8727,12.5,26.5,27.5,1.12281
8728,12.5,26.5,28.5,1.12281
8729,12.5,26.5,29.5,1.12281
8730,12.5,27.5,0.5,1.12281
8731,12.5,27.5,1.5,1.12281
8732,12.5,27.5,2.5,1.12281
8733,12.5,27.5,3.5,1.12281
8734,12.5,27.5,4.5,1.12281
8735,12.5,27.5,5.5,1.12281
8736,12.5,27.5,6.5,1.12281
8737,12.5,27.5,7.5,1.12281
8738,12.5,27.5,8.5,1.12281
8739,12.5,27.5,9.5,1.12281
8740,12.5,27.5,10.5,1.12281
8741,12.5,27.5,11.5,1.12281
8742,12.5,27.5,12.5,1.12281
8743,12.5,27.5,13.5,1.12281
8744,12.5,27.5,14.5,1.12281
8745,12.5,27.5,15.5,1.12281
8746,12.5,27.5,16.5,1.12281
8747,12.5,27.5,17.5,1.12281
8748,12.5,27.5,18.5,1.12281
8749,12.5,27.5,19.5,1.12281
8750,12.5,27.5,20.5,1.12281
8751,12.5,27.5,21.5,1.12281
8752,12.5,27.5,22.5,1.12281
8753,12.5,27.5,23.5,1.12281
8754,12.5,27.5,24.5,1.12281
8755,12.5,27.5,25.5,1.12281
8756,12.5,27.5,26.5,1.12281
8757,12.5,27.5,27.5,1.12281
8758,12.5,27.5,28.5,1.12281
8759,12.5,27.5,29.5,1.12281
8760,12.5,28.5,0.5,1.12281
8761,12.5,28.5,1.5,1.12281
8762,12.5,28.5,2.5,1.12281
8763,12.5,28.5,3.5,1.12281
8764,12.5,28.5,4.5,1.12281
8765,12.5,28.5,5.5,1.12281
8766,12.5,28.5,6.5,1.12281
8767,12.5,28.5,7.5,1.12281
8768,12.5,28.5,8.5,1.12281
8769,12.5,28.5,9.5,1.12281
8770,12.5,28.5,10.5,1.12281
8771,12.5,28.5,11.5,1.12281
8772,12.5,28.5,12.5,1.12281
8773,12.5,28.5,13.5,1.12281
8774,12.5,28.5,14.5,1.12281
8775,12.5,28.5,15.5,1.12281
8776,12.5,28.5,16.5,1.12281
8777,12.5,28.5,17.5,1.12281
8778,12.5,28.5,18.5,1.12281
8779,12.5,28.5,19.5,1.12281
8780,12.5,28.5,20.5,1.12281
8781,12.5,28.5,21.5,1.12281
8782,12.5,28.5,22.5,1.12281
8783,12.5,28.5,23.5,1.12281
8784,12.5,28.5,24.5,1.12281
8785,12.5,28.5,25.5,1.12281
8786,12.5,28.5,26.5,1.12281
8787,12.5,28.5,27.5,1.12281
8788,12.5,28.5,28.5,1.12281
8789,12.5,28.5,29.5,1.12281
8790,12.5,29.5,0.5,1.12281
8791,12.5,29.5,1.5,1.12281
8792,12.5,29.5,2.5,1.12281
8793,12.5,29.5,3.5,1.12281
8794,12.5,29.5,4.5,1.12281
8795,12.5,29.5,5.5,1.12281
8796,12.5,29.5,6.5,1.12281
8797,12.5,29.5,7.5,1.12281
8798,12.5,29.5,8.5,1.12281
8799,12.5,29.5,9.5,1.12281
8800,12.5,29.5,10.5,1.12281
8801,12.5,29.5,11.5,1.12281
8802,12.5,29.5,12.5,1.12281
8803,12.5,29.5,13.5,1.12281
8804,12.5,29.5,14.5,1.12281
8805,12.5,29.5,15.5,1.12281
8806,12.5,29.5,16.5,1.12281
8807,12.5,29.5,17.5,1.12281
8808,12.5,29.5,18.5,1.12281
8809,12.5,29.5,19.5,1.12281
8810,12.5,29.5,20.5,1.12281
8811,12.5,29.5,21.5,1.12281
8812,12.5,29.5,22.5,1.12281
8813,12.5,29.5,23.5,1.12281
8814,12.5,29.5,24.5,1.12281
8815,12.5,29.5,25.5,1.12281
8816,12.5,29.5,26.5,1.12281
8817,12.5,29.5,27.5,1.12281
8818,12.5,29.5,28.5,1.12281
8819,12.5,29.5,29.5,1.12281
8820,12.5,30.5,0.5,1.12281
8821,12.5,30.5,1.5,1.12281
8822,12.5,30.5,2.5,1.12281
8823,12.5,30.5,3.5,1.12281
8824,12.5,30.5,4.5,1.12281
8825,12.5,30.5,5.5,1.12281
8826,12.5,30.5,6.5,1.12281
8827,12.5,30.5,7.5,1.12281
8828,12.5,30.5,8.5,1.12281
8829,12.5,30.5,9.5,1.12281
8830,12.5,30.5,10.5,1.12281
8831,12.5,30.5,11.5,1.12281
8832,12.5,30.5,12.5,1.12281
8833,12.5,30.5,13.5,1.12281
8834,12.5,30.5,14.5,1.12281
8835,12.5,30.5,15.5,1.12281
8836,12.5,30.5,16.5,1.12281
8837,12.5,30.5,17.5,1.12281
8838,12.5,30.5,18.5,1.12281
8839,12.5,30.5,19.5,1.12281
8840,12.5,30.5,20.5,1.12281
8841,12.5,30.5,21.5,1.12281
8842,12.5,30.5,22.5,1.12281
8843,12.5,30.5,23.5,1.12281
8844,12.5,30.5,24.5,1.12281
8845,12.5,30.5,25.5,1.12281
8846,12.5,30.5,26.5,1.12281
8847,12.5,30.5,27.5,1.12281
8848,12.5,30.5,28.5,1.12281
8849,12.5,30.5,29.5,1.12281
8850,12.5,31.5,0.5,1.12281
8851,12.5,31.5,1.5,1.12281
8852,12.5,31.5,2.5,1.12281
8853,12.5,31.5,3.5,1.12281
8854,12.5,31.5,4.5,1.12281
8855,12.5,31.5,5.5,1.12281
8856,12.5,31.5,6.5,1.12281
8857,12.5,31.5,7.5,1.12281
8858,12.5,31.5,8.5,1.12281
8859,12.5,31.5,9.5,1.12281
8860,12.5,31.5,10.5,1.12281
8861,12.5,31.5,11.5,1.12281
8862,12.5,31.5,12.5,1.12281
8863,12.5,31.5,13.5,1.12281
8864,12.5,31.5,14.5,1.12281
8865,12.5,31.5,15.5,1.12281
8866,12.5,31.5,16.5,1.12281
8867,12.5,31.5,17.5,1.12281
8868,12.5,31.5,18.5,1.12281
8869,12.5,31.5,19.5,1.12281
8870,12.5,31.5,20.5,1.12281
8871,12.5,31.5,21.5,1.12281
8872,12.5,31.5,22.5,1.12281
8873,12.5,31.5,23.5,1.12281
8874,12.5,31.5,24.5,1.12281
8875,12.5,31.5,25.5,1.12281
8876,12.5,31.5,26.5,1.12281
8877,12.5,31.5,27.5,1.12281
8878,12.5,31.5,28.5,1.12281
8879,12.5,31.5,29.5,1.12281
8880,12.5,32.5,0.5,1.12281
8881,12.5,32.5,1.5,1.12281
8882,12.5,32.5,2.5,1.12281
8883,12.5,32.5,3.5,1.12281
8884,12.5,32.5,4.5,1.12281
8885,12.5,32.5,5.5,1.12281
8886,12.5,32.5,6.5,1.12281
8887,12.5,32.5,7.5,1.12281
8888,12.5,32.5,8.5,1.12281
8889,12.5,32.5,9.5,1.12281
8890,12.5,32.5,10.5,1.12281
8891,12.5,32.5,11.5,1.12281
8892,12.5,32.5,12.5,1.12281
8893,12.5,32.5,13.5,1.12281
8894,12.5,32.5,14.5,1.12281
8895,12.5,32.5,15.5,1.12281
8896,12.5,32.5,16.5,1.12281
8897,12.5,32.5,17.5,1.12281
8898,12.5,32.5,18.5,1.12281
8899,12.5,32.5,19.5,1.12281
8900,12.5,32.5,20.5,1.12281
8901,12.5,32.5,21.5,1.12281
8902,12.5,32.5,22.5,1.12281
8903,12.5,32.5,23.5,1.12281
8904,12.5,32.5,24.5,1.12281
8905,12.5,32.5,25.5,1.12281
8906,12.5,32.5,26.5,1.12281
8907,12.5,32.5,27.5,1.12281
8908,12.5,32.5,28.5,1.12281
8909,12.5,32.5,29.5,1.12281
8910,12.5,33.5,0.5,1.12281
8911,12.5,33.5,1.5,1.12281
8912,12.5,33.5,2.5,1.12281
8913,12.5,33.5,3.5,1.12281
8914,12.5,33.5,4.5,1.12281
8915,12.5,33.5,5.5,1.12281
8916,12.5,33.5,6.5,1.12281
8917,12.5,33.5,7.5,1.12281
8918,12.5,33.5,8.5,1.12281
8919,12.5,33.5,9.5,1.12281
8920,12.5,33.5,10.5,1.12281
8921,12.5,33.5,11.5,1.12281
8922,12.5,33.5,12.5,1.12281
8923,12.5,33.5,13.5,1.12281
8924,12.5,33.5,14.5,1.12281
8925,12.5,33.5,15.5,1.12281
8926,12.5,33.5,16.5,1.12281
8927,12.5,33.5,17.5,1.12281
8928,12.5,33.5,18.5,1.12281
8929,12.5,33.5,19.5,1.12281
8930,12.5,33.5,20.5,1.12281
8931,12.5,33.5,21.5,1.12281
8932,12.5,33.5,22.5,1.12281
8933,12.5,33.5,23.5,1.12281
8934,12.5,33.5,24.5,1.12281
8935,12.5,33.5,25.5,1.12281
8936,12.5,33.5,26.5,1.12281
8937,12.5,33.5,27.5,1.12281
8938,12.5,33.5,28.5,1.12281
8939,12.5,33.5,29.5,1.12281
8940,12.5,34.5,0.5,1.12281
8941,12.5,34.5,1.5,1.12281
8942,12.5,34.5,2.5,1.12281
8943,12.5,34.5,3.5,1.12281
8944,12.5,34.5,4.5,1.12281
8945,12.5,34.5,5.5,1.12281
8946,12.5,34.5,6.5,1.12281
8947,12.5,34.5,7.5,1.12281
8948,12.5,34.5,8.5,1.12281
8949,12.5,34.5,9.5,1.12281
8950,12.5,34.5,10.5,1.12281
8951,12.5,34.5,11.5,1.12281
8952,12.5,34.5,12.5,1.12281
8953,12.5,34.5,13.5,1.12281
8954,12.5,34.5,14.5,1.12281
8955,12.5,34.5,15.5,1.12281
8956,12.5,34.5,16.5,1.12281
8957,12.5,34.5,17.5,1.12281
8958,12.5,34.5,18.5,1.12281
8959,12.5,34.5,19.5,1.12281
8960,12.5,34.5,20.5,1.12281
8961,12.5,34.5,21.5,1.12281
8962,12.5,34.5,22.5,1.12281
8963,12.5,34.5,23.5,1.12281
8964,12.5,34.5,24.5,1.12281
8965,12.5,34.5,25.5,1.12281
8966,12.5,34.5,26.5,1.12281
8967,12.5,34.5,27.5,1.12281
8968,12.5,34.5,28.5,1.12281
8969,12.5,34.5,29.5,1.12281
8970,12.5,35.5,0.5,1.12281
8971,12.5,35.5,1.5,1.12281
8972,12.5,35.5,2.5,1.12281
8973,12.5,35.5,3.5,1.12281
8974,12.5,35.5,4.5,1.12281
8975,12.5,35.5,5.5,1.12281
8976,12.5,35.5,6.5,1.12281
8977,12.5,35.5,7.5,1.12281
8978,12.5,35.5,8.5,1.12281
8979,12.5,35.5,9.5,1.12281
8980,12.5,35.5,10.5,1.12281
8981,12.5,35.5,11.5,1.12281
8982,12.5,35.5,12.5,1.12281
8983,12.5,35.5,13.5,1.12281
8984,12.5,35.5,14.5,1.12281
8985,12.5,35.5,15.5,1.12281
8986,12.5,35.5,16.5,1.12281
8987,12.5,35.5,17.5,1.12281
8988,12.5,35.5,18.5,1.12281
8989,12.5,35.5,19.5,1.12281
8990,12.5,35.5,20.5,1.12281
8991,12.5,35.5,21.5,1.12281
8992,12.5,35.5,22.5,1.12281
8993,12.5,35.5,23.5,1.12281
8994,12.5,35.5,24.5,1.12281
8995,12.5,35.5,25.5,1.12281
8996,12.5,35.5,26.5,1.12281
8997,12.5,35.5,27.5,1.12281
8998,12.5,35.5,28.5,1.12281
8999,12.5,35.5,29.5,1.12281
9000,13.5,0.5,0.5,1.12281
9001,13.5,0.5,1.5,1.12281
9002,13.5,0.5,2.5,1.12281
9003,13.5,0.5,3.5,1.12281
9004,13.5,0.5,4.5,1.12281
9005,13.5,0.5,5.5,1.12281
9006,13.5,0.5,6.5,1.12281
9007,13.5,0.5,7.5,1.12281
9008,13.5,0.5,8.5,1.12281
9009,13.5,0.5,9.5,1.12281
9010,13.5,0.5,10.5,1.12281
9011,13.5,0.5,11.5,1.12281
9012,13.5,0.5,12.5,1.12281
9013,13.5,0.5,13.5,1.12281
9014,13.5,0.5,14.5,1.12281
9015,13.5,0.5,15.5,1.12281
9016,13.5,0.5,16.5,1.12281
9017,13.5,0.5,17.5,1.12281
9018,13.5,0.5,18.5,1.12281
9019,13.5,0.5,19.5,1.12281
9020,13.5,0.5,20.5,1.12281
9021,13.5,0.5,21.5,1.12281
9022,13.5,0.5,22.5,1.12281
9023,13.5,0.5,23.5,1.12281
9024,13.5,0.5,24.5,1.12281
9025,13.5,0.5,25.5,1.12281
9026,13.5,0.5,26.5,1.12281
9027,13.5,0.5,27.5,1.12281
9028,13.5,0.5,28.5,1.12281
9029,13.5,0.5,29.5,1.12281
9030,13.5,1.5,0.5,1.12281
9031,13.5,1.5,1.5,1.12281
9032,13.5,1.5,2.5,1.12281
9033,13.5,1.5,3.5,1.12281
9034,13.5,1.5,4.5,1.12281
9035,13.5,1.5,5.5,1.12281
9036,13.5,1.5,6.5,1.12281
9037,13.5,1.5,7.5,1.12281
9038,13.5,1.5,8.5,1.12281
9039,13.5,1.5,9.5,1.12281
9040,13.5,1.5,10.5,1.12281
9041,13.5,1.5,11.5,1.12281
9042,13.5,1.5,12.5,1.12281
9043,13.5,1.5,13.5,1.12281
9044,13.5,1.5,14.5,1.12281
9045,13.5,1.5,15.5,1.12281
9046,13.5,1.5,16.5,1.12281
9047,13.5,1.5,17.5,1.12281
9048,13.5,1.5,18.5,1.12281
9049,13.5,1.5,19.5,1.12281
9050,13.5,1.5,20.5,1.12281
9051,13.5,1.5,21.5,1.12281
9052,13.5,1.5,22.5,1.12281
9053,13.5,1.5,23.5,1.12281
9054,13.5,1.5,24.5,1.12281
9055,13.5,1.5,25.5,1.12281
9056,13.5,1.5,26.5,1.12281
9057,13.5,1.5,27.5,1.12281
9058,13.5,1.5,28.5,1.12281
9059,13.5,1.5,29.5,1.12281
9060,13.5,2.5,0.5,1.12281
9061,13.5,2.5,1.5,1.12281
9062,13.5,2.5,2.5,1.12281
9063,13.5,2.5,3.5,1.12281
9064,13.5,2.5,4.5,1.12281
9065,13.5,2.5,5.5,1.12281
9066,13.5,2.5,6.5,1.12281
9067,13.5,2.5,7.5,1.12281
9068,13.5,2.5,8.5,1.12281
9069,13.5,2.5,9.5,1.12281
9070,13.5,2.5,10.5,1.12281
9071,13.5,2.5,11.5,1.12281
9072,13.5,2.5,12.5,1.12281
9073,13.5,2.5,13.5,1.12281
9074,13.5,2.5,14.5,1.12281
9075,13.5,2.5,15.5,1.12281
9076,13.5,2.5,16.5,1.12281
9077,13.5,2.5,17.5,1.12281
9078,13.5,2.5,18.5,1.12281
9079,13.5,2.5,19.5,1.12281
9080,13.5,2.5,20.5,1.12281
9081,13.5,2.5,21.5,1.12281
9082,13.5,2.5,22.5,1.12281
9083,13.5,2.5,23.5,1.12281
9084,13.5,2.5,24.5,1.12281
9085,13.5,2.5,25.5,1.12281
9086,13.5,2.5,26.5,1.12281
9087,13.5,2.5,27.5,1.12281
9088,13.5,2.5,28.5,1.12281
9089,13.5,2.5,29.5,1.12281
9090,13.5,3.5,0.5,1.12281
9091,13.5,3.5,1.5,1.12281
9092,13.5,3.5,2.5,1.12281
9093,13.5,3.5,3.5,1.12281
9094,13.5,3.5,4.5,1.12281
9095,13.5,3.5,5.5,1.12281
9096,13.5,3.5,6.5,1.12281
9097,13.5,3.5,7.5,1.12281
9098,13.5,3.5,8.5,1.12281
9099,13.5,3.5,9.5,1.12281
9100,13.5,3.5,10.5,1.12281
9101,13.5,3.5,11.5,1.12281
9102,13.5,3.5,12.5,1.12281
9103,13.5,3.5,13.5,1.12281
9104,13.5,3.5,14.5,1.12281
9105,13.5,3.5,15.5,1.12281
9106,13.5,3.5,16.5,1.12281
9107,13.5,3.5,17.5,1.12281
9108,13.5,3.5,18.5,1.12281
9109,13.5,3.5,19.5,1.12281
9110,13.5,3.5,20.5,1.12281
9111,13.5,3.5,21.5,1.12281
9112,13.5,3.5,22.5,1.12281
9113,13.5,3.5,23.5,1.12281
9114,13.5,3.5,24.5,1.12281
9115,13.5,3.5,25.5,1.12281
9116,13.5,3.5,26.5,1.12281
9117,13.5,3.5,27.5,1.12281
9118,13.5,3.5,28.5,1.12281
9119,13.5,3.5,29.5,1.12281
9120,13.5,4.5,0.5,1.12281
9121,13.5,4.5,1.5,1.12281
9122,13.5,4.5,2.5,1.12281
9123,13.5,4.5,3.5,1.12281
9124,13.5,4.5,4.5,1.12281
9125,13.5,4.5,5.5,1.12281
9126,13.5,4.5,6.5,1.12281
9127,13.5,4.5,7.5,1.12281
9128,13.5,4.5,8.5,1.12281
9129,13.5,4.5,9.5,1.12281
9130,13.5,4.5,10.5,1.12281
9131,13.5,4.5,11.5,1.12281
9132,13.5,4.5,12.5,1.12281
9133,13.5,4.5,13.5,1.12281
9134,13.5,4.5,14.5,1.12281
9135,13.5,4.5,15.5,1.12281
9136,13.5,4.5,16.5,1.12281
9137,13.5,4.5,17.5,1.12281
9138,13.5,4.5,18.5,1.12281
9139,13.5,4.5,19.5,1.12281
9140,13.5,4.5,20.5,1.12281
9141,13.5,4.5,21.5,1.12281
9142,13.5,4.5,22.5,1.12281
9143,13.5,4.5,23.5,1.12281
9144,13.5,4.5,24.5,1.12281
9145,13.5,4.5,25.5,1.12281
9146,13.5,4.5,26.5,1.12281
9147,13.5,4.5,27.5,1.12281
9148,13.5,4.5,28.5,1.12281
9149,13.5,4.5,29.5,1.12281
9150,13.5,5.5,0.5,1.12281
9151,13.5,5.5,1.5,1.12281
9152,13.5,5.5,2.5,1.12281
9153,13.5,5.5,3.5,1.12281
9154,13.5,5.5,4.5,1.12281
9155,13.5,5.5,5.5,1.12281
9156,13.5,5.5,6.5,1.12281
9157,13.5,5.5,7.5,1.12281
9158,13.5,5.5,8.5,1.12281
9159,13.5,5.5,9.5,1.12281
9160,13.5,5.5,10.5,1.12281
9161,13.5,5.5,11.5,1.12281
9162,13.5,5.5,12.5,1.12281
9163,13.5,5.5,13.5,1.12281
9164,13.5,5.5,14.5,1.12281
9165,13.5,5.5,15.5,1.12281
9166,13.5,5.5,16.5,1.12281
9167,13.5,5.5,17.5,1.12281
9168,13.5,5.5,18.5,1.12281
9169,13.5,5.5,19.5,1.12281
9170,13.5,5.5,20.5,1.12281
9171,13.5,5.5,21.5,1.12281
9172,13.5,5.5,22.5,1.12281
9173,13.5,5.5,23.5,1.12281
9174,13.5,5.5,24.5,1.12281
9175,13.5,5.5,25.5,1.12281
9176,13.5,5.5,26.5,1.12281
9177,13.5,5.5,27.5,1.12281
9178,13.5,5.5,28.5,1.12281
9179,13.5,5.5,29.5,1.12281
9180,13.5,6.5,0.5,1.12281
9181,13.5,6.5,1.5,1.12281
9182,13.5,6.5,2.5,1.12281
9183,13.5,6.5,3.5,1.12281
9184,13.5,6.5,4.5,1.12281
9185,13.5,6.5,5.5,1.12281
9186,13.5,6.5,6.5,1.12281
9187,13.5,6.5,7.5,1.12281
9188,13.5,6.5,8.5,1.12281
9189,13.5,6.5,9.5,1.12281
9190,13.5,6.5,10.5,1.12281
9191,13.5,6.5,11.5,1.12281
9192,13.5,6.5,12.5,1.12281
9193,13.5,6.5,13.5,1.12281
9194,13.5,6.5,14.5,1.12281
9195,13.5,6.5,15.5,1.12281
9196,13.5,6.5,16.5,1.12281
9197,13.5,6.5,17.5,1.12281
9198,13.5,6.5,18.5,1.12281
9199,13.5,6.5,19.5,1.12281
9200,13.5,6.5,20.5,1.12281
9201,13.5,6.5,21.5,1.12281
9202,13.5,6.5,22.5,1.12281
9203,13.5,6.5,23.5,1.12281
9204,13.5,6.5,24.5,1.12281
9205,13.5,6.5,25.5,1.12281
9206,13.5,6.5,26.5,1.12281
9207,13.5,6.5,27.5,1.12281
9208,13.5,6.5,28.5,1.12281
9209,13.5,6.5,29.5,1.12281
9210,13.5,7.5,0.5,1.12281
9211,13.5,7.5,1.5,1.12281
9212,13.5,7.5,2.5,1.12281
9213,13.5,7.5,3.5,1.12281
9214,13.5,7.5,4.5,1.12281
9215,13.5,7.5,5.5,1.12281
9216,13.5,7.5,6.5,1.12281
9217,13.5,7.5,7.5,1.12281
9218,13.5,7.5,8.5,1.12281
9219,13.5,7.5,9.5,1.12281
9220,13.5,7.5,10.5,1.12281
9221,13.5,7.5,11.5,1.12281
9222,13.5,7.5,12.5,1.12281
9223,13.5,7.5,13.5,1.12281
9224,13.5,7.5,14.5,1.12281
9225,13.5,7.5,15.5,1.12281
9226,13.5,7.5,16.5,1.12281
9227,13.5,7.5,17.5,1.12281
9228,13.5,7.5,18.5,1.12281
9229,13.5,7.5,19.5,1.12281
9230,13.5,7.5,20.5,1.12281
9231,13.5,7.5,21.5,1.12281
9232,13.5,7.5,22.5,1.12281
9233,13.5,7.5,23.5,1.12281
9234,13.5,7.5,24.5,1.12281
9235,13.5,7.5,25.5,1.12281
9236,13.5,7.5,26.5,1.12281
9237,13.5,7.5,27.5,1.12281
9238,13.5,7.5,28.5,1.12281
9239,13.5,7.5,29.5,1.12281
9240,13.5,8.5,0.5,1.12281
9241,13.5,8.5,1.5,1.12281
9242,13.5,8.5,2.5,1.12281
9243,13.5,8.5,3.5,1.12281
9244,13.5,8.5,4.5,1.12281
9245,13.5,8.5,5.5,1.12281
9246,13.5,8.5,6.5,1.12281
9247,13.5,8.5,7.5,1.12281
9248,13.5,8.5,8.5,1.12281
9249,13.5,8.5,9.5,1.12281
9250,13.5,8.5,10.5,1.12281
9251,13.5,8.5,11.5,1.12281
9252,13.5,8.5,12.5,1.12281
9253,13.5,8.5,13.5,1.12281
9254,13.5,8.5,14.5,1.12281
9255,13.5,8.5,15.5,1.12281
9256,13.5,8.5,16.5,1.12281
9257,13.5,8.5,17.5,1.12281
9258,13.5,8.5,18.5,1.12281
9259,13.5,8.5,19.5,1.12281
9260,13.5,8.5,20.5,1.12281
9261,13.5,8.5,21.5,1.12281
9262,13.5,8.5,22.5,1.12281
9263,13.5,8.5,23.5,1.12281
9264,13.5,8.5,24.5,1.12281
9265,13.5,8.5,25.5,1.12281
9266,13.5,8.5,26.5,1.12281
9267,13.5,8.5,27.5,1.12281
9268,13.5,8.5,28.5,1.12281
9269,13.5,8.5,29.5,1.12281
9270,13.5,9.5,0.5,1.12281
9271,13.5,9.5,1.5,1.12281
9272,13.5,9.5,2.5,1.12281
9273,13.5,9.5,3.5,1.12281
9274,13.5,9.5,4.5,1.12281
9275,13.5,9.5,5.5,1.12281
9276,13.5,9.5,6.5,1.12281
9277,13.5,9.5,7.5,1.12281
9278,13.5,9.5,8.5,1.12281
9279,13.5,9.5,9.5,1.12281
9280,13.5,9.5,10.5,1.12281
9281,13.5,9.5,11.5,1.12281
9282,13.5,9.5,12.5,1.12281
9283,13.5,9.5,13.5,1.12281
9284,13.5,9.5,14.5,1.12281
9285,13.5,9.5,15.5,1.12281
9286,13.5,9.5,16.5,1.12281
9287,13.5,9.5,17.5,1.12281
9288,13.5,9.5,18.5,1.12281
9289,13.5,9.5,19.5,1.12281
9290,13.5,9.5,20.5,1.12281
9291,13.5,9.5,21.5,1.12281
9292,13.5,9.5,22.5,1.12281
9293,13.5,9.5,23.5,1.12281
9294,13.5,9.5,24.5,1.12281
9295,13.5,9.5,25.5,1.12281
9296,13.5,9.5,26.5,1.12281
9297,13.5,9.5,27.5,1.12281
9298,13.5,9.5,28.5,1.12281
9299,13.5,9.5,29.5,1.12281
9300,13.5,10.5,0.5,1.12281
9301,13.5,10.5,1.5,1.12281
9302,13.5,10.5,2.5,1.12281
9303,13.5,10.5,3.5,1.12281
9304,13.5,10.5,4.5,1.12281
9305,13.5,10.5,5.5,1.12281
9306,13.5,10.5,6.5,1.12281
9307,13.5,10.5,7.5,1.12281
9308,13.5,10.5,8.5,1.12281
9309,13.5,10.5,9.5,1.12281
9310,13.5,10.5,10.5,1.12281
9311,13.5,10.5,11.5,1.12281
9312,13.5,10.5,12.5,1.12281
9313,13.5,10.5,13.5,1.12281
9314,13.5,10.5,14.5,1.12281
9315,13.5,10.5,15.5,1.12281
9316,13.5,10.5,16.5,1.12281
9317,13.5,10.5,17.5,1.12281
9318,13.5,10.5,18.5,1.12281
9319,13.5,10.5,19.5,1.12281
9320,13.5,10.5,20.5,1.12281
9321,13.5,10.5,21.5,1.12281
9322,13.5,10.5,22.5,1.12281
9323,13.5,10.5,23.5,1.12281
9324,13.5,10.5,24.5,1.12281
9325,13.5,10.5,25.5,1.12281
9326,13.5,10.5,26.5,1.12281
9327,13.5,10.5,27.5,1.12281
9328,13.5,10.5,28.5,1.12281
9329,13.5,10.5,29.5,1.12281
9330,13.5,11.5,0.5,1.12281
9331,13.5,11.5,1.5,1.12281
9332,13.5,11.5,2.5,1.12281
9333,13.5,11.5,3.5,1.12281
9334,13.5,11.5,4.5,1.12281
9335,13.5,11.5,5.5,1.12281
9336,13.5,11.5,6.5,1.12281
9337,13.5,11.5,7.5,1.12281
9338,13.5,11.5,8.5,1.12281
9339,13.5,11.5,9.5,1.12281
9340,13.5,11.5,10.5,1.12281
9341,13.5,11.5,11.5,1.12281
9342,13.5,11.5,12.5,1.12281
9343,13.5,11.5,13.5,1.12281
9344,13.5,11.5,14.5,1.12281
9345,13.5,11.5,15.5,1.12281
9346,13.5,11.5,16.5,1.12281
9347,13.5,11.5,17.5,1.12281
9348,13.5,11.5,18.5,1.12281
9349,13.5,11.5,19.5,1.12281
9350,13.5,11.5,20.5,1.12281
9351,13.5,11.5,21.5,1.12281
9352,13.5,11.5,22.5,1.12281
9353,13.5,11.5,23.5,1.12281
9354,13.5,11.5,24.5,1.12281
9355,13.5,11.5,25.5,1.12281
9356,13.5,11.5,26.5,1.12281
9357,13.5,11.5,27.5,1.12281
9358,13.5,11.5,28.5,1.12281
9359,13.5,11.5,29.5,1.12281
9360,13.5,12.5,0.5,1.12281
9361,13.5,12.5,1.5,1.12281
9362,13.5,12.5,2.5,1.12281
9363,13.5,12.5,3.5,1.12281
9364,13.5,12.5,4.5,1.12281
9365,13.5,12.5,5.5,1.12281
9366,13.5,12.5,6.5,1.12281
9367,13.5,12.5,7.5,1.12281
9368,13.5,12.5,8.5,1.12281
9369,13.5,12.5,9.5,1.12281
9370,13.5,12.5,10.5,1.12281
9371,13.5,12.5,11.5,1.12281
9372,13.5,12.5,12.5,1.12281
9373,13.5,12.5,13.5,1.12281
9374,13.5,12.5,14.5,1.12281
9375,13.5,12.5,15.5,1.12281
9376,13.5,12.5,16.5,1.12281
9377,13.5,12.5,17.5,1.12281
9378,13.5,12.5,18.5,1.12281
9379,13.5,12.5,19.5,1.12281
9380,13.5,12.5,20.5,1.12281
9381,13.5,12.5,21.5,1.12281
9382,13.5,12.5,22.5,1.12281
9383,13.5,12.5,23.5,1.12281
9384,13.5,12.5,24.5,1.12281
9385,13.5,12.5,25.5,1.12281
9386,13.5,12.5,26.5,1.12281
9387,13.5,12.5,27.5,1.12281
9388,13.5,12.5,28.5,1.12281
9389,13.5,12.5,29.5,1.12281
9390,13.5,13.5,0.5,1.12281
9391,13.5,13.5,1.5,1.12281
9392,13.5,13.5,2.5,1.12281
9393,13.5,13.5,3.5,1.12281
9394,13.5,13.5,4.5,1.12281
9395,13.5,13.5,5.5,1.12281
9396,13.5,13.5,6.5,1.12281
9397,13.5,13.5,7.5,1.12281
9398,13.5,13.5,8.5,1.12281
9399,13.5,13.5,9.5,1.12281
9400,13.5,13.5,10.5,1.12281
9401,13.5,13.5,11.5,1.12281
9402,13.5,13.5,12.5,1.12281
9403,13.5,13.5,13.5,1.12281
9404,13.5,13.5,14.5,1.12281
9405,13.5,13.5,15.5,1.12281
9406,13.5,13.5,16.5,1.12281
9407,13.5,13.5,17.5,1.12281
9408,13.5,13.5,18.5,1.12281
9409,13.5,13.5,19.5,1.12281
9410,13.5,13.5,20.5,1.12281
9411,13.5,13.5,21.5,1.12281
9412,13.5,13.5,22.5,1.12281
9413,13.5,13.5,23.5,1.12281
9414,13.5,13.5,24.5,1.12281
9415,13.5,13.5,25.5,1.12281
9416,13.5,13.5,26.5,1.12281
9417,13.5,13.5,27.5,1.12281
9418,13.5,13.5,28.5,1.12281
9419,13.5,13.5,29.5,1.12281
9420,13.5,14.5,0.5,1.12281
9421,13.5,14.5,1.5,1.12281
9422,13.5,14.5,2.5,1.12281
9423,13.5,14.5,3.5,1.12281
9424,13.5,14.5,4.5,1.12281
9425,13.5,14.5,5.5,1.12281
9426,13.5,14.5,6.5,1.12281
9427,13.5,14.5,7.5,1.12281
9428,13.5,14.5,8.5,1.12281
9429,13.5,14.5,9.5,1.12281
9430,13.5,14.5,10.5,1.12281
9431,13.5,14.5,11.5,1.12281
9432,13.5,14.5,12.5,1.12281
9433,13.5,14.5,13.5,1.12281
9434,13.5,14.5,14.5,1.12281
9435,13.5,14.5,15.5,1.12281
9436,13.5,14.5,16.5,1.12281
9437,13.5,14.5,17.5,1.12281
9438,13.5,14.5,18.5,1.12281
9439,13.5,14.5,19.5,1.12281
9440,13.5,14.5,20.5,1.12281
9441,13.5,14.5,21.5,1.12281
9442,13.5,14.5,22.5,1.12281
9443,13.5,14.5,23.5,1.12281
9444,13.5,14.5,24.5,1.12281
9445,13.5,14.5,25.5,1.12281
9446,13.5,14.5,26.5,1.12281
9447,13.5,14.5,27.5,1.12281
9448,13.5,14.5,28.5,1.12281
9449,13.5,14.5,29.5,1.12281
9450,13.5,15.5,0.5,1.12281
9451,13.5,15.5,1.5,1.12281
9452,13.5,15.5,2.5,1.12281
9453,13.5,15.5,3.5,1.12281
9454,13.5,15.5,4.5,1.12281
9455,13.5,15.5,5.5,1.12281
9456,13.5,15.5,6.5,1.12281
9457,13.5,15.5,7.5,1.12281
9458,13.5,15.5,8.5,1.12281
9459,13.5,15.5,9.5,1.12281
9460,13.5,15.5,10.5,1.12281
9461,13.5,15.5,11.5,1.12281
9462,13.5,15.5,12.5,1.12281
9463,13.5,15.5,13.5,1.12281
9464,13.5,15.5,14.5,1.12281
9465,13.5,15.5,15.5,1.12281
9466,13.5,15.5,16.5,1.12281
9467,13.5,15.5,17.5,1.12281
9468,13.5,15.5,18.5,1.12281
9469,13.5,15.5,19.5,1.12281
9470,13.5,15.5,20.5,1.12281
9471,13.5,15.5,21.5,1.12281
9472,13.5,15.5,22.5,1.12281
9473,13.5,15.5,23.5,1.12281
9474,13.5,15.5,24.5,1.12281
9475,13.5,15.5,25.5,1.12281
9476,13.5,15.5,26.5,1.12281
9477,13.5,15.5,27.5,1.12281
9478,13.5,15.5,28.5,1.12281
9479,13.5,15.5,29.5,1.12281
9480,13.5,16.5,0.5,1.12281
9481,13.5,16.5,1.5,1.12281
9482,13.5,16.5,2.5,1.12281
9483,13.5,16.5,3.5,1.12281
9484,13.5,16.5,4.5,1.12281
9485,13.5,16.5,5.5,1.12281
9486,13.5,16.5,6.5,1.12281
9487,13.5,16.5,7.5,1.12281
9488,13.5,16.5,8.5,1.12281
9489,13.5,16.5,9.5,1.12281
9490,13.5,16.5,10.5,1.12281
9491,13.5,16.5,11.5,1.12281
9492,13.5,16.5,12.5,1.12281
9493,13.5,16.5,13.5,1.12281
9494,13.5,16.5,14.5,1.12281
9495,13.5,16.5,15.5,1.12281
9496,13.5,16.5,16.5,1.12281
9497,13.5,16.5,17.5,1.12281
9498,13.5,16.5,18.5,1.12281
9499,13.5,16.5,19.5,1.12281
9500,13.5,16.5,20.5,1.12281
9501,13.5,16.5,21.5,1.12281
9502,13.5,16.5,22.5,1.12281
9503,13.5,16.5,23.5,1.12281
9504,13.5,16.5,24.5,1.12281
9505,13.5,16.5,25.5,1.12281
9506,13.5,16.5,26.5,1.12281
9507,13.5,16.5,27.5,1.12281
9508,13.5,16.5,28.5,1.12281
9509,13.5,16.5,29.5,1.12281
9510,13.5,17.5,0.5,1.12281
9511,13.5,17.5,1.5,1.12281
9512,13.5,17.5,2.5,1.12281
9513,13.5,17.5,3.5,1.12281
9514,13.5,17.5,4.5,1.12281
9515,13.5,17.5,5.5,1.12281
9516,13.5,17.5,6.5,1.12281
9517,13.5,17.5,7.5,1.12281
9518,13.5,17.5,8.5,1.12281
9519,13.5,17.5,9.5,1.12281
9520,13.5,17.5,10.5,1.12281
9521,13.5,17.5,11.5,1.12281
9522,13.5,17.5,12.5,1.12281
9523,13.5,17.5,13.5,1.12281
9524,13.5,17.5,14.5,1.12281
9525,13.5,17.5,15.5,1.12281
9526,13.5,17.5,16.5,1.12281
9527,13.5,17.5,17.5,1.12281
9528,13.5,17.5,18.5,1.12281
9529,13.5,17.5,19.5,1.12281
9530,13.5,17.5,20.5,1.12281
9531,13.5,17.5,21.5,1.12281
9532,13.5,17.5,22.5,1.12281
9533,13.5,17.5,23.5,1.12281
9534,13.5,17.5,24.5,1.12281
9535,13.5,17.5,25.5,1.12281
9536,13.5,17.5,26.5,1.12281
9537,13.5,17.5,27.5,1.12281
9538,13.5,17.5,28.5,1.12281
9539,13.5,17.5,29.5,1.12281
9540,13.5,18.5,0.5,1.12281
9541,13.5,18.5,1.5,1.12281
9542,13.5,18.5,2.5,1.12281
9543,13.5,18.5,3.5,1.12281
9544,13.5,18.5,4.5,1.12281
9545,13.5,18.5,5.5,1.12281
9546,13.5,18.5,6.5,1.12281
9547,13.5,18.5,7.5,1.12281
9548,13.5,18.5,8.5,1.12281
9549,13.5,18.5,9.5,1.12281
9550,13.5,18.5,10.5,1.12281
9551,13.5,18.5,11.5,1.12281
9552,13.5,18.5,12.5,1.12281
9553,13.5,18.5,13.5,1.12281
9554,13.5,18.5,14.5,1.12281
9555,13.5,18.5,15.5,1.12281
9556,13.5,18.5,16.5,1.12281
9557,13.5,18.5,17.5,1.12281
9558,13.5,18.5,18.5,1.12281
9559,13.5,18.5,19.5,1.12281
9560,13.5,18.5,20.5,1.12281
9561,13.5,18.5,21.5,1.12281
9562,13.5,18.5,22.5,1.12281
9563,13.5,18.5,23.5,1.12281
9564,13.5,18.5,24.5,1.12281
9565,13.5,18.5,25.5,1.12281
9566,13.5,18.5,26.5,1.12281
9567,13.5,18.5,27.5,1.12281
9568,13.5,18.5,28.5,1.12281
9569,13.5,18.5,29.5,1.12281
9570,13.5,19.5,0.5,1.12281
9571,13.5,19.5,1.5,1.12281
9572,13.5,19.5,2.5,1.12281
9573,13.5,19.5,3.5,1.12281
9574,13.5,19.5,4.5,1.12281
9575,13.5,19.5,5.5,1.12281
9576,13.5,19.5,6.5,1.12281
9577,13.5,19.5,7.5,1.12281
9578,13.5,19.5,8.5,1.12281
9579,13.5,19.5,9.5,1.12281
9580,13.5,19.5,10.5,1.12281
9581,13.5,19.5,11.5,1.12281
9582,13.5,19.5,12.5,1.12281
9583,13.5,19.5,13.5,1.12281
9584,13.5,19.5,14.5,1.12281
9585,13.5,19.5,15.5,1.12281
9586,13.5,19.5,16.5,1.12281
9587,13.5,19.5,17.5,1.12281
9588,13.5,19.5,18.5,1.12281
9589,13.5,19.5,19.5,1.12281
9590,13.5,19.5,20.5,1.12281
9591,13.5,19.5,21.5,1.12281
9592,13.5,19.5,22.5,1.12281
9593,13.5,19.5,23.5,1.12281
9594,13.5,19.5,24.5,1.12281
9595,13.5,19.5,25.5,1.12281
9596,13.5,19.5,26.5,1.12281
9597,13.5,19.5,27.5,1.12281
9598,13.5,19.5,28.5,1.12281
9599,13.5,19.5,29.5,1.12281
9600,13.5,20.5,0.5,1.12281
9601,13.5,20.5,1.5,1.12281
9602,13.5,20.5,2.5,1.12281
9603,13.5,20.5,3.5,1.12281
9604,13.5,20.5,4.5,1.12281
9605,13.5,20.5,5.5,1.12281
9606,13.5,20.5,6.5,1.12281
9607,13.5,20.5,7.5,1.12281
9608,13.5,20.5,8.5,1.12281
9609,13.5,20.5,9.5,1.12281
9610,13.5,20.5,10.5,1.12281
9611,13.5,20.5,11.5,1.12281
9612,13.5,20.5,12.5,1.12281
9613,13.5,20.5,13.5,1.12281
9614,13.5,20.5,14.5,1.12281
9615,13.5,20.5,15.5,1.12281
9616,13.5,20.5,16.5,1.12281
9617,13.5,20.5,17.5,1.12281
9618,13.5,20.5,18.5,1.12281
9619,13.5,20.5,19.5,1.12281
9620,13.5,20.5,20.5,1.12281
9621,13.5,20.5,21.5,1.12281
9622,13.5,20.5,22.5,1.12281
9623,13.5,20.5,23.5,1.12281
9624,13.5,20.5,24.5,1.12281
9625,13.5,20.5,25.5,1.12281
9626,13.5,20.5,26.5,1.12281
9627,13.5,20.5,27.5,1.12281
9628,13.5,20.5,28.5,1.12281
9629,13.5,20.5,29.5,1.12281
9630,13.5,21.5,0.5,1.12281
9631,13.5,21.5,1.5,1.12281
9632,13.5,21.5,2.5,1.12281
9633,13.5,21.5,3.5,1.12281
9634,13.5,21.5,4.5,1.12281
9635,13.5,21.5,5.5,1.12281
9636,13.5,21.5,6.5,1.12281
9637,13.5,21.5,7.5,1.12281
9638,13.5,21.5,8.5,1.12281
9639,13.5,21.5,9.5,1.12281
9640,13.5,21.5,10.5,1.12281
9641,13.5,21.5,11.5,1.12281
9642,13.5,21.5,12.5,1.12281
9643,13.5,21.5,13.5,1.12281
9644,13.5,21.5,14.5,1.12281
9645,13.5,21.5,15.5,1.12281
9646,13.5,21.5,16.5,1.12281
9647,13.5,21.5,17.5,1.12281
9648,13.5,21.5,18.5,1.12281
9649,13.5,21.5,19.5,1.12281
9650,13.5,21.5,20.5,1.12281
9651,13.5,21.5,21.5,1.12281
9652,13.5,21.5,22.5,1.12281
9653,13.5,21.5,23.5,1.12281
9654,13.5,21.5,24.5,1.12281
9655,13.5,21.5,25.5,1.12281
9656,13.5,21.5,26.5,1.12281
9657,13.5,21.5,27.5,1.12281
9658,13.5,21.5,28.5,1.12281
9659,13.5,21.5,29.5,1.12281
9660,13.5,22.5,0.5,1.12281
9661,13.5,22.5,1.5,1.12281
9662,13.5,22.5,2.5,1.12281
9663,13.5,22.5,3.5,1.12281
9664,13.5,22.5,4.5,1.12281
9665,13.5,22.5,5.5,1.12281
9666,13.5,22.5,6.5,1.12281
9667,13.5,22.5,7.5,1.12281
9668,13.5,22.5,8.5,1.12281
9669,13.5,22.5,9.5,1.12281
9670,13.5,22.5,10.5,1.12281
9671,13.5,22.5,11.5,1.12281
9672,13.5,22.5,12.5,1.12281
9673,13.5,22.5,13.5,1.12281
9674,13.5,22.5,14.5,1.12281
9675,13.5,22.5,15.5,1.12281
9676,13.5,22.5,16.5,1.12281
9677,13.5,22.5,17.5,1.12281
9678,13.5,22.5,18.5,1.12281
9679,13.5,22.5,19.5,1.12281
9680,13.5,22.5,20.5,1.12281
9681,13.5,22.5,21.5,1.12281
9682,13.5,22.5,22.5,1.12281
9683,13.5,22.5,23.5,1.12281
9684,13.5,22.5,24.5,1.12281
9685,13.5,22.5,25.5,1.12281
9686,13.5,22.5,26.5,1.12281
9687,13.5,22.5,27.5,1.12281
9688,13.5,22.5,28.5,1.12281
9689,13.5,22.5,29.5,1.12281
9690,13.5,23.5,0.5,1.12281
9691,13.5,23.5,1.5,1.12281
9692,13.5,23.5,2.5,1.12281
9693,13.5,23.5,3.5,1.12281
9694,13.5,23.5,4.5,1.12281
9695,13.5,23.5,5.5,1.12281
9696,13.5,23.5,6.5,1.12281
9697,13.5,23.5,7.5,1.12281
9698,13.5,23.5,8.5,1.12281
9699,13.5,23.5,9.5,1.12281
9700,13.5,23.5,10.5,1.12281
9701,13.5,23.5,11.5,1.12281
9702,13.5,23.5,12.5,1.12281
9703,13.5,23.5,13.5,1.12281
9704,13.5,23.5,14.5,1.12281
9705,13.5,23.5,15.5,1.12281
9706,13.5,23.5,16.5,1.12281
9707,13.5,23.5,17.5,1.12281
9708,13.5,23.5,18.5,1.12281
9709,13.5,23.5,19.5,1.12281
9710,13.5,23.5,20.5,1.12281
9711,13.5,23.5,21.5,1.12281
9712,13.5,23.5,22.5,1.12281
9713,13.5,23.5,23.5,1.12281
9714,13.5,23.5,24.5,1.12281
9715,13.5,23.5,25.5,1.12281
9716,13.5,23.5,26.5,1.12281
9717,13.5,23.5,27.5,1.12281
9718,13.5,23.5,28.5,1.12281
9719,13.5,23.5,29.5,1.12281
9720,13.5,24.5,0.5,1.12281
9721,13.5,24.5,1.5,1.12281
9722,13.5,24.5,2.5,1.12281
9723,13.5,24.5,3.5,1.12281
9724,13.5,24.5,4.5,1.12281
9725,13.5,24.5,5.5,1.12281
9726,13.5,24.5,6.5,1.12281
9727,13.5,24.5,7.5,1.12281
9728,13.5,24.5,8.5,1.12281
9729,13.5,24.5,9.5,1.12281
9730,13.5,24.5,10.5,1.12281
9731,13.5,24.5,11.5,1.12281
9732,13.5,24.5,12.5,1.12281
9733,13.5,24.5,13.5,1.12281
9734,13.5,24.5,14.5,1.12281
9735,13.5,24.5,15.5,1.12281
9736,13.5,24.5,16.5,1.12281
9737,13.5,24.5,17.5,1.12281
9738,13.5,24.5,18.5,1.12281
9739,13.5,24.5,19.5,1.12281
9740,13.5,24.5,20.5,1.12281
9741,13.5,24.5,21.5,1.12281
9742,13.5,24.5,22.5,1.12281
9743,13.5,24.5,23.5,1.12281
9744,13.5,24.5,24.5,1.12281
9745,13.5,24.5,25.5,1.12281
9746,13.5,24.5,26.5,1.12281
9747,13.5,24.5,27.5,1.12281
9748,13.5,24.5,28.5,1.12281
9749,13.5,24.5,29.5,1.12281
9750,13.5,25.5,0.5,1.12281
9751,13.5,25.5,1.5,1.12281
9752,13.5,25.5,2.5,1.12281
9753,13.5,25.5,3.5,1.12281
9754,13.5,25.5,4.5,1.12281
9755,13.5,25.5,5.5,1.12281
9756,13.5,25.5,6.5,1.12281
9757,13.5,25.5,7.5,1.12281
9758,13.5,25.5,8.5,1.12281
9759,13.5,25.5,9.5,1.12281
9760,13.5,25.5,10.5,1.12281
9761,13.5,25.5,11.5,1.12281
9762,13.5,25.5,12.5,1.12281
9763,13.5,25.5,13.5,1.12281
9764,13.5,25.5,14.5,1.12281
9765,13.5,25.5,15.5,1.12281
9766,13.5,25.5,16.5,1.12281
9767,13.5,25.5,17.5,1.12281
9768,13.5,25.5,18.5,1.12281
9769,13.5,25.5,19.5,1.12281
9770,13.5,25.5,20.5,1.12281
9771,13.5,25.5,21.5,1.12281
9772,13.5,25.5,22.5,1.12281
9773,13.5,25.5,23.5,1.12281
9774,13.5,25.5,24.5,1.12281
9775,13.5,25.5,25.5,1.12281
9776,13.5,25.5,26.5,1.12281
9777,13.5,25.5,27.5,1.12281
9778,13.5,25.5,28.5,1.12281
9779,13.5,25.5,29.5,1.12281
9780,13.5,26.5,0.5,1.12281
9781,13.5,26.5,1.5,1.12281
9782,13.5,26.5,2.5,1.12281
9783,13.5,26.5,3.5,1.12281
9784,13.5,26.5,4.5,1.12281
9785,13.5,26.5,5.5,1.12281
9786,13.5,26.5,6.5,1.12281
9787,13.5,26.5,7.5,1.12281
9788,13.5,26.5,8.5,1.12281
9789,13.5,26.5,9.5,1.12281
9790,13.5,26.5,10.5,1.12281
9791,13.5,26.5,11.5,1.12281
9792,13.5,26.5,12.5,1.12281
9793,13.5,26.5,13.5,1.12281
9794,13.5,26.5,14.5,1.12281
9795,13.5,26.5,15.5,1.12281
9796,13.5,26.5,16.5,1.12281
9797,13.5,26.5,17.5,1.12281
9798,13.5,26.5,18.5,1.12281
9799,13.5,26.5,19.5,1.12281
9800,13.5,26.5,20.5,1.12281
9801,13.5,26.5,21.5,1.12281
9802,13.5,26.5,22.5,1.12281
9803,13.5,26.5,23.5,1.12281
9804,13.5,26.5,24.5,1.12281
9805,13.5,26.5,25.5,1.12281
9806,13.5,26.5,26.5,1.12281
9807,13.5,26.5,27.5,1.12281
9808,13.5,26.5,28.5,1.12281
9809,13.5,26.5,29.5,1.12281
9810,13.5,27.5,0.5,1.12281
9811,13.5,27.5,1.5,1.12281
9812,13.5,27.5,2.5,1.12281
9813,13.5,27.5,3.5,1.12281
9814,13.5,27.5,4.5,1.12281
9815,13.5,27.5,5.5,1.12281
9816,13.5,27.5,6.5,1.12281
9817,13.5,27.5,7.5,1.12281
9818,13.5,27.5,8.5,1.12281
9819,13.5,27.5,9.5,1.12281
9820,13.5,27.5,10.5,1.12281
9821,13.5,27.5,11.5,1.12281
9822,13.5,27.5,12.5,1.12281
9823,13.5,27.5,13.5,1.12281
9824,13.5,27.5,14.5,1.12281
9825,13.5,27.5,15.5,1.12281
9826,13.5,27.5,16.5,1.12281
9827,13.5,27.5,17.5,1.12281
9828,13.5,27.5,18.5,1.12281
9829,13.5,27.5,19.5,1.12281
9830,13.5,27.5,20.5,1.12281
9831,13.5,27.5,21.5,1.12281
9832,13.5,27.5,22.5,1.12281
9833,13.5,27.5,23.5,1.12281
9834,13.5,27.5,24.5,1.12281
9835,13.5,27.5,25.5,1.12281
9836,13.5,27.5,26.5,1.12281
9837,13.5,27.5,27.5,1.12281
9838,13.5,27.5,28.5,1.12281
9839,13.5,27.5,29.5,1.12281
9840,13.5,28.5,0.5,1.12281
9841,13.5,28.5,1.5,1.12281
9842,13.5,28.5,2.5,1.12281
9843,13.5,28.5,3.5,1.12281
9844,13.5,28.5,4.5,1.12281
9845,13.5,28.5,5.5,1.12281
9846,13.5,28.5,6.5,1.12281
9847,13.5,28.5,7.5,1.12281
9848,13.5,28.5,8.5,1.12281
9849,13.5,28.5,9.5,1.12281
9850,13.5,28.5,10.5,1.12281
9851,13.5,28.5,11.5,1.12281
9852,13.5,28.5,12.5,1.12281
9853,13.5,28.5,13.5,1.12281
9854,13.5,28.5,14.5,1.12281
9855,13.5,28.5,15.5,1.12281
9856,13.5,28.5,16.5,1.12281
9857,13.5,28.5,17.5,1.12281
9858,13.5,28.5,18.5,1.12281
9859,13.5,28.5,19.5,1.12281
9860,13.5,28.5,20.5,1.12281
9861,13.5,28.5,21.5,1.12281
9862,13.5,28.5,22.5,1.12281
9863,13.5,28.5,23.5,1.12281
9864,13.5,28.5,24.5,1.12281
9865,13.5,28.5,25.5,1.12281
9866,13.5,28.5,26.5,1.12281
9867,13.5,28.5,27.5,1.12281
9868,13.5,28.5,28.5,1.12281
9869,13.5,28.5,29.5,1.12281
9870,13.5,29.5,0.5,1.12281
9871,13.5,29.5,1.5,1.12281
9872,13.5,29.5,2.5,1.12281
9873,13.5,29.5,3.5,1.12281
9874,13.5,29.5,4.5,1.12281
9875,13.5,29.5,5.5,1.12281
9876,13.5,29.5,6.5,1.12281
9877,13.5,29.5,7.5,1.12281
9878,13.5,29.5,8.5,1.12281
9879,13.5,29.5,9.5,1.12281
9880,13.5,29.5,10.5,1.12281
9881,13.5,29.5,11.5,1.12281
9882,13.5,29.5,12.5,1.12281
9883,13.5,29.5,13.5,1.12281
9884,13.5,29.5,14.5,1.12281
9885,13.5,29.5,15.5,1.12281
9886,13.5,29.5,16.5,1.12281
9887,13.5,29.5,17.5,1.12281
9888,13.5,29.5,18.5,1.12281
9889,13.5,29.5,19.5,1.12281
9890,13.5,29.5,20.5,1.12281
9891,13.5,29.5,21.5,1.12281
9892,13.5,29.5,22.5,1.12281
9893,13.5,29.5,23.5,1.12281
9894,13.5,29.5,24.5,1.12281
9895,13.5,29.5,25.5,1.12281
9896,13.5,29.5,26.5,1.12281
9897,13.5,29.5,27.5,1.12281
9898,13.5,29.5,28.5,1.12281
9899,13.5,29.5,29.5,1.12281
9900,13.5,30.5,0.5,1.12281
9901,13.5,30.5,1.5,1.12281
9902,13.5,30.5,2.5,1.12281
9903,13.5,30.5,3.5,1.12281
9904,13.5,30.5,4.5,1.12281
9905,13.5,30.5,5.5,1.12281
9906,13.5,30.5,6.5,1.12281
9907,13.5,30.5,7.5,1.12281
9908,13.5,30.5,8.5,1.12281
9909,13.5,30.5,9.5,1.12281
9910,13.5,30.5,10.5,1.12281
9911,13.5,30.5,11.5,1.12281
9912,13.5,30.5,12.5,1.12281
9913,13.5,30.5,13.5,1.12281
9914,13.5,30.5,14.5,1.12281
9915,13.5,30.5,15.5,1.12281
9916,13.5,30.5,16.5,1.12281
9917,13.5,30.5,17.5,1.12281
9918,13.5,30.5,18.5,1.12281
9919,13.5,30.5,19.5,1.12281
9920,13.5,30.5,20.5,1.12281
9921,13.5,30.5,21.5,1.12281
9922,13.5,30.5,22.5,1.12281
9923,13.5,30.5,23.5,1.12281
9924,13.5,30.5,24.5,1.12281
9925,13.5,30.5,25.5,1.12281
9926,13.5,30.5,26.5,1.12281
9927,13.5,30.5,27.5,1.12281
9928,13.5,30.5,28.5,1.12281
9929,13.5,30.5,29.5,1.12281
9930,13.5,31.5,0.5,1.12281
9931,13.5,31.5,1.5,1.12281
9932,13.5,31.5,2.5,1.12281
9933,13.5,31.5,3.5,1.12281
9934,13.5,31.5,4.5,1.12281
9935,13.5,31.5,5.5,1.12281
9936,13.5,31.5,6.5,1.12281
9937,13.5,31.5,7.5,1.12281
9938,13.5,31.5,8.5,1.12281
9939,13.5,31.5,9.5,1.12281
9940,13.5,31.5,10.5,1.12281
9941,13.5,31.5,11.5,1.12281
9942,13.5,31.5,12.5,1.12281
9943,13.5,31.5,13.5,1.12281
9944,13.5,31.5,14.5,1.12281
9945,13.5,31.5,15.5,1.12281
9946,13.5,31.5,16.5,1.12281
9947,13.5,31.5,17.5,1.12281
9948,13.5,31.5,18.5,1.12281
9949,13.5,31.5,19.5,1.12281
9950,13.5,31.5,20.5,1.12281
9951,13.5,31.5,21.5,1.12281
9952,13.5,31.5,22.5,1.12281
9953,13.5,31.5,23.5,1.12281
9954,13.5,31.5,24.5,1.12281
9955,13.5,31.5,25.5,1.12281
9956,13.5,31.5,26.5,1.12281
9957,13.5,31.5,27.5,1.12281
9958,13.5,31.5,28.5,1.12281
9959,13.5,31.5,29.5,1.12281
9960,13.5,32.5,0.5,1.12281
9961,13.5,32.5,1.5,1.12281
9962,13.5,32.5,2.5,1.12281
9963,13.5,32.5,3.5,1.12281
9964,13.5,32.5,4.5,1.12281
9965,13.5,32.5,5.5,1.12281
9966,13.5,32.5,6.5,1.12281
9967,13.5,32.5,7.5,1.12281
9968,13.5,32.5,8.5,1.12281
9969,13.5,32.5,9.5,1.12281
9970,13.5,32.5,10.5,1.12281
9971,13.5,32.5,11.5,1.12281
9972,13.5,32.5,12.5,1.12281
9973,13.5,32.5,13.5,1.12281
9974,13.5,32.5,14.5,1.12281
9975,13.5,32.5,15.5,1.12281
9976,13.5,32.5,16.5,1.12281
9977,13.5,32.5,17.5,1.12281
9978,13.5,32.5,18.5,1.12281
9979,13.5,32.5,19.5,1.12281
9980,13.5,32.5,20.5,1.12281
9981,13.5,32.5,21.5,1.12281
9982,13.5,32.5,22.5,1.12281
9983,13.5,32.5,23.5,1.12281
9984,13.5,32.5,24.5,1.12281
9985,13.5,32.5,25.5,1.12281
9986,13.5,32.5,26.5,1.12281
9987,13.5,32.5,27.5,1.12281
9988,13.5,32.5,28.5,1.12281
9989,13.5,32.5,29.5,1.12281
9990,13.5,33.5,0.5,1.12281
9991,13.5,33.5,1.5,1.12281
9992,13.5,33.5,2.5,1.12281
9993,13.5,33.5,3.5,1.12281
9994,13.5,33.5,4.5,1.12281
9995,13.5,33.5,5.5,1.12281
9996,13.5,33.5,6.5,1.12281
9997,13.5,33.5,7.5,1.12281
9998,13.5,33.5,8.5,1.12281
9999,13.5,33.5,9.5,1.12281
10000,13.5,33.5,10.5,1.12281
10001,13.5,33.5,11.5,1.12281
10002,13.5,33.5,12.5,1.12281
10003,13.5,33.5,13.5,1.12281
10004,13.5,33.5,14.5,1.12281
10005,13.5,33.5,15.5,1.12281
10006,13.5,33.5,16.5,1.12281
10007,13.5,33.5,17.5,1.12281
10008,13.5,33.5,18.5,1.12281
10009,13.5,33.5,19.5,1.12281
10010,13.5,33.5,20.5,1.12281
10011,13.5,33.5,21.5,1.12281
10012,13.5,33.5,22.5,1.12281
10013,13.5,33.5,23.5,1.12281
10014,13.5,33.5,24.5,1.12281
10015,13.5,33.5,25.5,1.12281
10016,13.5,33.5,26.5,1.12281
10017,13.5,33.5,27.5,1.12281
10018,13.5,33.5,28.5,1.12281
10019,13.5,33.5,29.5,1.12281
10020,13.5,34.5,0.5,1.12281
10021,13.5,34.5,1.5,1.12281
10022,13.5,34.5,2.5,1.12281
10023,13.5,34.5,3.5,1.12281
10024,13.5,34.5,4.5,1.12281
10025,13.5,34.5,5.5,1.12281
10026,13.5,34.5,6.5,1.12281
10027,13.5,34.5,7.5,1.12281
10028,13.5,34.5,8.5,1.12281
10029,13.5,34.5,9.5,1.12281
10030,13.5,34.5,10.5,1.12281
10031,13.5,34.5,11.5,1.12281
10032,13.5,34.5,12.5,1.12281
10033,13.5,34.5,13.5,1.12281
10034,13.5,34.5,14.5,1.12281
10035,13.5,34.5,15.5,1.12281
10036,13.5,34.5,16.5,1.12281
10037,13.5,34.5,17.5,1.12281
10038,13.5,34.5,18.5,1.12281
10039,13.5,34.5,19.5,1.12281
10040,13.5,34.5,20.5,1.12281
10041,13.5,34.5,21.5,1.12281
10042,13.5,34.5,22.5,1.12281
10043,13.5,34.5,23.5,1.12281
10044,13.5,34.5,24.5,1.12281
10045,13.5,34.5,25.5,1.12281
10046,13.5,34.5,26.5,1.12281
10047,13.5,34.5,27.5,1.12281
10048,13.5,34.5,28.5,1.12281
10049,13.5,34.5,29.5,1.12281
10050,13.5,35.5,0.5,1.12281
10051,13.5,35.5,1.5,1.12281
10052,13.5,35.5,2.5,1.12281
10053,13.5,35.5,3.5,1.12281
10054,13.5,35.5,4.5,1.12281
10055,13.5,35.5,5.5,1.12281
10056,13.5,35.5,6.5,1.12281
10057,13.5,35.5,7.5,1.12281
10058,13.5,35.5,8.5,1.12281
10059,13.5,35.5,9.5,1.12281
10060,13.5,35.5,10.5,1.12281
10061,13.5,35.5,11.5,1.12281
10062,13.5,35.5,12.5,1.12281
10063,13.5,35.5,13.5,1.12281
10064,13.5,35.5,14.5,1.12281
10065,13.5,35.5,15.5,1.12281
10066,13.5,35.5,16.5,1.12281
10067,13.5,35.5,17.5,1.12281
10068,13.5,35.5,18.5,1.12281
10069,13.5,35.5,19.5,1.12281
10070,13.5,35.5,20.5,1.12281
10071,13.5,35.5,21.5,1.12281
10072,13.5,35.5,22.5,1.12281
10073,13.5,35.5,23.5,1.12281
10074,13.5,35.5,24.5,1.12281
10075,13.5,35.5,25.5,1.12281
10076,13.5,35.5,26.5,1.12281
10077,13.5,35.5,27.5,1.12281
10078,13.5,35.5,28.5,1.12281
10079,13.5,35.5,29.5,1.12281
10080,14.5,0.5,0.5,1.12281
10081,14.5,0.5,1.5,1.12281
10082,14.5,0.5,2.5,1.12281
10083,14.5,0.5,3.5,1.12281
10084,14.5,0.5,4.5,1.12281
10085,14.5,0.5,5.5,1.12281
10086,14.5,0.5,6.5,1.12281
10087,14.5,0.5,7.5,1.12281
10088,14.5,0.5,8.5,1.12281
10089,14.5,0.5,9.5,1.12281
10090,14.5,0.5,10.5,1.12281
10091,14.5,0.5,11.5,1.12281
10092,14.5,0.5,12.5,1.12281
10093,14.5,0.5,13.5,1.12281
10094,14.5,0.5,14.5,1.12281
10095,14.5,0.5,15.5,1.12281
10096,14.5,0.5,16.5,1.12281
10097,14.5,0.5,17.5,1.12281
10098,14.5,0.5,18.5,1.12281
10099,14.5,0.5,19.5,1.12281
10100,14.5,0.5,20.5,1.12281
10101,14.5,0.5,21.5,1.12281
10102,14.5,0.5,22.5,1.12281
10103,14.5,0.5,23.5,1.12281
10104,14.5,0.5,24.5,1.12281
10105,14.5,0.5,25.5,1.12281
10106,14.5,0.5,26.5,1.12281
10107,14.5,0.5,27.5,1.12281
10108,14.5,0.5,28.5,1.12281
10109,14.5,0.5,29.5,1.12281
10110,14.5,1.5,0.5,1.12281
10111,14.5,1.5,1.5,1.12281
10112,14.5,1.5,2.5,1.12281
10113,14.5,1.5,3.5,1.12281
10114,14.5,1.5,4.5,1.12281
10115,14.5,1.5,5.5,1.12281
10116,14.5,1.5,6.5,1.12281
10117,14.5,1.5,7.5,1.12281
10118,14.5,1.5,8.5,1.12281
10119,14.5,1.5,9.5,1.12281
10120,14.5,1.5,10.5,1.12281
10121,14.5,1.5,11.5,1.12281
10122,14.5,1.5,12.5,1.12281
10123,14.5,1.5,13.5,1.12281
10124,14.5,1.5,14.5,1.12281
10125,14.5,1.5,15.5,1.12281
10126,14.5,1.5,16.5,1.12281
10127,14.5,1.5,17.5,1.12281
10128,14.5,1.5,18.5,1.12281
10129,14.5,1.5,19.5,1.12281
10130,14.5,1.5,20.5,1.12281
10131,14.5,1.5,21.5,1.12281
10132,14.5,1.5,22.5,1.12281
10133,14.5,1.5,23.5,1.12281
10134,14.5,1.5,24.5,1.12281
10135,14.5,1.5,25.5,1.12281
10136,14.5,1.5,26.5,1.12281
10137,14.5,1.5,27.5,1.12281
10138,14.5,1.5,28.5,1.12281
10139,14.5,1.5,29.5,1.12281
10140,14.5,2.5,0.5,1.12281
10141,14.5,2.5,1.5,1.12281
10142,14.5,2.5,2.5,1.12281
10143,14.5,2.5,3.5,1.12281
10144,14.5,2.5,4.5,1.12281
10145,14.5,2.5,5.5,1.12281
10146,14.5,2.5,6.5,1.12281
10147,14.5,2.5,7.5,1.12281
10148,14.5,2.5,8.5,1.12281
10149,14.5,2.5,9.5,1.12281
10150,14.5,2.5,10.5,1.12281
10151,14.5,2.5,11.5,1.12281
10152,14.5,2.5,12.5,1.12281
10153,14.5,2.5,13.5,1.12281
10154,14.5,2.5,14.5,1.12281
10155,14.5,2.5,15.5,1.12281
10156,14.5,2.5,16.5,1.12281
10157,14.5,2.5,17.5,1.12281
10158,14.5,2.5,18.5,1.12281
10159,14.5,2.5,19.5,1.12281
10160,14.5,2.5,20.5,1.12281
10161,14.5,2.5,21.5,1.12281
10162,14.5,2.5,22.5,1.12281
10163,14.5,2.5,23.5,1.12281
10164,14.5,2.5,24.5,1.12281
10165,14.5,2.5,25.5,1.12281
10166,14.5,2.5,26.5,1.12281
10167,14.5,2.5,27.5,1.12281
10168,14.5,2.5,28.5,1.12281
10169,14.5,2.5,29.5,1.12281
10170,14.5,3.5,0.5,1.12281
10171,14.5,3.5,1.5,1.12281
10172,14.5,3.5,2.5,1.12281
10173,14.5,3.5,3.5,1.12281
10174,14.5,3.5,4.5,1.12281
10175,14.5,3.5,5.5,1.12281
10176,14.5,3.5,6.5,1.12281
10177,14.5,3.5,7.5,1.12281
10178,14.5,3.5,8.5,1.12281
10179,14.5,3.5,9.5,1.12281
10180,14.5,3.5,10.5,1.12281
10181,14.5,3.5,11.5,1.12281
10182,14.5,3.5,12.5,1.12281
10183,14.5,3.5,13.5,1.12281
10184,14.5,3.5,14.5,1.12281
10185,14.5,3.5,15.5,1.12281
10186,14.5,3.5,16.5,1.12281
10187,14.5,3.5,17.5,1.12281
10188,14.5,3.5,18.5,1.12281
10189,14.5,3.5,19.5,1.12281
10190,14.5,3.5,20.5,1.12281
10191,14.5,3.5,21.5,1.12281
10192,14.5,3.5,22.5,1.12281
10193,14.5,3.5,23.5,1.12281
10194,14.5,3.5,24.5,1.12281
10195,14.5,3.5,25.5,1.12281
10196,14.5,3.5,26.5,1.12281
10197,14.5,3.5,27.5,1.12281
10198,14.5,3.5,28.5,1.12281
10199,14.5,3.5,29.5,1.12281
10200,14.5,4.5,0.5,1.12281
10201,14.5,4.5,1.5,1.12281
10202,14.5,4.5,2.5,1.12281
10203,14.5,4.5,3.5,1.12281
10204,14.5,4.5,4.5,1.12281
10205,14.5,4.5,5.5,1.12281
10206,14.5,4.5,6.5,1.12281
10207,14.5,4.5,7.5,1.12281
10208,14.5,4.5,8.5,1.12281
10209,14.5,4.5,9.5,1.12281
10210,14.5,4.5,10.5,1.12281
10211,14.5,4.5,11.5,1.12281
10212,14.5,4.5,12.5,1.12281
10213,14.5,4.5,13.5,1.12281
10214,14.5,4.5,14.5,1.12281
10215,14.5,4.5,15.5,1.12281
10216,14.5,4.5,16.5,1.12281
10217,14.5,4.5,17.5,1.12281
10218,14.5,4.5,18.5,1.12281
10219,14.5,4.5,19.5,1.12281
10220,14.5,4.5,20.5,1.12281
10221,14.5,4.5,21.5,1.12281
10222,14.5,4.5,22.5,1.12281
10223,14.5,4.5,23.5,1.12281
10224,14.5,4.5,24.5,1.12281
10225,14.5,4.5,25.5,1.12281
10226,14.5,4.5,26.5,1.12281
10227,14.5,4.5,27.5,1.12281
10228,14.5,4.5,28.5,1.12281
10229,14.5,4.5,29.5,1.12281
10230,14.5,5.5,0.5,1.12281
10231,14.5,5.5,1.5,1.12281
10232,14.5,5.5,2.5,1.12281
10233,14.5,5.5,3.5,1.12281
10234,14.5,5.5,4.5,1.12281
10235,14.5,5.5,5.5,1.12281
10236,14.5,5.5,6.5,1.12281
10237,14.5,5.5,7.5,1.12281
10238,14.5,5.5,8.5,1.12281
10239,14.5,5.5,9.5,1.12281
10240,14.5,5.5,10.5,1.12281
10241,14.5,5.5,11.5,1.12281
10242,14.5,5.5,12.5,1.12281
10243,14.5,5.5,13.5,1.12281
10244,14.5,5.5,14.5,1.12281
10245,14.5,5.5,15.5,1.12281
10246,14.5,5.5,16.5,1.12281
10247,14.5,5.5,17.5,1.12281
10248,14.5,5.5,18.5,1.12281
10249,14.5,5.5,19.5,1.12281
10250,14.5,5.5,20.5,1.12281
10251,14.5,5.5,21.5,1.12281
10252,14.5,5.5,22.5,1.12281
10253,14.5,5.5,23.5,1.12281
10254,14.5,5.5,24.5,1.12281
10255,14.5,5.5,25.5,1.12281
10256,14.5,5.5,26.5,1.12281
10257,14.5,5.5,27.5,1.12281
10258,14.5,5.5,28.5,1.12281
10259,14.5,5.5,29.5,1.12281
10260,14.5,6.5,0.5,1.12281
10261,14.5,6.5,1.5,1.12281
10262,14.5,6.5,2.5,1.12281
10263,14.5,6.5,3.5,1.12281
10264,14.5,6.5,4.5,1.12281
10265,14.5,6.5,5.5,1.12281
10266,14.5,6.5,6.5,1.12281
10267,14.5,6.5,7.5,1.12281
10268,14.5,6.5,8.5,1.12281
10269,14.5,6.5,9.5,1.12281
10270,14.5,6.5,10.5,1.12281
10271,14.5,6.5,11.5,1.12281
10272,14.5,6.5,12.5,1.12281
10273,14.5,6.5,13.5,1.12281
10274,14.5,6.5,14.5,1.12281
10275,14.5,6.5,15.5,1.12281
10276,14.5,6.5,16.5,1.12281
10277,14.5,6.5,17.5,1.12281
10278,14.5,6.5,18.5,1.12281
10279,14.5,6.5,19.5,1.12281
10280,14.5,6.5,20.5,1.12281
10281,14.5,6.5,21.5,1.12281
10282,14.5,6.5,22.5,1.12281
10283,14.5,6.5,23.5,1.12281
10284,14.5,6.5,24.5,1.12281
10285,14.5,6.5,25.5,1.12281
10286,14.5,6.5,26.5,1.12281
10287,14.5,6.5,27.5,1.12281
10288,14.5,6.5,28.5,1.12281
10289,14.5,6.5,29.5,1.12281
10290,14.5,7.5,0.5,1.12281
10291,14.5,7.5,1.5,1.12281
10292,14.5,7.5,2.5,1.12281
10293,14.5,7.5,3.5,1.12281
10294,14.5,7.5,4.5,1.12281
10295,14.5,7.5,5.5,1.12281
10296,14.5,7.5,6.5,1.12281
10297,14.5,7.5,7.5,1.12281
10298,14.5,7.5,8.5,1.12281
10299,14.5,7.5,9.5,1.12281
10300,14.5,7.5,10.5,1.12281
10301,14.5,7.5,11.5,1.12281
10302,14.5,7.5,12.5,1.12281
10303,14.5,7.5,13.5,1.12281
10304,14.5,7.5,14.5,1.12281
10305,14.5,7.5,15.5,1.12281
10306,14.5,7.5,16.5,1.12281
10307,14.5,7.5,17.5,1.12281
10308,14.5,7.5,18.5,1.12281
10309,14.5,7.5,19.5,1.12281
10310,14.5,7.5,20.5,1.12281
10311,14.5,7.5,21.5,1.12281
10312,14.5,7.5,22.5,1.12281
10313,14.5,7.5,23.5,1.12281
10314,14.5,7.5,24.5,1.12281
10315,14.5,7.5,25.5,1.12281
10316,14.5,7.5,26.5,1.12281
10317,14.5,7.5,27.5,1.12281
10318,14.5,7.5,28.5,1.12281
10319,14.5,7.5,29.5,1.12281
10320,14.5,8.5,0.5,1.12281
10321,14.5,8.5,1.5,1.12281
10322,14.5,8.5,2.5,1.12281
10323,14.5,8.5,3.5,1.12281
10324,14.5,8.5,4.5,1.12281
10325,14.5,8.5,5.5,1.12281
10326,14.5,8.5,6.5,1.12281
10327,14.5,8.5,7.5,1.12281
10328,14.5,8.5,8.5,1.12281
10329,14.5,8.5,9.5,1.12281
10330,14.5,8.5,10.5,1.12281
10331,14.5,8.5,11.5,1.12281
10332,14.5,8.5,12.5,1.12281
10333,14.5,8.5,13.5,1.12281
10334,14.5,8.5,14.5,1.12281
10335,14.5,8.5,15.5,1.12281
10336,14.5,8.5,16.5,1.12281
10337,14.5,8.5,17.5,1.12281
10338,14.5,8.5,18.5,1.12281
10339,14.5,8.5,19.5,1.12281
10340,14.5,8.5,20.5,1.12281
10341,14.5,8.5,21.5,1.12281
10342,14.5,8.5,22.5,1.12281
10343,14.5,8.5,23.5,1.12281
10344,14.5,8.5,24.5,1.12281
10345,14.5,8.5,25.5,1.12281
10346,14.5,8.5,26.5,1.12281
10347,14.5,8.5,27.5,1.12281
10348,14.5,8.5,28.5,1.12281
10349,14.5,8.5,29.5,1.12281
10350,14.5,9.5,0.5,1.12281
10351,14.5,9.5,1.5,1.12281
10352,14.5,9.5,2.5,1.12281
10353,14.5,9.5,3.5,1.12281
10354,14.5,9.5,4.5,1.12281
10355,14.5,9.5,5.5,1.12281
10356,14.5,9.5,6.5,1.12281
10357,14.5,9.5,7.5,1.12281
10358,14.5,9.5,8.5,1.12281
10359,14.5,9.5,9.5,1.12281
10360,14.5,9.5,10.5,1.12281
10361,14.5,9.5,11.5,1.12281
10362,14.5,9.5,12.5,1.12281
10363,14.5,9.5,13.5,1.12281
10364,14.5,9.5,14.5,1.12281
10365,14.5,9.5,15.5,1.12281
10366,14.5,9.5,16.5,1.12281
10367,14.5,9.5,17.5,1.12281
10368,14.5,9.5,18.5,1.12281
10369,14.5,9.5,19.5,1.12281
10370,14.5,9.5,20.5,1.12281
10371,14.5,9.5,21.5,1.12281
10372,14.5,9.5,22.5,1.12281
10373,14.5,9.5,23.5,1.12281
10374,14.5,9.5,24.5,1.12281
10375,14.5,9.5,25.5,1.12281
10376,14.5,9.5,26.5,1.12281
10377,14.5,9.5,27.5,1.12281
10378,14.5,9.5,28.5,1.12281
10379,14.5,9.5,29.5,1.12281
10380,14.5,10.5,0.5,1.12281
10381,14.5,10.5,1.5,1.12281
10382,14.5,10.5,2.5,1.12281
10383,14.5,10.5,3.5,1.12281
10384,14.5,10.5,4.5,1.12281
10385,14.5,10.5,5.5,1.12281
10386,14.5,10.5,6.5,1.12281
10387,14.5,10.5,7.5,1.12281
10388,14.5,10.5,8.5,1.12281
10389,14.5,10.5,9.5,1.12281
10390,14.5,10.5,10.5,1.12281
10391,14.5,10.5,11.5,1.12281
10392,14.5,10.5,12.5,1.12281
10393,14.5,10.5,13.5,1.12281
10394,14.5,10.5,14.5,1.12281
10395,14.5,10.5,15.5,1.12281
10396,14.5,10.5,16.5,1.12281
10397,14.5,10.5,17.5,1.12281
10398,14.5,10.5,18.5,1.12281
10399,14.5,10.5,19.5,1.12281
10400,14.5,10.5,20.5,1.12281
10401,14.5,10.5,21.5,1.12281
10402,14.5,10.5,22.5,1.12281
10403,14.5,10.5,23.5,1.12281
10404,14.5,10.5,24.5,1.12281
10405,14.5,10.5,25.5,1.12281
10406,14.5,10.5,26.5,1.12281
10407,14.5,10.5,27.5,1.12281
10408,14.5,10.5,28.5,1.12281
10409,14.5,10.5,29.5,1.12281
10410,14.5,11.5,0.5,1.12281
10411,14.5,11.5,1.5,1.12281
10412,14.5,11.5,2.5,1.12281
10413,14.5,11.5,3.5,1.12281
10414,14.5,11.5,4.5,1.12281
10415,14.5,11.5,5.5,1.12281
10416,14.5,11.5,6.5,1.12281
10417,14.5,11.5,7.5,1.12281
10418,14.5,11.5,8.5,1.12281
10419,14.5,11.5,9.5,1.12281
10420,14.5,11.5,10.5,1.12281
10421,14.5,11.5,11.5,1.12281
10422,14.5,11.5,12.5,1.12281
10423,14.5,11.5,13.5,1.12281
10424,14.5,11.5,14.5,1.12281
10425,14.5,11.5,15.5,1.12281
10426,14.5,11.5,16.5,1.12281
10427,14.5,11.5,17.5,1.12281
10428,14.5,11.5,18.5,1.12281
10429,14.5,11.5,19.5,1.12281
10430,14.5,11.5,20.5,1.12281
10431,14.5,11.5,21.5,1.12281
10432,14.5,11.5,22.5,1.12281
10433,14.5,11.5,23.5,1.12281
10434,14.5,11.5,24.5,1.12281
10435,14.5,11.5,25.5,1.12281
10436,14.5,11.5,26.5,1.12281
10437,14.5,11.5,27.5,1.12281
10438,14.5,11.5,28.5,1.12281
10439,14.5,11.5,29.5,1.12281
10440,14.5,12.5,0.5,1.12281
10441,14.5,12.5,1.5,1.12281
10442,14.5,12.5,2.5,1.12281
10443,14.5,12.5,3.5,1.12281
10444,14.5,12.5,4.5,1.12281
10445,14.5,12.5,5.5,1.12281
10446,14.5,12.5,6.5,1.12281
10447,14.5,12.5,7.5,1.12281
10448,14.5,12.5,8.5,1.12281
10449,14.5,12.5,9.5,1.12281
10450,14.5,12.5,10.5,1.12281
10451,14.5,12.5,11.5,1.12281
10452,14.5,12.5,12.5,1.12281
10453,14.5,12.5,13.5,1.12281
10454,14.5,12.5,14.5,1.12281
10455,14.5,12.5,15.5,1.12281
10456,14.5,12.5,16.5,1.12281
10457,14.5,12.5,17.5,1.12281
10458,14.5,12.5,18.5,1.12281
10459,14.5,12.5,19.5,1.12281
10460,14.5,12.5,20.5,1.12281
10461,14.5,12.5,21.5,1.12281
10462,14.5,12.5,22.5,1.12281
10463,14.5,12.5,23.5,1.12281
10464,14.5,12.5,24.5,1.12281
10465,14.5,12.5,25.5,1.12281
10466,14.5,12.5,26.5,1.12281
10467,14.5,12.5,27.5,1.12281
10468,14.5,12.5,28.5,1.12281
10469,14.5,12.5,29.5,1.12281
10470,14.5,13.5,0.5,1.12281
10471,14.5,13.5,1.5,1.12281
10472,14.5,13.5,2.5,1.12281
10473,14.5,13.5,3.5,1.12281
10474,14.5,13.5,4.5,1.12281
10475,14.5,13.5,5.5,1.12281
10476,14.5,13.5,6.5,1.12281
10477,14.5,13.5,7.5,1.12281
10478,14.5,13.5,8.5,1.12281
10479,14.5,13.5,9.5,1.12281
10480,14.5,13.5,10.5,1.12281
10481,14.5,13.5,11.5,1.12281
10482,14.5,13.5,12.5,1.12281
10483,14.5,13.5,13.5,1.12281
10484,14.5,13.5,14.5,1.12281
10485,14.5,13.5,15.5,1.12281
10486,14.5,13.5,16.5,1.12281
10487,14.5,13.5,17.5,1.12281
10488,14.5,13.5,18.5,1.12281
10489,14.5,13.5,19.5,1.12281
10490,14.5,13.5,20.5,1.12281
10491,14.5,13.5,21.5,1.12281
10492,14.5,13.5,22.5,1.12281
10493,14.5,13.5,23.5,1.12281
10494,14.5,13.5,24.5,1.12281
10495,14.5,13.5,25.5,1.12281
10496,14.5,13.5,26.5,1.12281
10497,14.5,13.5,27.5,1.12281
10498,14.5,13.5,28.5,1.12281
10499,14.5,13.5,29.5,1.12281
10500,14.5,14.5,0.5,1.12281
10501,14.5,14.5,1.5,1.12281
10502,14.5,14.5,2.5,1.12281
10503,14.5,14.5,3.5,1.12281
10504,14.5,14.5,4.5,1.12281
10505,14.5,14.5,5.5,1.12281
10506,14.5,14.5,6.5,1.12281
10507,14.5,14.5,7.5,1.12281
10508,14.5,14.5,8.5,1.12281
10509,14.5,14.5,9.5,1.12281
10510,14.5,14.5,10.5,1.12281
10511,14.5,14.5,11.5,1.12281
10512,14.5,14.5,12.5,1.12281
10513,14.5,14.5,13.5,1.12281
10514,14.5,14.5,14.5,1.12281
10515,14.5,14.5,15.5,1.12281
10516,14.5,14.5,16.5,1.12281
10517,14.5,14.5,17.5,1.12281
10518,14.5,14.5,18.5,1.12281
10519,14.5,14.5,19.5,1.12281
10520,14.5,14.5,20.5,1.12281
10521,14.5,14.5,21.5,1.12281
10522,14.5,14.5,22.5,1.12281
10523,14.5,14.5,23.5,1.12281
10524,14.5,14.5,24.5,1.12281
10525,14.5,14.5,25.5,1.12281
10526,14.5,14.5,26.5,1.12281
10527,14.5,14.5,27.5,1.12281
10528,14.5,14.5,28.5,1.12281
10529,14.5,14.5,29.5,1.12281
10530,14.5,15.5,0.5,1.12281
10531,14.5,15.5,1.5,1.12281
10532,14.5,15.5,2.5,1.12281
10533,14.5,15.5,3.5,1.12281
10534,14.5,15.5,4.5,1.12281
10535,14.5,15.5,5.5,1.12281
10536,14.5,15.5,6.5,1.12281
10537,14.5,15.5,7.5,1.12281
10538,14.5,15.5,8.5,1.12281
10539,14.5,15.5,9.5,1.12281
10540,14.5,15.5,10.5,1.12281
10541,14.5,15.5,11.5,1.12281
10542,14.5,15.5,12.5,1.12281
10543,14.5,15.5,13.5,1.12281
10544,14.5,15.5,14.5,1.12281
10545,14.5,15.5,15.5,1.12281
10546,14.5,15.5,16.5,1.12281
10547,14.5,15.5,17.5,1.12281
10548,14.5,15.5,18.5,1.12281
10549,14.5,15.5,19.5,1.12281
10550,14.5,15.5,20.5,1.12281
10551,14.5,15.5,21.5,1.12281
10552,14.5,15.5,22.5,1.12281
10553,14.5,15.5,23.5,1.12281
10554,14.5,15.5,24.5,1.12281
10555,14.5,15.5,25.5,1.12281
10556,14.5,15.5,26.5,1.12281
10557,14.5,15.5,27.5,1.12281
10558,14.5,15.5,28.5,1.12281
10559,14.5,15.5,29.5,1.12281
10560,14.5,16.5,0.5,1.12281
10561,14.5,16.5,1.5,1.12281
10562,14.5,16.5,2.5,1.12281
10563,14.5,16.5,3.5,1.12281
10564,14.5,16.5,4.5,1.12281
10565,14.5,16.5,5.5,1.12281
10566,14.5,16.5,6.5,1.12281
10567,14.5,16.5,7.5,1.12281
10568,14.5,16.5,8.5,1.12281
10569,14.5,16.5,9.5,1.12281
10570,14.5,16.5,10.5,1.12281
10571,14.5,16.5,11.5,1.12281
10572,14.5,16.5,12.5,1.12281
10573,14.5,16.5,13.5,1.12281
10574,14.5,16.5,14.5,1.12281
10575,14.5,16.5,15.5,1.12281
10576,14.5,16.5,16.5,1.12281
10577,14.5,16.5,17.5,1.12281
10578,14.5,16.5,18.5,1.12281
10579,14.5,16.5,19.5,1.12281
10580,14.5,16.5,20.5,1.12281
10581,14.5,16.5,21.5,1.12281
10582,14.5,16.5,22.5,1.12281
10583,14.5,16.5,23.5,1.12281
10584,14.5,16.5,24.5,1.12281
10585,14.5,16.5,25.5,1.12281
10586,14.5,16.5,26.5,1.12281
10587,14.5,16.5,27.5,1.12281
10588,14.5,16.5,28.5,1.12281
10589,14.5,16.5,29.5,1.12281
10590,14.5,17.5,0.5,1.12281
10591,14.5,17.5,1.5,1.12281
10592,14.5,17.5,2.5,1.12281
10593,14.5,17.5,3.5,1.12281
10594,14.5,17.5,4.5,1.12281
10595,14.5,17.5,5.5,1.12281
10596,14.5,17.5,6.5,1.12281
10597,14.5,17.5,7.5,1.12281
10598,14.5,17.5,8.5,1.12281
10599,14.5,17.5,9.5,1.12281
10600,14.5,17.5,10.5,1.12281
10601,14.5,17.5,11.5,1.12281
10602,14.5,17.5,12.5,1.12281
10603,14.5,17.5,13.5,1.12281
10604,14.5,17.5,14.5,1.12281
10605,14.5,17.5,15.5,1.12281
10606,14.5,17.5,16.5,1.12281
10607,14.5,17.5,17.5,1.12281
10608,14.5,17.5,18.5,1.12281
10609,14.5,17.5,19.5,1.12281
10610,14.5,17.5,20.5,1.12281
10611,14.5,17.5,21.5,1.12281
10612,14.5,17.5,22.5,1.12281
10613,14.5,17.5,23.5,1.12281
10614,14.5,17.5,24.5,1.12281
10615,14.5,17.5,25.5,1.12281
10616,14.5,17.5,26.5,1.12281
10617,14.5,17.5,27.5,1.12281
10618,14.5,17.5,28.5,1.12281
10619,14.5,17.5,29.5,1.12281
10620,14.5,18.5,0.5,1.12281
10621,14.5,18.5,1.5,1.12281
10622,14.5,18.5,2.5,1.12281
10623,14.5,18.5,3.5,1.12281
10624,14.5,18.5,4.5,1.12281
10625,14.5,18.5,5.5,1.12281
10626,14.5,18.5,6.5,1.12281
10627,14.5,18.5,7.5,1.12281
10628,14.5,18.5,8.5,1.12281
10629,14.5,18.5,9.5,1.12281
10630,14.5,18.5,10.5,1.12281
10631,14.5,18.5,11.5,1.12281
10632,14.5,18.5,12.5,1.12281
10633,14.5,18.5,13.5,1.12281
10634,14.5,18.5,14.5,1.12281
10635,14.5,18.5,15.5,1.12281
10636,14.5,18.5,16.5,1.12281
10637,14.5,18.5,17.5,1.12281
10638,14.5,18.5,18.5,1.12281
10639,14.5,18.5,19.5,1.12281
10640,14.5,18.5,20.5,1.12281
10641,14.5,18.5,21.5,1.12281
10642,14.5,18.5,22.5,1.12281
10643,14.5,18.5,23.5,1.12281
10644,14.5,18.5,24.5,1.12281
10645,14.5,18.5,25.5,1.12281
10646,14.5,18.5,26.5,1.12281
10647,14.5,18.5,27.5,1.12281
10648,14.5,18.5,28.5,1.12281
10649,14.5,18.5,29.5,1.12281
10650,14.5,19.5,0.5,1.12281
10651,14.5,19.5,1.5,1.12281
10652,14.5,19.5,2.5,1.12281
10653,14.5,19.5,3.5,1.12281
10654,14.5,19.5,4.5,1.12281
10655,14.5,19.5,5.5,1.12281
10656,14.5,19.5,6.5,1.12281
10657,14.5,19.5,7.5,1.12281
10658,14.5,19.5,8.5,1.12281
10659,14.5,19.5,9.5,1.12281
10660,14.5,19.5,10.5,1.12281
10661,14.5,19.5,11.5,1.12281
10662,14.5,19.5,12.5,1.12281
10663,14.5,19.5,13.5,1.12281
10664,14.5,19.5,14.5,1.12281
10665,14.5,19.5,15.5,1.12281
10666,14.5,19.5,16.5,1.12281
10667,14.5,19.5,17.5,1.12281
10668,14.5,19.5,18.5,1.12281
10669,14.5,19.5,19.5,1.12281
10670,14.5,19.5,20.5,1.12281
10671,14.5,19.5,21.5,1.12281
10672,14.5,19.5,22.5,1.12281
10673,14.5,19.5,23.5,1.12281
10674,14.5,19.5,24.5,1.12281
10675,14.5,19.5,25.5,1.12281
10676,14.5,19.5,26.5,1.12281
10677,14.5,19.5,27.5,1.12281
10678,14.5,19.5,28.5,1.12281
10679,14.5,19.5,29.5,1.12281
10680,14.5,20.5,0.5,1.12281
10681,14.5,20.5,1.5,1.12281
10682,14.5,20.5,2.5,1.12281
10683,14.5,20.5,3.5,1.12281
10684,14.5,20.5,4.5,1.12281
10685,14.5,20.5,5.5,1.12281
10686,14.5,20.5,6.5,1.12281
10687,14.5,20.5,7.5,1.12281
10688,14.5,20.5,8.5,1.12281
10689,14.5,20.5,9.5,1.12281
10690,14.5,20.5,10.5,1.12281
10691,14.5,20.5,11.5,1.12281
10692,14.5,20.5,12.5,1.12281
10693,14.5,20.5,13.5,1.12281
10694,14.5,20.5,14.5,1.12281
10695,14.5,20.5,15.5,1.12281
10696,14.5,20.5,16.5,1.12281
10697,14.5,20.5,17.5,1.12281
10698,14.5,20.5,18.5,1.12281
10699,14.5,20.5,19.5,1.12281
10700,14.5,20.5,20.5,1.12281
10701,14.5,20.5,21.5,1.12281
10702,14.5,20.5,22.5,1.12281
10703,14.5,20.5,23.5,1.12281
10704,14.5,20.5,24.5,1.12281
10705,14.5,20.5,25.5,1.12281
10706,14.5,20.5,26.5,1.12281
10707,14.5,20.5,27.5,1.12281
10708,14.5,20.5,28.5,1.12281
10709,14.5,20.5,29.5,1.12281
10710,14.5,21.5,0.5,1.12281
10711,14.5,21.5,1.5,1.12281
10712,14.5,21.5,2.5,1.12281
10713,14.5,21.5,3.5,1.12281
10714,14.5,21.5,4.5,1.12281
10715,14.5,21.5,5.5,1.12281
10716,14.5,21.5,6.5,1.12281
10717,14.5,21.5,7.5,1.12281
10718,14.5,21.5,8.5,1.12281
10719,14.5,21.5,9.5,1.12281
10720,14.5,21.5,10.5,1.12281
10721,14.5,21.5,11.5,1.12281
10722,14.5,21.5,12.5,1.12281
10723,14.5,21.5,13.5,1.12281
10724,14.5,21.5,14.5,1.12281
10725,14.5,21.5,15.5,1.12281
10726,14.5,21.5,16.5,1.12281
10727,14.5,21.5,17.5,1.12281
10728,14.5,21.5,18.5,1.12281
10729,14.5,21.5,19.5,1.12281
10730,14.5,21.5,20.5,1.12281
10731,14.5,21.5,21.5,1.12281
10732,14.5,21.5,22.5,1.12281
10733,14.5,21.5,23.5,1.12281
10734,14.5,21.5,24.5,1.12281
10735,14.5,21.5,25.5,1.12281
10736,14.5,21.5,26.5,1.12281
10737,14.5,21.5,27.5,1.12281
10738,14.5,21.5,28.5,1.12281
10739,14.5,21.5,29.5,1.12281
10740,14.5,22.5,0.5,1.12281
10741,14.5,22.5,1.5,1.12281
10742,14.5,22.5,2.5,1.12281
10743,14.5,22.5,3.5,1.12281
10744,14.5,22.5,4.5,1.12281
10745,14.5,22.5,5.5,1.12281
10746,14.5,22.5,6.5,1.12281
10747,14.5,22.5,7.5,1.12281
10748,14.5,22.5,8.5,1.12281
10749,14.5,22.5,9.5,1.12281
10750,14.5,22.5,10.5,1.12281
10751,14.5,22.5,11.5,1.12281
10752,14.5,22.5,12.5,1.12281
10753,14.5,22.5,13.5,1.12281
10754,14.5,22.5,14.5,1.12281
10755,14.5,22.5,15.5,1.12281
10756,14.5,22.5,16.5,1.12281
10757,14.5,22.5,17.5,1.12281
10758,14.5,22.5,18.5,1.12281
10759,14.5,22.5,19.5,1.12281
10760,14.5,22.5,20.5,1.12281
10761,14.5,22.5,21.5,1.12281
10762,14.5,22.5,22.5,1.12281
10763,14.5,22.5,23.5,1.12281
10764,14.5,22.5,24.5,1.12281
10765,14.5,22.5,25.5,1.12281
10766,14.5,22.5,26.5,1.12281
10767,14.5,22.5,27.5,1.12281
10768,14.5,22.5,28.5,1.12281
10769,14.5,22.5,29.5,1.12281
10770,14.5,23.5,0.5,1.12281
10771,14.5,23.5,1.5,1.12281
10772,14.5,23.5,2.5,1.12281
10773,14.5,23.5,3.5,1.12281
10774,14.5,23.5,4.5,1.12281
10775,14.5,23.5,5.5,1.12281
10776,14.5,23.5,6.5,1.12281
10777,14.5,23.5,7.5,1.12281
10778,14.5,23.5,8.5,1.12281
10779,14.5,23.5,9.5,1.12281
10780,14.5,23.5,10.5,1.12281
10781,14.5,23.5,11.5,1.12281
10782,14.5,23.5,12.5,1.12281
10783,14.5,23.5,13.5,1.12281
10784,14.5,23.5,14.5,1.12281
10785,14.5,23.5,15.5,1.12281
10786,14.5,23.5,16.5,1.12281
10787,14.5,23.5,17.5,1.12281
10788,14.5,23.5,18.5,1.12281
10789,14.5,23.5,19.5,1.12281
10790,14.5,23.5,20.5,1.12281
10791,14.5,23.5,21.5,1.12281
10792,14.5,23.5,22.5,1.12281
10793,14.5,23.5,23.5,1.12281
10794,14.5,23.5,24.5,1.12281
10795,14.5,23.5,25.5,1.12281
10796,14.5,23.5,26.5,1.12281
10797,14.5,23.5,27.5,1.12281
10798,14.5,23.5,28.5,1.12281
10799,14.5,23.5,29.5,1.12281
10800,14.5,24.5,0.5,1.12281
10801,14.5,24.5,1.5,1.12281
10802,14.5,24.5,2.5,1.12281
10803,14.5,24.5,3.5,1.12281
10804,14.5,24.5,4.5,1.12281
10805,14.5,24.5,5.5,1.12281
10806,14.5,24.5,6.5,1.12281
10807,14.5,24.5,7.5,1.12281
10808,14.5,24.5,8.5,1.12281
10809,14.5,24.5,9.5,1.12281
10810,14.5,24.5,10.5,1.12281
10811,14.5,24.5,11.5,1.12281
10812,14.5,24.5,12.5,1.12281
10813,14.5,24.5,13.5,1.12281
10814,14.5,24.5,14.5,1.12281
10815,14.5,24.5,15.5,1.12281
10816,14.5,24.5,16.5,1.12281
10817,14.5,24.5,17.5,1.12281
10818,14.5,24.5,18.5,1.12281
10819,14.5,24.5,19.5,1.12281
10820,14.5,24.5,20.5,1.12281
10821,14.5,24.5,21.5,1.12281
10822,14.5,24.5,22.5,1.12281
10823,14.5,24.5,23.5,1.12281
10824,14.5,24.5,24.5,1.12281
10825,14.5,24.5,25.5,1.12281
10826,14.5,24.5,26.5,1.12281
10827,14.5,24.5,27.5,1.12281
10828,14.5,24.5,28.5,1.12281
10829,14.5,24.5,29.5,1.12281
10830,14.5,25.5,0.5,1.12281
10831,14.5,25.5,1.5,1.12281
10832,14.5,25.5,2.5,1.12281
10833,14.5,25.5,3.5,1.12281
10834,14.5,25.5,4.5,1.12281
10835,14.5,25.5,5.5,1.12281
10836,14.5,25.5,6.5,1.12281
10837,14.5,25.5,7.5,1.12281
10838,14.5,25.5,8.5,1.12281
10839,14.5,25.5,9.5,1.12281
10840,14.5,25.5,10.5,1.12281
10841,14.5,25.5,11.5,1.12281
10842,14.5,25.5,12.5,1.12281
10843,14.5,25.5,13.5,1.12281
10844,14.5,25.5,14.5,1.12281
10845,14.5,25.5,15.5,1.12281
10846,14.5,25.5,16.5,1.12281
10847,14.5,25.5,17.5,1.12281
10848,14.5,25.5,18.5,1.12281
10849,14.5,25.5,19.5,1.12281
10850,14.5,25.5,20.5,1.12281
10851,14.5,25.5,21.5,1.12281
10852,14.5,25.5,22.5,1.12281
10853,14.5,25.5,23.5,1.12281
10854,14.5,25.5,24.5,1.12281
10855,14.5,25.5,25.5,1.12281
10856,14.5,25.5,26.5,1.12281
10857,14.5,25.5,27.5,1.12281
10858,14.5,25.5,28.5,1.12281
10859,14.5,25.5,29.5,1.12281
10860,14.5,26.5,0.5,1.12281
10861,14.5,26.5,1.5,1.12281
10862,14.5,26.5,2.5,1.12281
10863,14.5,26.5,3.5,1.12281
10864,14.5,26.5,4.5,1.12281
10865,14.5,26.5,5.5,1.12281
10866,14.5,26.5,6.5,1.12281
10867,14.5,26.5,7.5,1.12281
10868,14.5,26.5,8.5,1.12281
10869,14.5,26.5,9.5,1.12281
10870,14.5,26.5,10.5,1.12281
10871,14.5,26.5,11.5,1.12281
10872,14.5,26.5,12.5,1.12281
10873,14.5,26.5,13.5,1.12281
10874,14.5,26.5,14.5,1.12281
10875,14.5,26.5,15.5,1.12281
10876,14.5,26.5,16.5,1.12281
10877,14.5,26.5,17.5,1.12281
10878,14.5,26.5,18.5,1.12281
10879,14.5,26.5,19.5,1.12281
10880,14.5,26.5,20.5,1.12281
10881,14.5,26.5,21.5,1.12281
10882,14.5,26.5,22.5,1.12281
10883,14.5,26.5,23.5,1.12281
10884,14.5,26.5,24.5,1.12281
10885,14.5,26.5,25.5,1.12281
10886,14.5,26.5,26.5,1.12281
10887,14.5,26.5,27.5,1.12281
10888,14.5,26.5,28.5,1.12281
10889,14.5,26.5,29.5,1.12281
10890,14.5,27.5,0.5,1.12281
10891,14.5,27.5,1.5,1.12281
10892,14.5,27.5,2.5,1.12281
10893,14.5,27.5,3.5,1.12281
10894,14.5,27.5,4.5,1.12281
10895,14.5,27.5,5.5,1.12281
10896,14.5,27.5,6.5,1.12281
10897,14.5,27.5,7.5,1.12281
10898,14.5,27.5,8.5,1.12281
10899,14.5,27.5,9.5,1.12281
10900,14.5,27.5,10.5,1.12281
10901,14.5,27.5,11.5,1.12281
10902,14.5,27.5,12.5,1.12281
10903,14.5,27.5,13.5,1.12281
10904,14.5,27.5,14.5,1.12281
10905,14.5,27.5,15.5,1.12281
10906,14.5,27.5,16.5,1.12281
10907,14.5,27.5,17.5,1.12281
10908,14.5,27.5,18.5,1.12281
10909,14.5,27.5,19.5,1.12281
10910,14.5,27.5,20.5,1.12281
10911,14.5,27.5,21.5,1.12281
10912,14.5,27.5,22.5,1.12281
10913,14.5,27.5,23.5,1.12281
10914,14.5,27.5,24.5,1.12281
10915,14.5,27.5,25.5,1.12281
10916,14.5,27.5,26.5,1.12281
10917,14.5,27.5,27.5,1.12281
10918,14.5,27.5,28.5,1.12281
10919,14.5,27.5,29.5,1.12281
10920,14.5,28.5,0.5,1.12281
10921,14.5,28.5,1.5,1.12281
10922,14.5,28.5,2.5,1.12281
10923,14.5,28.5,3.5,1.12281
10924,14.5,28.5,4.5,1.12281
10925,14.5,28.5,5.5,1.12281
10926,14.5,28.5,6.5,1.12281
10927,14.5,28.5,7.5,1.12281
10928,14.5,28.5,8.5,1.12281
10929,14.5,28.5,9.5,1.12281
10930,14.5,28.5,10.5,1.12281
10931,14.5,28.5,11.5,1.12281
10932,14.5,28.5,12.5,1.12281
10933,14.5,28.5,13.5,1.12281
10934,14.5,28.5,14.5,1.12281
10935,14.5,28.5,15.5,1.12281
10936,14.5,28.5,16.5,1.12281
10937,14.5,28.5,17.5,1.12281
10938,14.5,28.5,18.5,1.12281
10939,14.5,28.5,19.5,1.12281
10940,14.5,28.5,20.5,1.12281
10941,14.5,28.5,21.5,1.12281
10942,14.5,28.5,22.5,1.12281
10943,14.5,28.5,23.5,1.12281
10944,14.5,28.5,24.5,1.12281
10945,14.5,28.5,25.5,1.12281
10946,14.5,28.5,26.5,1.12281
10947,14.5,28.5,27.5,1.12281
10948,14.5,28.5,28.5,1.12281
10949,14.5,28.5,29.5,1.12281
10950,14.5,29.5,0.5,1.12281
10951,14.5,29.5,1.5,1.12281
10952,14.5,29.5,2.5,1.12281
10953,14.5,29.5,3.5,1.12281
10954,14.5,29.5,4.5,1.12281
10955,14.5,29.5,5.5,1.12281
10956,14.5,29.5,6.5,1.12281
10957,14.5,29.5,7.5,1.12281
10958,14.5,29.5,8.5,1.12281
10959,14.5,29.5,9.5,1.12281
10960,14.5,29.5,10.5,1.12281
10961,14.5,29.5,11.5,1.12281
10962,14.5,29.5,12.5,1.12281
10963,14.5,29.5,13.5,1.12281
10964,14.5,29.5,14.5,1.12281
10965,14.5,29.5,15.5,1.12281
10966,14.5,29.5,16.5,1.12281
10967,14.5,29.5,17.5,1.12281
10968,14.5,29.5,18.5,1.12281
10969,14.5,29.5,19.5,1.12281
10970,14.5,29.5,20.5,1.12281
10971,14.5,29.5,21.5,1.12281
10972,14.5,29.5,22.5,1.12281
10973,14.5,29.5,23.5,1.12281
10974,14.5,29.5,24.5,1.12281
10975,14.5,29.5,25.5,1.12281
10976,14.5,29.5,26.5,1.12281
10977,14.5,29.5,27.5,1.12281
10978,14.5,29.5,28.5,1.12281
10979,14.5,29.5,29.5,1.12281
10980,14.5,30.5,0.5,1.12281
10981,14.5,30.5,1.5,1.12281
10982,14.5,30.5,2.5,1.12281
10983,14.5,30.5,3.5,1.12281
10984,14.5,30.5,4.5,1.12281
10985,14.5,30.5,5.5,1.12281
10986,14.5,30.5,6.5,1.12281
10987,14.5,30.5,7.5,1.12281
10988,14.5,30.5,8.5,1.12281
10989,14.5,30.5,9.5,1.12281
10990,14.5,30.5,10.5,1.12281
10991,14.5,30.5,11.5,1.12281
10992,14.5,30.5,12.5,1.12281
10993,14.5,30.5,13.5,1.12281
10994,14.5,30.5,14.5,1.12281
10995,14.5,30.5,15.5,1.12281
10996,14.5,30.5,16.5,1.12281
10997,14.5,30.5,17.5,1.12281
10998,14.5,30.5,18.5,1.12281
10999,14.5,30.5,19.5,1.12281
11000,14.5,30.5,20.5,1.12281
11001,14.5,30.5,21.5,1.12281
11002,14.5,30.5,22.5,1.12281
11003,14.5,30.5,23.5,1.12281
11004,14.5,30.5,24.5,1.12281
11005,14.5,30.5,25.5,1.12281
11006,14.5,30.5,26.5,1.12281
11007,14.5,30.5,27.5,1.12281
11008,14.5,30.5,28.5,1.12281
11009,14.5,30.5,29.5,1.12281
11010,14.5,31.5,0.5,1.12281
11011,14.5,31.5,1.5,1.12281
11012,14.5,31.5,2.5,1.12281
11013,14.5,31.5,3.5,1.12281
11014,14.5,31.5,4.5,1.12281
11015,14.5,31.5,5.5,1.12281
11016,14.5,31.5,6.5,1.12281
11017,14.5,31.5,7.5,1.12281
11018,14.5,31.5,8.5,1.12281
11019,14.5,31.5,9.5,1.12281
11020,14.5,31.5,10.5,1.12281
11021,14.5,31.5,11.5,1.12281
11022,14.5,31.5,12.5,1.12281
11023,14.5,31.5,13.5,1.12281
11024,14.5,31.5,14.5,1.12281
11025,14.5,31.5,15.5,1.12281
11026,14.5,31.5,16.5,1.12281
11027,14.5,31.5,17.5,1.12281
11028,14.5,31.5,18.5,1.12281
11029,14.5,31.5,19.5,1.12281
11030,14.5,31.5,20.5,1.12281
11031,14.5,31.5,21.5,1.12281
11032,14.5,31.5,22.5,1.12281
11033,14.5,31.5,23.5,1.12281
11034,14.5,31.5,24.5,1.12281
11035,14.5,31.5,25.5,1.12281
11036,14.5,31.5,26.5,1.12281
11037,14.5,31.5,27.5,1.12281
11038,14.5,31.5,28.5,1.12281
11039,14.5,31.5,29.5,1.12281
11040,14.5,32.5,0.5,1.12281
11041,14.5,32.5,1.5,1.12281
11042,14.5,32.5,2.5,1.12281
11043,14.5,32.5,3.5,1.12281
11044,14.5,32.5,4.5,1.12281
11045,14.5,32.5,5.5,1.12281
11046,14.5,32.5,6.5,1.12281
11047,14.5,32.5,7.5,1.12281
11048,14.5,32.5,8.5,1.12281
11049,14.5,32.5,9.5,1.12281
11050,14.5,32.5,10.5,1.12281
11051,14.5,32.5,11.5,1.12281
11052,14.5,32.5,12.5,1.12281
11053,14.5,32.5,13.5,1.12281
11054,14.5,32.5,14.5,1.12281
11055,14.5,32.5,15.5,1.12281
11056,14.5,32.5,16.5,1.12281
11057,14.5,32.5,17.5,1.12281
11058,14.5,32.5,18.5,1.12281
11059,14.5,32.5,19.5,1.12281
11060,14.5,32.5,20.5,1.12281
11061,14.5,32.5,21.5,1.12281
11062,14.5,32.5,22.5,1.12281
11063,14.5,32.5,23.5,1.12281
11064,14.5,32.5,24.5,1.12281
11065,14.5,32.5,25.5,1.12281
11066,14.5,32.5,26.5,1.12281
11067,14.5,32.5,27.5,1.12281
11068,14.5,32.5,28.5,1.12281
11069,14.5,32.5,29.5,1.12281
11070,14.5,33.5,0.5,1.12281
11071,14.5,33.5,1.5,1.12281
11072,14.5,33.5,2.5,1.12281
11073,14.5,33.5,3.5,1.12281
11074,14.5,33.5,4.5,1.12281
11075,14.5,33.5,5.5,1.12281
11076,14.5,33.5,6.5,1.12281
11077,14.5,33.5,7.5,1.12281
11078,14.5,33.5,8.5,1.12281
11079,14.5,33.5,9.5,1.12281
11080,14.5,33.5,10.5,1.12281
11081,14.5,33.5,11.5,1.12281
11082,14.5,33.5,12.5,1.12281
11083,14.5,33.5,13.5,1.12281
11084,14.5,33.5,14.5,1.12281
11085,14.5,33.5,15.5,1.12281
11086,14.5,33.5,16.5,1.12281
11087,14.5,33.5,17.5,1.12281
11088,14.5,33.5,18.5,1.12281
11089,14.5,33.5,19.5,1.12281
11090,14.5,33.5,20.5,1.12281
11091,14.5,33.5,21.5,1.12281
11092,14.5,33.5,22.5,1.12281
11093,14.5,33.5,23.5,1.12281
11094,14.5,33.5,24.5,1.12281
11095,14.5,33.5,25.5,1.12281
11096,14.5,33.5,26.5,1.12281
11097,14.5,33.5,27.5,1.12281
11098,14.5,33.5,28.5,1.12281
11099,14.5,33.5,29.5,1.12281
11100,14.5,34.5,0.5,1.12281
11101,14.5,34.5,1.5,1.12281
11102,14.5,34.5,2.5,1.12281
11103,14.5,34.5,3.5,1.12281
11104,14.5,34.5,4.5,1.12281
11105,14.5,34.5,5.5,1.12281
11106,14.5,34.5,6.5,1.12281
11107,14.5,34.5,7.5,1.12281
11108,14.5,34.5,8.5,1.12281
11109,14.5,34.5,9.5,1.12281
11110,14.5,34.5,10.5,1.12281
11111,14.5,34.5,11.5,1.12281
11112,14.5,34.5,12.5,1.12281
11113,14.5,34.5,13.5,1.12281
11114,14.5,34.5,14.5,1.12281
11115,14.5,34.5,15.5,1.12281
11116,14.5,34.5,16.5,1.12281
11117,14.5,34.5,17.5,1.12281
11118,14.5,34.5,18.5,1.12281
11119,14.5,34.5,19.5,1.12281
11120,14.5,34.5,20.5,1.12281
11121,14.5,34.5,21.5,1.12281
11122,14.5,34.5,22.5,1.12281
11123,14.5,34.5,23.5,1.12281
11124,14.5,34.5,24.5,1.12281
11125,14.5,34.5,25.5,1.12281
11126,14.5,34.5,26.5,1.12281
11127,14.5,34.5,27.5,1.12281
11128,14.5,34.5,28.5,1.12281
11129,14.5,34.5,29.5,1.12281
11130,14.5,35.5,0.5,1.12281
11131,14.5,35.5,1.5,1.12281
11132,14.5,35.5,2.5,1.12281
11133,14.5,35.5,3.5,1.12281
11134,14.5,35.5,4.5,1.12281
11135,14.5,35.5,5.5,1.12281
11136,14.5,35.5,6.5,1.12281
11137,14.5,35.5,7.5,1.12281
11138,14.5,35.5,8.5,1.12281
11139,14.5,35.5,9.5,1.12281
11140,14.5,35.5,10.5,1.12281
11141,14.5,35.5,11.5,1.12281
11142,14.5,35.5,12.5,1.12281
11143,14.5,35.5,13.5,1.12281
11144,14.5,35.5,14.5,1.12281
11145,14.5,35.5,15.5,1.12281
11146,14.5,35.5,16.5,1.12281
11147,14.5,35.5,17.5,1.12281
11148,14.5,35.5,18.5,1.12281
11149,14.5,35.5,19.5,1.12281
11150,14.5,35.5,20.5,1.12281
11151,14.5,35.5,21.5,1.12281
11152,14.5,35.5,22.5,1.12281
11153,14.5,35.5,23.5,1.12281
11154,14.5,35.5,24.5,1.12281
11155,14.5,35.5,25.5,1.12281
11156,14.5,35.5,26.5,1.12281
11157,14.5,35.5,27.5,1.12281
11158,14.5,35.5,28.5,1.12281
11159,14.5,35.5,29.5,1.12281
11160,15.5,0.5,0.5,1.12281
11161,15.5,0.5,1.5,1.12281
11162,15.5,0.5,2.5,1.12281
11163,15.5,0.5,3.5,1.12281
11164,15.5,0.5,4.5,1.12281
11165,15.5,0.5,5.5,1.12281
11166,15.5,0.5,6.5,1.12281
11167,15.5,0.5,7.5,1.12281
11168,15.5,0.5,8.5,1.12281
11169,15.5,0.5,9.5,1.12281
11170,15.5,1.5,0.5,1.12281
11171,15.5,1.5,1.5,1.12281
11172,15.5,1.5,2.5,1.12281
11173,15.5,1.5,3.5,1.12281
11174,15.5,1.5,4.5,1.12281
11175,15.5,1.5,5.5,1.12281
11176,15.5,1.5,6.5,1.12281
11177,15.5,1.5,7.5,1.12281
11178,15.5,1.5,8.5,1.12281
11179,15.5,1.5,9.5,1.12281
11180,15.5,2.5,0.5,1.12281
11181,15.5,2.5,1.5,1.12281
11182,15.5,2.5,2.5,1.12281
11183,15.5,2.5,3.5,1.12281
11184,15.5,2.5,4.5,1.12281
11185,15.5,2.5,5.5,1.12281
11186,15.5,2.5,6.5,1.12281
11187,15.5,2.5,7.5,1.12281
11188,15.5,2.5,8.5,1.12281
11189,15.5,2.5,9.5,1.12281
11190,15.5,3.5,0.5,1.12281
11191,15.5,3.5,1.5,1.12281
11192,15.5,3.5,2.5,1.12281
11193,15.5,3.5,3.5,1.12281
11194,15.5,3.5,4.5,1.12281
11195,15.5,3.5,5.5,1.12281
11196,15.5,3.5,6.5,1.12281
11197,15.5,3.5,7.5,1.12281
11198,15.5,3.5,8.5,1.12281
11199,15.5,3.5,9.5,1.12281
11200,15.5,4.5,0.5,1.12281
11201,15.5,4.5,1.5,1.12281
11202,15.5,4.5,2.5,1.12281
11203,15.5,4.5,3.5,1.12281
11204,15.5,4.5,4.5,1.12281
11205,15.5,4.5,5.5,1.12281
11206,15.5,4.5,6.5,1.12281
11207,15.5,4.5,7.5,1.12281
11208,15.5,4.5,8.5,1.12281
11209,15.5,4.5,9.5,1.12281
11210,15.5,5.5,0.5,1.12281
11211,15.5,5.5,1.5,1.12281
11212,15.5,5.5,2.5,1.12281
11213,15.5,5.5,3.5,1.12281
11214,15.5,5.5,4.5,1.12281
11215,15.5,5.5,5.5,1.12281
11216,15.5,5.5,6.5,1.12281
11217,15.5,5.5,7.5,1.12281
11218,15.5,5.5,8.5,1.12281
11219,15.5,5.5,9.5,1.12281
11220,15.5,6.5,0.5,1.12281
11221,15.5,6.5,1.5,1.12281
11222,15.5,6.5,2.5,1.12281
11223,15.5,6.5,3.5,1.12281
11224,15.5,6.5,4.5,1.12281
11225,15.5,6.5,5.5,1.12281
11226,15.5,6.5,6.5,1.12281
11227,15.5,6.5,7.5,1.12281
11228,15.5,6.5,8.5,1.12281
11229,15.5,6.5,9.5,1.12281
11230,15.5,7.5,0.5,1.12281
11231,15.5,7.5,1.5,1.12281
11232,15.5,7.5,2.5,1.12281
11233,15.5,7.5,3.5,1.12281
11234,15.5,7.5,4.5,1.12281
11235,15.5,7.5,5.5,1.12281
11236,15.5,7.5,6.5,1.12281
11237,15.5,7.5,7.5,1.12281
11238,15.5,7.5,8.5,1.12281
11239,15.5,7.5,9.5,1.12281
11240,15.5,8.5,0.5,1.12281
11241,15.5,8.5,1.5,1.12281
11242,15.5,8.5,2.5,1.12281
11243,15.5,8.5,3.5,1.12281
11244,15.5,8.5,4.5,1.12281
11245,15.5,8.5,5.5,1.12281
11246,15.5,8.5,6.5,1.12281
11247,15.5,8.5,7.5,1.12281
11248,15.5,8.5,8.5,1.12281
11249,15.5,8.5,9.5,1.12281
11250,15.5,9.5,0.5,1.12281
11251,15.5,9.5,1.5,1.12281
11252,15.5,9.5,2.5,1.12281
11253,15.5,9.5,3.5,1.12281
11254,15.5,9.5,4.5,1.12281
11255,15.5,9.5,5.5,1.12281
11256,15.5,9.5,6.5,1.12281
11257,15.5,9.5,7.5,1.12281
11258,15.5,9.5,8.5,1.12281
11259,15.5,9.5,9.5,1.12281
11260,15.5,10.5,0.5,1.12281
11261,15.5,10.5,1.5,1.12281
11262,15.5,10.5,2.5,1.12281
11263,15.5,10.5,3.5,1.12281
11264,15.5,10.5,4.5,1.12281
11265,15.5,10.5,5.5,1.12281
11266,15.5,10.5,6.5,1.12281
11267,15.5,10.5,7.5,1.12281
11268,15.5,10.5,8.5,1.12281
11269,15.5,10.5,9.5,1.12281
11270,15.5,11.5,0.5,1.12281
11271,15.5,11.5,1.5,1.12281
11272,15.5,11.5,2.5,1.12281
11273,15.5,11.5,3.5,1.12281
11274,15.5,11.5,4.5,1.12281
11275,15.5,11.5,5.5,1.12281
11276,15.5,11.5,6.5,1.12281
11277,15.5,11.5,7.5,1.12281
11278,15.5,11.5,8.5,1.12281
11279,15.5,11.5,9.5,1.12281
11280,15.5,12.5,0.5,1.12281
11281,15.5,12.5,1.5,1.12281
11282,15.5,12.5,2.5,1.12281
11283,15.5,12.5,3.5,1.12281
11284,15.5,12.5,4.5,1.12281
11285,15.5,12.5,5.5,1.12281
11286,15.5,12.5,6.5,1.12281
11287,15.5,12.5,7.5,1.12281
11288,15.5,12.5,8.5,1.12281
11289,15.5,12.5,9.5,1.12281
11290,15.5,13.5,0.5,1.12281
11291,15.5,13.5,1.5,1.12281
11292,15.5,13.5,2.5,1.12281
11293,15.5,13.5,3.5,1.12281
11294,15.5,13.5,4.5,1.12281
11295,15.5,13.5,5.5,1.12281
11296,15.5,13.5,6.5,1.12281
11297,15.5,13.5,7.5,1.12281
11298,15.5,13.5,8.5,1.12281
11299,15.5,13.5,9.5,1.12281
11300,15.5,14.5,0.5,1.12281
11301,15.5,14.5,1.5,1.12281
11302,15.5,14.5,2.5,1.12281
11303,15.5,14.5,3.5,1.12281
11304,15.5,14.5,4.5,1.12281
11305,15.5,14.5,5.5,1.12281
11306,15.5,14.5,6.5,1.12281
11307,15.5,14.5,7.5,1.12281
11308,15.5,14.5,8.5,1.12281
11309,15.5,14.5,9.5,1.12281
11310,15.5,15.5,0.5,1.12281
11311,15.5,15.5,1.5,1.12281
11312,15.5,15.5,2.5,1.12281
11313,15.5,15.5,3.5,1.12281
11314,15.5,15.5,4.5,1.12281
11315,15.5,15.5,5.5,1.12281
11316,15.5,15.5,6.5,1.12281
11317,15.5,15.5,7.5,1.12281
11318,15.5,15.5,8.5,1.12281
11319,15.5,15.5,9.5,1.12281
11320,15.5,16.5,0.5,1.12281
11321,15.5,16.5,1.5,1.12281
11322,15.5,16.5,2.5,1.12281
11323,15.5,16.5,3.5,1.12281
11324,15.5,16.5,4.5,1.12281
11325,15.5,16.5,5.5,1.12281
11326,15.5,16.5,6.5,1.12281
11327,15.5,16.5,7.5,1.12281
11328,15.5,16.5,8.5,1.12281
11329,15.5,16.5,9.5,1.12281
11330,15.5,17.5,0.5,1.12281
11331,15.5,17.5,1.5,1.12281
11332,15.5,17.5,2.5,1.12281
11333,15.5,17.5,3.5,1.12281
11334,15.5,17.5,4.5,1.12281
11335,15.5,17.5,5.5,1.12281
11336,15.5,17.5,6.5,1.12281
11337,15.5,17.5,7.5,1.12281
11338,15.5,17.5,8.5,1.12281
11339,15.5,17.5,9.5,1.12281
11340,15.5,18.5,0.5,1.12281
11341,15.5,18.5,1.5,1.12281
11342,15.5,18.5,2.5,1.12281
11343,15.5,18.5,3.5,1.12281
11344,15.5,18.5,4.5,1.12281
11345,15.5,18.5,5.5,1.12281
11346,15.5,18.5,6.5,1.12281
11347,15.5,18.5,7.5,1.12281
11348,15.5,18.5,8.5,1.12281
11349,15.5,18.5,9.5,1.12281
11350,15.5,19.5,0.5,1.12281
11351,15.5,19.5,1.5,1.12281
11352,15.5,19.5,2.5,1.12281
11353,15.5,19.5,3.5,1.12281
11354,15.5,19.5,4.5,1.12281
11355,15.5,19.5,5.5,1.12281
11356,15.5,19.5,6.5,1.12281
11357,15.5,19.5,7.5,1.12281
11358,15.5,19.5,8.5,1.12281
11359,15.5,19.5,9.5,1.12281
11360,15.5,20.5,0.5,1.12281
11361,15.5,20.5,1.5,1.12281
11362,15.5,20.5,2.5,1.12281
11363,15.5,20.5,3.5,1.12281
11364,15.5,20.5,4.5,1.12281
11365,15.5,20.5,5.5,1.12281
11366,15.5,20.5,6.5,1.12281
11367,15.5,20.5,7.5,1.12281
11368,15.5,20.5,8.5,1.12281
11369,15.5,20.5,9.5,1.12281
11370,15.5,21.5,0.5,1.12281
11371,15.5,21.5,1.5,1.12281
11372,15.5,21.5,2.5,1.12281
11373,15.5,21.5,3.5,1.12281
11374,15.5,21.5,4.5,1.12281
11375,15.5,21.5,5.5,1.12281
11376,15.5,21.5,6.5,1.12281
11377,15.5,21.5,7.5,1.12281
11378,15.5,21.5,8.5,1.12281
11379,15.5,21.5,9.5,1.12281
11380,15.5,22.5,0.5,1.12281
11381,15.5,22.5,1.5,1.12281
11382,15.5,22.5,2.5,1.12281
11383,15.5,22.5,3.5,1.12281
11384,15.5,22.5,4.5,1.12281
11385,15.5,22.5,5.5,1.12281
11386,15.5,22.5,6.5,1.12281
11387,15.5,22.5,7.5,1.12281
11388,15.5,22.5,8.5,1.12281
11389,15.5,22.5,9.5,1.12281
11390,15.5,23.5,0.5,1.12281
11391,15.5,23.5,1.5,1.12281
11392,15.5,23.5,2.5,1.12281
11393,15.5,23.5,3.5,1.12281
11394,15.5,23.5,4.5,1.12281
11395,15.5,23.5,5.5,1.12281
11396,15.5,23.5,6.5,1.12281
11397,15.5,23.5,7.5,1.12281
11398,15.5,23.5,8.5,1.12281
11399,15.5,23.5,9.5,1.12281
11400,15.5,24.5,0.5,1.12281
11401,15.5,24.5,1.5,1.12281
11402,15.5,24.5,2.5,1.12281
11403,15.5,24.5,3.5,1.12281
11404,15.5,24.5,4.5,1.12281
11405,15.5,24.5,5.5,1.12281
11406,15.5,24.5,6.5,1.12281
11407,15.5,24.5,7.5,1.12281
11408,15.5,24.5,8.5,1.12281
11409,15.5,24.5,9.5,1.12281
11410,15.5,25.5,0.5,1.12281
11411,15.5,25.5,1.5,1.12281
11412,15.5,25.5,2.5,1.12281
11413,15.5,25.5,3.5,1.12281
11414,15.5,25.5,4.5,1.12281
11415,15.5,25.5,5.5,1.12281
11416,15.5,25.5,6.5,1.12281
11417,15.5,25.5,7.5,1.12281
11418,15.5,25.5,8.5,1.12281
11419,15.5,25.5,9.5,1.12281
11420,15.5,26.5,0.5,1.12281
11421,15.5,26.5,1.5,1.12281
11422,15.5,26.5,2.5,1.12281
11423,15.5,26.5,3.5,1.12281
11424,15.5,26.5,4.5,1.12281
11425,15.5,26.5,5.5,1.12281
11426,15.5,26.5,6.5,1.12281
11427,15.5,26.5,7.5,1.12281
11428,15.5,26.5,8.5,1.12281
11429,15.5,26.5,9.5,1.12281
11430,15.5,27.5,0.5,1.12281
11431,15.5,27.5,1.5,1.12281
11432,15.5,27.5,2.5,1.12281
11433,15.5,27.5,3.5,1.12281
11434,15.5,27.5,4.5,1.12281
11435,15.5,27.5,5.5,1.12281
11436,15.5,27.5,6.5,1.12281
11437,15.5,27.5,7.5,1.12281
11438,15.5,27.5,8.5,1.12281
11439,15.5,27.5,9.5,1.12281
11440,15.5,28.5,0.5,1.12281
11441,15.5,28.5,1.5,1.12281
11442,15.5,28.5,2.5,1.12281
11443,15.5,28.5,3.5,1.12281
11444,15.5,28.5,4.5,1.12281
11445,15.5,28.5,5.5,1.12281
11446,15.5,28.5,6.5,1.12281
11447,15.5,28.5,7.5,1.12281
11448,15.5,28.5,8.5,1.12281
11449,15.5,28.5,9.5,1.12281
11450,15.5,29.5,0.5,1.12281
11451,15.5,29.5,1.5,1.12281
11452,15.5,29.5,2.5,1.12281
11453,15.5,29.5,3.5,1.12281
11454,15.5,29.5,4.5,1.12281
11455,15.5,29.5,5.5,1.12281
11456,15.5,29.5,6.5,1.12281
11457,15.5,29.5,7.5,1.12281
11458,15.5,29.5,8.5,1.12281
11459,15.5,29.5,9.5,1.12281
11460,15.5,30.5,0.5,1.12281
11461,15.5,30.5,1.5,1.12281
11462,15.5,30.5,2.5,1.12281
11463,15.5,30.5,3.5,1.12281
11464,15.5,30.5,4.5,1.12281
11465,15.5,30.5,5.5,1.12281
11466,15.5,30.5,6.5,1.12281
11467,15.5,30.5,7.5,1.12281
11468,15.5,30.5,8.5,1.12281
11469,15.5,30.5,9.5,1.12281
11470,15.5,31.5,0.5,1.12281
11471,15.5,31.5,1.5,1.12281
11472,15.5,31.5,2.5,1.12281
11473,15.5,31.5,3.5,1.12281
11474,15.5,31.5,4.5,1.12281
11475,15.5,31.5,5.5,1.12281
11476,15.5,31.5,6.5,1.12281
11477,15.5,31.5,7.5,1.12281
11478,15.5,31.5,8.5,1.12281
11479,15.5,31.5,9.5,1.12281
11480,15.5,32.5,0.5,1.12281
11481,15.5,32.5,1.5,1.12281
11482,15.5,32.5,2.5,1.12281
11483,15.5,32.5,3.5,1.12281
11484,15.5,32.5,4.5,1.12281
11485,15.5,32.5,5.5,1.12281
11486,15.5,32.5,6.5,1.12281
11487,15.5,32.5,7.5,1.12281
11488,15.5,32.5,8.5,1.12281
11489,15.5,32.5,9.5,1.12281
11490,15.5,33.5,0.5,1.12281
11491,15.5,33.5,1.5,1.12281
11492,15.5,33.5,2.5,1.12281
11493,15.5,33.5,3.5,1.12281
11494,15.5,33.5,4.5,1.12281
11495,15.5,33.5,5.5,1.12281
11496,15.5,33.5,6.5,1.12281
11497,15.5,33.5,7.5,1.12281
11498,15.5,33.5,8.5,1.12281
11499,15.5,33.5,9.5,1.12281
11500,15.5,34.5,0.5,1.12281
11501,15.5,34.5,1.5,1.12281
11502,15.5,34.5,2.5,1.12281
11503,15.5,34.5,3.5,1.12281
11504,15.5,34.5,4.5,1.12281
11505,15.5,34.5,5.5,1.12281
11506,15.5,34.5,6.5,1.12281
11507,15.5,34.5,7.5,1.12281
11508,15.5,34.5,8.5,1.12281
11509,15.5,34.5,9.5,1.12281
11510,15.5,35.5,0.5,1.12281
11511,15.5,35.5,1.5,1.12281
11512,15.5,35.5,2.5,1.12281
11513,15.5,35.5,3.5,1.12281
11514,15.5,35.5,4.5,1.12281
11515,15.5,35.5,5.5,1.12281
11516,15.5,35.5,6.5,1.12281
11517,15.5,35.5,7.5,1.12281
11518,15.5,35.5,8.5,1.12281
11519,15.5,35.5,9.5,1.12281
11520,16.5,0.5,0.5,1.12281
11521,16.5,0.5,1.5,1.12281
11522,16.5,0.5,2.5,1.12281
11523,16.5,0.5,3.5,1.12281
11524,16.5,0.5,4.5,1.12281
11525,16.5,0.5,5.5,1.12281
11526,16.5,0.5,6.5,1.12281
11527,16.5,0.5,7.5,1.12281
11528,16.5,0.5,8.5,1.12281
11529,16.5,0.5,9.5,1.12281
11530,16.5,1.5,0.5,1.12281
11531,16.5,1.5,1.5,1.12281
11532,16.5,1.5,2.5,1.12281
11533,16.5,1.5,3.5,1.12281
11534,16.5,1.5,4.5,1.12281
11535,16.5,1.5,5.5,1.12281
11536,16.5,1.5,6.5,1.12281
11537,16.5,1.5,7.5,1.12281
11538,16.5,1.5,8.5,1.12281
11539,16.5,1.5,9.5,1.12281
11540,16.5,2.5,0.5,1.12281
11541,16.5,2.5,1.5,1.12281
11542,16.5,2.5,2.5,1.12281
11543,16.5,2.5,3.5,1.12281
11544,16.5,2.5,4.5,1.12281
11545,16.5,2.5,5.5,1.12281
11546,16.5,2.5,6.5,1.12281
11547,16.5,2.5,7.5,1.12281
11548,16.5,2.5,8.5,1.12281
11549,16.5,2.5,9.5,1.12281
11550,16.5,3.5,0.5,1.12281
11551,16.5,3.5,1.5,1.12281
11552,16.5,3.5,2.5,1.12281
11553,16.5,3.5,3.5,1.12281
11554,16.5,3.5,4.5,1.12281
11555,16.5,3.5,5.5,1.12281
11556,16.5,3.5,6.5,1.12281
11557,16.5,3.5,7.5,1.12281
11558,16.5,3.5,8.5,1.12281
11559,16.5,3.5,9.5,1.12281
11560,16.5,4.5,0.5,1.12281
11561,16.5,4.5,1.5,1.12281
11562,16.5,4.5,2.5,1.12281
11563,16.5,4.5,3.5,1.12281
11564,16.5,4.5,4.5,1.12281
11565,16.5,4.5,5.5,1.12281
11566,16.5,4.5,6.5,1.12281
11567,16.5,4.5,7.5,1.12281
11568,16.5,4.5,8.5,1.12281
11569,16.5,4.5,9.5,1.12281
11570,16.5,5.5,0.5,1.12281
11571,16.5,5.5,1.5,1.12281
11572,16.5,5.5,2.5,1.12281
11573,16.5,5.5,3.5,1.12281
11574,16.5,5.5,4.5,1.12281
11575,16.5,5.5,5.5,1.12281
11576,16.5,5.5,6.5,1.12281
11577,16.5,5.5,7.5,1.12281
11578,16.5,5.5,8.5,1.12281
11579,16.5,5.5,9.5,1.12281
11580,16.5,6.5,0.5,1.12281
11581,16.5,6.5,1.5,1.12281
11582,16.5,6.5,2.5,1.12281
11583,16.5,6.5,3.5,1.12281
11584,16.5,6.5,4.5,1.12281
11585,16.5,6.5,5.5,1.12281
11586,16.5,6.5,6.5,1.12281
11587,16.5,6.5,7.5,1.12281
11588,16.5,6.5,8.5,1.12281
11589,16.5,6.5,9.5,1.12281
11590,16.5,7.5,0.5,1.12281
11591,16.5,7.5,1.5,1.12281
11592,16.5,7.5,2.5,1.12281
11593,16.5,7.5,3.5,1.12281
11594,16.5,7.5,4.5,1.12281
11595,16.5,7.5,5.5,1.12281
11596,16.5,7.5,6.5,1.12281
11597,16.5,7.5,7.5,1.12281
11598,16.5,7.5,8.5,1.12281
11599,16.5,7.5,9.5,1.12281
11600,16.5,8.5,0.5,1.12281
11601,16.5,8.5,1.5,1.12281
11602,16.5,8.5,2.5,1.12281
11603,16.5,8.5,3.5,1.12281
11604,16.5,8.5,4.5,1.12281
11605,16.5,8.5,5.5,1.12281
11606,16.5,8.5,6.5,1.12281
11607,16.5,8.5,7.5,1.12281
11608,16.5,8.5,8.5,1.12281
11609,16.5,8.5,9.5,1.12281
11610,16.5,9.5,0.5,1.12281
11611,16.5,9.5,1.5,1.12281
11612,16.5,9.5,2.5,1.12281
11613,16.5,9.5,3.5,1.12281
11614,16.5,9.5,4.5,1.12281
11615,16.5,9.5,5.5,1.12281
11616,16.5,9.5,6.5,1.12281
11617,16.5,9.5,7.5,1.12281
11618,16.5,9.5,8.5,1.12281
11619,16.5,9.5,9.5,1.12281
11620,16.5,10.5,0.5,1.12281
11621,16.5,10.5,1.5,1.12281
11622,16.5,10.5,2.5,1.12281
11623,16.5,10.5,3.5,1.12281
11624,16.5,10.5,4.5,1.12281
11625,16.5,10.5,5.5,1.12281
11626,16.5,10.5,6.5,1.12281
11627,16.5,10.5,7.5,1.12281
11628,16.5,10.5,8.5,1.12281
11629,16.5,10.5,9.5,1.12281
11630,16.5,11.5,0.5,1.12281
11631,16.5,11.5,1.5,1.12281
11632,16.5,11.5,2.5,1.12281
11633,16.5,11.5,3.5,1.12281
11634,16.5,11.5,4.5,1.12281
11635,16.5,11.5,5.5,1.12281
11636,16.5,11.5,6.5,1.12281
11637,16.5,11.5,7.5,1.12281
11638,16.5,11.5,8.5,1.12281
11639,16.5,11.5,9.5,1.12281
11640,16.5,12.5,0.5,1.12281
11641,16.5,12.5,1.5,1.12281
11642,16.5,12.5,2.5,1.12281
11643,16.5,12.5,3.5,1.12281
11644,16.5,12.5,4.5,1.12281
11645,16.5,12.5,5.5,1.12281
11646,16.5,12.5,6.5,1.12281
11647,16.5,12.5,7.5,1.12281
11648,16.5,12.5,8.5,1.12281
11649,16.5,12.5,9.5,1.12281
11650,16.5,13.5,0.5,1.12281
11651,16.5,13.5,1.5,1.12281
11652,16.5,13.5,2.5,1.12281
11653,16.5,13.5,3.5,1.12281
11654,16.5,13.5,4.5,1.12281
11655,16.5,13.5,5.5,1.12281
11656,16.5,13.5,6.5,1.12281
11657,16.5,13.5,7.5,1.12281
11658,16.5,13.5,8.5,1.12281
11659,16.5,13.5,9.5,1.12281
11660,16.5,14.5,0.5,1.12281
11661,16.5,14.5,1.5,1.12281
11662,16.5,14.5,2.5,1.12281
11663,16.5,14.5,3.5,1.12281
11664,16.5,14.5,4.5,1.12281
11665,16.5,14.5,5.5,1.12281
11666,16.5,14.5,6.5,1.12281
11667,16.5,14.5,7.5,1.12281
11668,16.5,14.5,8.5,1.12281
11669,16.5,14.5,9.5,1.12281
11670,16.5,15.5,0.5,1.12281
11671,16.5,15.5,1.5,1.12281
11672,16.5,15.5,2.5,1.12281
11673,16.5,15.5,3.5,1.12281
11674,16.5,15.5,4.5,1.12281
11675,16.5,15.5,5.5,1.12281
11676,16.5,15.5,6.5,1.12281
11677,16.5,15.5,7.5,1.12281
11678,16.5,15.5,8.5,1.12281
11679,16.5,15.5,9.5,1.12281
11680,16.5,16.5,0.5,1.12281
11681,16.5,16.5,1.5,1.12281
11682,16.5,16.5,2.5,1.12281
11683,16.5,16.5,3.5,1.12281
11684,16.5,16.5,4.5,1.12281
11685,16.5,16.5,5.5,1.12281
11686,16.5,16.5,6.5,1.12281
11687,16.5,16.5,7.5,1.12281
11688,16.5,16.5,8.5,1.12281
11689,16.5,16.5,9.5,1.12281
11690,16.5,17.5,0.5,1.12281
11691,16.5,17.5,1.5,1.12281
11692,16.5,17.5,2.5,1.12281
11693,16.5,17.5,3.5,1.12281
11694,16.5,17.5,4.5,1.12281
11695,16.5,17.5,5.5,1.12281
11696,16.5,17.5,6.5,1.12281
11697,16.5,17.5,7.5,1.12281
11698,16.5,17.5,8.5,1.12281
11699,16.5,17.5,9.5,1.12281
11700,16.5,18.5,0.5,1.12281
11701,16.5,18.5,1.5,1.12281
11702,16.5,18.5,2.5,1.12281
11703,16.5,18.5,3.5,1.12281
11704,16.5,18.5,4.5,1.12281
11705,16.5,18.5,5.5,1.12281
11706,16.5,18.5,6.5,1.12281
11707,16.5,18.5,7.5,1.12281
11708,16.5,18.5,8.5,1.12281
11709,16.5,18.5,9.5,1.12281
11710,16.5,19.5,0.5,1.12281
11711,16.5,19.5,1.5,1.12281
11712,16.5,19.5,2.5,1.12281
11713,16.5,19.5,3.5,1.12281
11714,16.5,19.5,4.5,1.12281
11715,16.5,19.5,5.5,1.12281
11716,16.5,19.5,6.5,1.12281
11717,16.5,19.5,7.5,1.12281
11718,16.5,19.5,8.5,1.12281
11719,16.5,19.5,9.5,1.12281
11720,16.5,20.5,0.5,1.12281
11721,16.5,20.5,1.5,1.12281
11722,16.5,20.5,2.5,1.12281
11723,16.5,20.5,3.5,1.12281
11724,16.5,20.5,4.5,1.12281
11725,16.5,20.5,5.5,1.12281
11726,16.5,20.5,6.5,1.12281
11727,16.5,20.5,7.5,1.12281
11728,16.5,20.5,8.5,1.12281
11729,16.5,20.5,9.5,1.12281
11730,16.5,21.5,0.5,1.12281
11731,16.5,21.5,1.5,1.12281
11732,16.5,21.5,2.5,1.12281
11733,16.5,21.5,3.5,1.12281
11734,16.5,21.5,4.5,1.12281
11735,16.5,21.5,5.5,1.12281
11736,16.5,21.5,6.5,1.12281
11737,16.5,21.5,7.5,1.12281
11738,16.5,21.5,8.5,1.12281
11739,16.5,21.5,9.5,1.12281
11740,16.5,22.5,0.5,1.12281
11741,16.5,22.5,1.5,1.12281
11742,16.5,22.5,2.5,1.12281
11743,16.5,22.5,3.5,1.12281
11744,16.5,22.5,4.5,1.12281
11745,16.5,22.5,5.5,1.12281
11746,16.5,22.5,6.5,1.12281
11747,16.5,22.5,7.5,1.12281
11748,16.5,22.5,8.5,1.12281
11749,16.5,22.5,9.5,1.12281
11750,16.5,23.5,0.5,1.12281
11751,16.5,23.5,1.5,1.12281
11752,16.5,23.5,2.5,1.12281
11753,16.5,23.5,3.5,1.12281
11754,16.5,23.5,4.5,1.12281
11755,16.5,23.5,5.5,1.12281
11756,16.5,23.5,6.5,1.12281
11757,16.5,23.5,7.5,1.12281
11758,16.5,23.5,8.5,1.12281
11759,16.5,23.5,9.5,1.12281
11760,16.5,24.5,0.5,1.12281
11761,16.5,24.5,1.5,1.12281
11762,16.5,24.5,2.5,1.12281
11763,16.5,24.5,3.5,1.12281
11764,16.5,24.5,4.5,1.12281
11765,16.5,24.5,5.5,1.12281
11766,16.5,24.5,6.5,1.12281
11767,16.5,24.5,7.5,1.12281
11768,16.5,24.5,8.5,1.12281
11769,16.5,24.5,9.5,1.12281
11770,16.5,25.5,0.5,1.12281
11771,16.5,25.5,1.5,1.12281
11772,16.5,25.5,2.5,1.12281
11773,16.5,25.5,3.5,1.12281
11774,16.5,25.5,4.5,1.12281
11775,16.5,25.5,5.5,1.12281
11776,16.5,25.5,6.5,1.12281
11777,16.5,25.5,7.5,1.12281
11778,16.5,25.5,8.5,1.12281
11779,16.5,25.5,9.5,1.12281
11780,16.5,26.5,0.5,1.12281
11781,16.5,26.5,1.5,1.12281
11782,16.5,26.5,2.5,1.12281
11783,16.5,26.5,3.5,1.12281
11784,16.5,26.5,4.5,1.12281
11785,16.5,26.5,5.5,1.12281
11786,16.5,26.5,6.5,1.12281
11787,16.5,26.5,7.5,1.12281
11788,16.5,26.5,8.5,1.12281
11789,16.5,26.5,9.5,1.12281
11790,16.5,27.5,0.5,1.12281
11791,16.5,27.5,1.5,1.12281
11792,16.5,27.5,2.5,1.12281
11793,16.5,27.5,3.5,1.12281
11794,16.5,27.5,4.5,1.12281
11795,16.5,27.5,5.5,1.12281
11796,16.5,27.5,6.5,1.12281
11797,16.5,27.5,7.5,1.12281
11798,16.5,27.5,8.5,1.12281
11799,16.5,27.5,9.5,1.12281
11800,16.5,28.5,0.5,1.12281
11801,16.5,28.5,1.5,1.12281
11802,16.5,28.5,2.5,1.12281
11803,16.5,28.5,3.5,1.12281
11804,16.5,28.5,4.5,1.12281
11805,16.5,28.5,5.5,1.12281
11806,16.5,28.5,6.5,1.12281
11807,16.5,28.5,7.5,1.12281
11808,16.5,28.5,8.5,1.12281
11809,16.5,28.5,9.5,1.12281
11810,16.5,29.5,0.5,1.12281
11811,16.5,29.5,1.5,1.12281
11812,16.5,29.5,2.5,1.12281
11813,16.5,29.5,3.5,1.12281
11814,16.5,29.5,4.5,1.12281
11815,16.5,29.5,5.5,1.12281
11816,16.5,29.5,6.5,1.12281
11817,16.5,29.5,7.5,1.12281
11818,16.5,29.5,8.5,1.12281
11819,16.5,29.5,9.5,1.12281
11820,16.5,30.5,0.5,1.12281
11821,16.5,30.5,1.5,1.12281
11822,16.5,30.5,2.5,1.12281
11823,16.5,30.5,3.5,1.12281
11824,16.5,30.5,4.5,1.12281
11825,16.5,30.5,5.5,1.12281
11826,16.5,30.5,6.5,1.12281
11827,16.5,30.5,7.5,1.12281
11828,16.5,30.5,8.5,1.12281
11829,16.5,30.5,9.5,1.12281
11830,16.5,31.5,0.5,1.12281
11831,16.5,31.5,1.5,1.12281
11832,16.5,31.5,2.5,1.12281
11833,16.5,31.5,3.5,1.12281
11834,16.5,31.5,4.5,1.12281
11835,16.5,31.5,5.5,1.12281
11836,16.5,31.5,6.5,1.12281
11837,16.5,31.5,7.5,1.12281
11838,16.5,31.5,8.5,1.12281
11839,16.5,31.5,9.5,1.12281
11840,16.5,32.5,0.5,1.12281
11841,16.5,32.5,1.5,1.12281
11842,16.5,32.5,2.5,1.12281
11843,16.5,32.5,3.5,1.12281
11844,16.5,32.5,4.5,1.12281
11845,16.5,32.5,5.5,1.12281
11846,16.5,32.5,6.5,1.12281
11847,16.5,32.5,7.5,1.12281
11848,16.5,32.5,8.5,1.12281
11849,16.5,32.5,9.5,1.12281
11850,16.5,33.5,0.5,1.12281
11851,16.5,33.5,1.5,1.12281
11852,16.5,33.5,2.5,1.12281
11853,16.5,33.5,3.5,1.12281
11854,16.5,33.5,4.5,1.12281
11855,16.5,33.5,5.5,1.12281
11856,16.5,33.5,6.5,1.12281
11857,16.5,33.5,7.5,1.12281
11858,16.5,33.5,8.5,1.12281
11859,16.5,33.5,9.5,1.12281
11860,16.5,34.5,0.5,1.12281
11861,16.5,34.5,1.5,1.12281
11862,16.5,34.5,2.5,1.12281
11863,16.5,34.5,3.5,1.12281
11864,16.5,34.5,4.5,1.12281
11865,16.5,34.5,5.5,1.12281
11866,16.5,34.5,6.5,1.12281
11867,16.5,34.5,7.5,1.12281
11868,16.5,34.5,8.5,1.12281
11869,16.5,34.5,9.5,1.12281
11870,16.5,35.5,0.5,1.12281
11871,16.5,35.5,1.5,1.12281
11872,16.5,35.5,2.5,1.12281
11873,16.5,35.5,3.5,1.12281
11874,16.5,35.5,4.5,1.12281
11875,16.5,35.5,5.5,1.12281
11876,16.5,35.5,6.5,1.12281
11877,16.5,35.5,7.5,1.12281
11878,16.5,35.5,8.5,1.12281
11879,16.5,35.5,9.5,1.12281
11880,17.5,0.5,0.5,1.12281
11881,17.5,0.5,1.5,1.12281
11882,17.5,0.5,2.5,1.12281
11883,17.5,0.5,3.5,1.12281
11884,17.5,0.5,4.5,1.12281
11885,17.5,0.5,5.5,1.12281
11886,17.5,0.5,6.5,1.12281
11887,17.5,0.5,7.5,1.12281
11888,17.5,0.5,8.5,1.12281
11889,17.5,0.5,9.5,1.12281
11890,17.5,1.5,0.5,1.12281
11891,17.5,1.5,1.5,1.12281
11892,17.5,1.5,2.5,1.12281
11893,17.5,1.5,3.5,1.12281
11894,17.5,1.5,4.5,1.12281
11895,17.5,1.5,5.5,1.12281
11896,17.5,1.5,6.5,1.12281
11897,17.5,1.5,7.5,1.12281
11898,17.5,1.5,8.5,1.12281
11899,17.5,1.5,9.5,1.12281
11900,17.5,2.5,0.5,1.12281
11901,17.5,2.5,1.5,1.12281
11902,17.5,2.5,2.5,1.12281
11903,17.5,2.5,3.5,1.12281
11904,17.5,2.5,4.5,1.12281
11905,17.5,2.5,5.5,1.12281
11906,17.5,2.5,6.5,1.12281
11907,17.5,2.5,7.5,1.12281
11908,17.5,2.5,8.5,1.12281
11909,17.5,2.5,9.5,1.12281
11910,17.5,3.5,0.5,1.12281
11911,17.5,3.5,1.5,1.12281
11912,17.5,3.5,2.5,1.12281
11913,17.5,3.5,3.5,1.12281
11914,17.5,3.5,4.5,1.12281
11915,17.5,3.5,5.5,1.12281
11916,17.5,3.5,6.5,1.12281
11917,17.5,3.5,7.5,1.12281
11918,17.5,3.5,8.5,1.12281
11919,17.5,3.5,9.5,1.12281
11920,17.5,4.5,0.5,1.12281
11921,17.5,4.5,1.5,1.12281
11922,17.5,4.5,2.5,1.12281
11923,17.5,4.5,3.5,1.12281
11924,17.5,4.5,4.5,1.12281
11925,17.5,4.5,5.5,1.12281
11926,17.5,4.5,6.5,1.12281
11927,17.5,4.5,7.5,1.12281
11928,17.5,4.5,8.5,1.12281
11929,17.5,4.5,9.5,1.12281
11930,17.5,5.5,0.5,1.12281
11931,17.5,5.5,1.5,1.12281
11932,17.5,5.5,2.5,1.12281
11933,17.5,5.5,3.5,1.12281
11934,17.5,5.5,4.5,1.12281
11935,17.5,5.5,5.5,1.12281
11936,17.5,5.5,6.5,1.12281
11937,17.5,5.5,7.5,1.12281
11938,17.5,5.5,8.5,1.12281
11939,17.5,5.5,9.5,1.12281
11940,17.5,6.5,0.5,1.12281
11941,17.5,6.5,1.5,1.12281
11942,17.5,6.5,2.5,1.12281
11943,17.5,6.5,3.5,1.12281
11944,17.5,6.5,4.5,1.12281
11945,17.5,6.5,5.5,1.12281
11946,17.5,6.5,6.5,1.12281
11947,17.5,6.5,7.5,1.12281
11948,17.5,6.5,8.5,1.12281
11949,17.5,6.5,9.5,1.12281
11950,17.5,7.5,0.5,1.12281
11951,17.5,7.5,1.5,1.12281
11952,17.5,7.5,2.5,1.12281
11953,17.5,7.5,3.5,1.12281
11954,17.5,7.5,4.5,1.12281
11955,17.5,7.5,5.5,1.12281
11956,17.5,7.5,6.5,1.12281
11957,17.5,7.5,7.5,1.12281
11958,17.5,7.5,8.5,1.12281
11959,17.5,7.5,9.5,1.12281
11960,17.5,8.5,0.5,1.12281
11961,17.5,8.5,1.5,1.12281
11962,17.5,8.5,2.5,1.12281
11963,17.5,8.5,3.5,1.12281
11964,17.5,8.5,4.5,1.12281
11965,17.5,8.5,5.5,1.12281
11966,17.5,8.5,6.5,1.12281
11967,17.5,8.5,7.5,1.12281
11968,17.5,8.5,8.5,1.12281
11969,17.5,8.5,9.5,1.12281
11970,17.5,9.5,0.5,1.12281
11971,17.5,9.5,1.5,1.12281
11972,17.5,9.5,2.5,1.12281
11973,17.5,9.5,3.5,1.12281
11974,17.5,9.5,4.5,1.12281
11975,17.5,9.5,5.5,1.12281
11976,17.5,9.5,6.5,1.12281
11977,17.5,9.5,7.5,1.12281
11978,17.5,9.5,8.5,1.12281
11979,17.5,9.5,9.5,1.12281
11980,17.5,10.5,0.5,1.12281
11981,17.5,10.5,1.5,1.12281
11982,17.5,10.5,2.5,1.12281
11983,17.5,10.5,3.5,1.12281
11984,17.5,10.5,4.5,1.12281
11985,17.5,10.5,5.5,1.12281
11986,17.5,10.5,6.5,1.12281
11987,17.5,10.5,7.5,1.12281
11988,17.5,10.5,8.5,1.12281
11989,17.5,10.5,9.5,1.12281
11990,17.5,11.5,0.5,1.12281
11991,17.5,11.5,1.5,1.12281
11992,17.5,11.5,2.5,1.12281
11993,17.5,11.5,3.5,1.12281
11994,17.5,11.5,4.5,1.12281
11995,17.5,11.5,5.5,1.12281
11996,17.5,11.5,6.5,1.12281
11997,17.5,11.5,7.5,1.12281
11998,17.5,11.5,8.5,1.12281
11999,17.5,11.5,9.5,1.12281
12000,17.5,12.5,0.5,1.12281
12001,17.5,12.5,1.5,1.12281
12002,17.5,12.5,2.5,1.12281
12003,17.5,12.5,3.5,1.12281
12004,17.5,12.5,4.5,1.12281
12005,17.5,12.5,5.5,1.12281
12006,17.5,12.5,6.5,1.12281
12007,17.5,12.5,7.5,1.12281
12008,17.5,12.5,8.5,1.12281
12009,17.5,12.5,9.5,1.12281
12010,17.5,13.5,0.5,1.12281
12011,17.5,13.5,1.5,1.12281
12012,17.5,13.5,2.5,1.12281
12013,17.5,13.5,3.5,1.12281
12014,17.5,13.5,4.5,1.12281
12015,17.5,13.5,5.5,1.12281
12016,17.5,13.5,6.5,1.12281
12017,17.5,13.5,7.5,1.12281
12018,17.5,13.5,8.5,1.12281
12019,17.5,13.5,9.5,1.12281
12020,17.5,14.5,0.5,1.12281
12021,17.5,14.5,1.5,1.12281
12022,17.5,14.5,2.5,1.12281
12023,17.5,14.5,3.5,1.12281
12024,17.5,14.5,4.5,1.12281
12025,17.5,14.5,5.5,1.12281
12026,17.5,14.5,6.5,1.12281
12027,17.5,14.5,7.5,1.12281
12028,17.5,14.5,8.5,1.12281
12029,17.5,14.5,9.5,1.12281
12030,17.5,15.5,0.5,1.12281
12031,17.5,15.5,1.5,1.12281
12032,17.5,15.5,2.5,1.12281
12033,17.5,15.5,3.5,1.12281
12034,17.5,15.5,4.5,1.12281
12035,17.5,15.5,5.5,1.12281
12036,17.5,15.5,6.5,1.12281
12037,17.5,15.5,7.5,1.12281
12038,17.5,15.5,8.5,1.12281
12039,17.5,15.5,9.5,1.12281
12040,17.5,16.5,0.5,1.12281
12041,17.5,16.5,1.5,1.12281
12042,17.5,16.5,2.5,1.12281
12043,17.5,16.5,3.5,1.12281
12044,17.5,16.5,4.5,1.12281
12045,17.5,16.5,5.5,1.12281
12046,17.5,16.5,6.5,1.12281
12047,17.5,16.5,7.5,1.12281
12048,17.5,16.5,8.5,1.12281
12049,17.5,16.5,9.5,1.12281
12050,17.5,17.5,0.5,1.12281
12051,17.5,17.5,1.5,1.12281
12052,17.5,17.5,2.5,1.12281
12053,17.5,17.5,3.5,1.12281
12054,17.5,17.5,4.5,1.12281
12055,17.5,17.5,5.5,1.12281
12056,17.5,17.5,6.5,1.12281
12057,17.5,17.5,7.5,1.12281
12058,17.5,17.5,8.5,1.12281
12059,17.5,17.5,9.5,1.12281
12060,17.5,18.5,0.5,1.12281
12061,17.5,18.5,1.5,1.12281
12062,17.5,18.5,2.5,1.12281
12063,17.5,18.5,3.5,1.12281
12064,17.5,18.5,4.5,1.12281
12065,17.5,18.5,5.5,1.12281
12066,17.5,18.5,6.5,1.12281
12067,17.5,18.5,7.5,1.12281
12068,17.5,18.5,8.5,1.12281
12069,17.5,18.5,9.5,1.12281
12070,17.5,19.5,0.5,1.12281
12071,17.5,19.5,1.5,1.12281
12072,17.5,19.5,2.5,1.12281
12073,17.5,19.5,3.5,1.12281
12074,17.5,19.5,4.5,1.12281
12075,17.5,19.5,5.5,1.12281
12076,17.5,19.5,6.5,1.12281
12077,17.5,19.5,7.5,1.12281
12078,17.5,19.5,8.5,1.12281
12079,17.5,19.5,9.5,1.12281
12080,17.5,20.5,0.5,1.12281
12081,17.5,20.5,1.5,1.12281
12082,17.5,20.5,2.5,1.12281
12083,17.5,20.5,3.5,1.12281
12084,17.5,20.5,4.5,1.12281
12085,17.5,20.5,5.5,1.12281
12086,17.5,20.5,6.5,1.12281
12087,17.5,20.5,7.5,1.12281
12088,17.5,20.5,8.5,1.12281
12089,17.5,20.5,9.5,1.12281
12090,17.5,21.5,0.5,1.12281
12091,17.5,21.5,1.5,1.12281
12092,17.5,21.5,2.5,1.12281
12093,17.5,21.5,3.5,1.12281
12094,17.5,21.5,4.5,1.12281
12095,17.5,21.5,5.5,1.12281
12096,17.5,21.5,6.5,1.12281
12097,17.5,21.5,7.5,1.12281
12098,17.5,21.5,8.5,1.12281
12099,17.5,21.5,9.5,1.12281
12100,17.5,22.5,0.5,1.12281
12101,17.5,22.5,1.5,1.12281
12102,17.5,22.5,2.5,1.12281
12103,17.5,22.5,3.5,1.12281
12104,17.5,22.5,4.5,1.12281
12105,17.5,22.5,5.5,1.12281
12106,17.5,22.5,6.5,1.12281
12107,17.5,22.5,7.5,1.12281
12108,17.5,22.5,8.5,1.12281
12109,17.5,22.5,9.5,1.12281
12110,17.5,23.5,0.5,1.12281
12111,17.5,23.5,1.5,1.12281
12112,17.5,23.5,2.5,1.12281
12113,17.5,23.5,3.5,1.12281
12114,17.5,23.5,4.5,1.12281
12115,17.5,23.5,5.5,1.12281
12116,17.5,23.5,6.5,1.12281
12117,17.5,23.5,7.5,1.12281
12118,17.5,23.5,8.5,1.12281
12119,17.5,23.5,9.5,1.12281
12120,17.5,24.5,0.5,1.12281
12121,17.5,24.5,1.5,1.12281
12122,17.5,24.5,2.5,1.12281
12123,17.5,24.5,3.5,1.12281
12124,17.5,24.5,4.5,1.12281
12125,17.5,24.5,5.5,1.12281
12126,17.5,24.5,6.5,1.12281
12127,17.5,24.5,7.5,1.12281
12128,17.5,24.5,8.5,1.12281
12129,17.5,24.5,9.5,1.12281
12130,17.5,25.5,0.5,1.12281
12131,17.5,25.5,1.5,1.12281
12132,17.5,25.5,2.5,1.12281
12133,17.5,25.5,3.5,1.12281
12134,17.5,25.5,4.5,1.12281
12135,17.5,25.5,5.5,1.12281
12136,17.5,25.5,6.5,1.12281
12137,17.5,25.5,7.5,1.12281
12138,17.5,25.5,8.5,1.12281
12139,17.5,25.5,9.5,1.12281
12140,17.5,26.5,0.5,1.12281
12141,17.5,26.5,1.5,1.12281
12142,17.5,26.5,2.5,1.12281
12143,17.5,26.5,3.5,1.12281
12144,17.5,26.5,4.5,1.12281
12145,17.5,26.5,5.5,1.12281
12146,17.5,26.5,6.5,1.12281
12147,17.5,26.5,7.5,1.12281
12148,17.5,26.5,8.5,1.12281
12149,17.5,26.5,9.5,1.12281
12150,17.5,27.5,0.5,1.12281
12151,17.5,27.5,1.5,1.12281
12152,17.5,27.5,2.5,1.12281
12153,17.5,27.5,3.5,1.12281
12154,17.5,27.5,4.5,1.12281
12155,17.5,27.5,5.5,1.12281
12156,17.5,27.5,6.5,1.12281
12157,17.5,27.5,7.5,1.12281
12158,17.5,27.5,8.5,1.12281
12159,17.5,27.5,9.5,1.12281
12160,17.5,28.5,0.5,1.12281
12161,17.5,28.5,1.5,1.12281
12162,17.5,28.5,2.5,1.12281
12163,17.5,28.5,3.5,1.12281
12164,17.5,28.5,4.5,1.12281
12165,17.5,28.5,5.5,1.12281
12166,17.5,28.5,6.5,1.12281
12167,17.5,28.5,7.5,1.12281
12168,17.5,28.5,8.5,1.12281
12169,17.5,28.5,9.5,1.12281
12170,17.5,29.5,0.5,1.12281
12171,17.5,29.5,1.5,1.12281
12172,17.5,29.5,2.5,1.12281
12173,17.5,29.5,3.5,1.12281
12174,17.5,29.5,4.5,1.12281
12175,17.5,29.5,5.5,1.12281
12176,17.5,29.5,6.5,1.12281
12177,17.5,29.5,7.5,1.12281
12178,17.5,29.5,8.5,1.12281
12179,17.5,29.5,9.5,1.12281
12180,17.5,30.5,0.5,1.12281
12181,17.5,30.5,1.5,1.12281
12182,17.5,30.5,2.5,1.12281
12183,17.5,30.5,3.5,1.12281
12184,17.5,30.5,4.5,1.12281
12185,17.5,30.5,5.5,1.12281
12186,17.5,30.5,6.5,1.12281
12187,17.5,30.5,7.5,1.12281
12188,17.5,30.5,8.5,1.12281
12189,17.5,30.5,9.5,1.12281
12190,17.5,31.5,0.5,1.12281
12191,17.5,31.5,1.5,1.12281
12192,17.5,31.5,2.5,1.12281
12193,17.5,31.5,3.5,1.12281
12194,17.5,31.5,4.5,1.12281
12195,17.5,31.5,5.5,1.12281
12196,17.5,31.5,6.5,1.12281
12197,17.5,31.5,7.5,1.12281
12198,17.5,31.5,8.5,1.12281
12199,17.5,31.5,9.5,1.12281
12200,17.5,32.5,0.5,1.12281
12201,17.5,32.5,1.5,1.12281
12202,17.5,32.5,2.5,1.12281
12203,17.5,32.5,3.5,1.12281
12204,17.5,32.5,4.5,1.12281
12205,17.5,32.5,5.5,1.12281
12206,17.5,32.5,6.5,1.12281
12207,17.5,32.5,7.5,1.12281
12208,17.5,32.5,8.5,1.12281
12209,17.5,32.5,9.5,1.12281
12210,17.5,33.5,0.5,1.12281
12211,17.5,33.5,1.5,1.12281
12212,17.5,33.5,2.5,1.12281
12213,17.5,33.5,3.5,1.12281
12214,17.5,33.5,4.5,1.12281
12215,17.5,33.5,5.5,1.12281
12216,17.5,33.5,6.5,1.12281
12217,17.5,33.5,7.5,1.12281
12218,17.5,33.5,8.5,1.12281
12219,17.5,33.5,9.5,1.12281
12220,17.5,34.5,0.5,1.12281
12221,17.5,34.5,1.5,1.12281
12222,17.5,34.5,2.5,1.12281
12223,17.5,34.5,3.5,1.12281
12224,17.5,34.5,4.5,1.12281
12225,17.5,34.5,5.5,1.12281
12226,17.5,34.5,6.5,1.12281
12227,17.5,34.5,7.5,1.12281
12228,17.5,34.5,8.5,1.12281
12229,17.5,34.5,9.5,1.12281
12230,17.5,35.5,0.5,1.12281
12231,17.5,35.5,1.5,1.12281
12232,17.5,35.5,2.5,1.12281
12233,17.5,35.5,3.5,1.12281
12234,17.5,35.5,4.5,1.12281
12235,17.5,35.5,5.5,1.12281
12236,17.5,35.5,6.5,1.12281
12237,17.5,35.5,7.5,1.12281
12238,17.5,35.5,8.5,1.12281
12239,17.5,35.5,9.5,1.12281
12240,18.5,0.5,0.5,1.12281
12241,18.5,0.5,1.5,1.12281
12242,18.5,0.5,2.5,1.12281
12243,18.5,0.5,3.5,1.12281
12244,18.5,0.5,4.5,1.12281
12245,18.5,0.5,5.5,1.12281
12246,18.5,0.5,6.5,1.12281
12247,18.5,0.5,7.5,1.12281
12248,18.5,0.5,8.5,1.12281
12249,18.5,0.5,9.5,1.12281
12250,18.5,1.5,0.5,1.12281
12251,18.5,1.5,1.5,1.12281
12252,18.5,1.5,2.5,1.12281
12253,18.5,1.5,3.5,1.12281
12254,18.5,1.5,4.5,1.12281
12255,18.5,1.5,5.5,1.12281
12256,18.5,1.5,6.5,1.12281
12257,18.5,1.5,7.5,1.12281
12258,18.5,1.5,8.5,1.12281
12259,18.5,1.5,9.5,1.12281
12260,18.5,2.5,0.5,1.12281
12261,18.5,2.5,1.5,1.12281
12262,18.5,2.5,2.5,1.12281
12263,18.5,2.5,3.5,1.12281
12264,18.5,2.5,4.5,1.12281
12265,18.5,2.5,5.5,1.12281
12266,18.5,2.5,6.5,1.12281
12267,18.5,2.5,7.5,1.12281
12268,18.5,2.5,8.5,1.12281
12269,18.5,2.5,9.5,1.12281
12270,18.5,3.5,0.5,1.12281
12271,18.5,3.5,1.5,1.12281
12272,18.5,3.5,2.5,1.12281
12273,18.5,3.5,3.5,1.12281
12274,18.5,3.5,4.5,1.12281
12275,18.5,3.5,5.5,1.12281
12276,18.5,3.5,6.5,1.12281
12277,18.5,3.5,7.5,1.12281
12278,18.5,3.5,8.5,1.12281
12279,18.5,3.5,9.5,1.12281
12280,18.5,4.5,0.5,1.12281
12281,18.5,4.5,1.5,1.12281
12282,18.5,4.5,2.5,1.12281
12283,18.5,4.5,3.5,1.12281
12284,18.5,4.5,4.5,1.12281
12285,18.5,4.5,5.5,1.12281
12286,18.5,4.5,6.5,1.12281
12287,18.5,4.5,7.5,1.12281
12288,18.5,4.5,8.5,1.12281
12289,18.5,4.5,9.5,1.12281
12290,18.5,5.5,0.5,1.12281
12291,18.5,5.5,1.5,1.12281
12292,18.5,5.5,2.5,1.12281
12293,18.5,5.5,3.5,1.12281
12294,18.5,5.5,4.5,1.12281
12295,18.5,5.5,5.5,1.12281
12296,18.5,5.5,6.5,1.12281
12297,18.5,5.5,7.5,1.12281
12298,18.5,5.5,8.5,1.12281
12299,18.5,5.5,9.5,1.12281
12300,18.5,6.5,0.5,1.12281
12301,18.5,6.5,1.5,1.12281
12302,18.5,6.5,2.5,1.12281
12303,18.5,6.5,3.5,1.12281
12304,18.5,6.5,4.5,1.12281
12305,18.5,6.5,5.5,1.12281
12306,18.5,6.5,6.5,1.12281
12307,18.5,6.5,7.5,1.12281
12308,18.5,6.5,8.5,1.12281
12309,18.5,6.5,9.5,1.12281
12310,18.5,7.5,0.5,1.12281
12311,18.5,7.5,1.5,1.12281
12312,18.5,7.5,2.5,1.12281
12313,18.5,7.5,3.5,1.12281
12314,18.5,7.5,4.5,1.12281
12315,18.5,7.5,5.5,1.12281
12316,18.5,7.5,6.5,1.12281
12317,18.5,7.5,7.5,1.12281
12318,18.5,7.5,8.5,1.12281
12319,18.5,7.5,9.5,1.12281
12320,18.5,8.5,0.5,1.12281
12321,18.5,8.5,1.5,1.12281
12322,18.5,8.5,2.5,1.12281
12323,18.5,8.5,3.5,1.12281
12324,18.5,8.5,4.5,1.12281
12325,18.5,8.5,5.5,1.12281
12326,18.5,8.5,6.5,1.12281
12327,18.5,8.5,7.5,1.12281
12328,18.5,8.5,8.5,1.12281
12329,18.5,8.5,9.5,1.12281
12330,18.5,9.5,0.5,1.12281
12331,18.5,9.5,1.5,1.12281
12332,18.5,9.5,2.5,1.12281
12333,18.5,9.5,3.5,1.12281
12334,18.5,9.5,4.5,1.12281
12335,18.5,9.5,5.5,1.12281
12336,18.5,9.5,6.5,1.12281
12337,18.5,9.5,7.5,1.12281
12338,18.5,9.5,8.5,1.12281
12339,18.5,9.5,9.5,1.12281
12340,18.5,10.5,0.5,1.12281
12341,18.5,10.5,1.5,1.12281
12342,18.5,10.5,2.5,1.12281
12343,18.5,10.5,3.5,1.12281
12344,18.5,10.5,4.5,1.12281
12345,18.5,10.5,5.5,1.12281
12346,18.5,10.5,6.5,1.12281
12347,18.5,10.5,7.5,1.12281
12348,18.5,10.5,8.5,1.12281
12349,18.5,10.5,9.5,1.12281
12350,18.5,11.5,0.5,1.12281
12351,18.5,11.5,1.5,1.12281
12352,18.5,11.5,2.5,1.12281
12353,18.5,11.5,3.5,1.12281
12354,18.5,11.5,4.5,1.12281
12355,18.5,11.5,5.5,1.12281
12356,18.5,11.5,6.5,1.12281
12357,18.5,11.5,7.5,1.12281
12358,18.5,11.5,8.5,1.12281
12359,18.5,11.5,9.5,1.12281
12360,18.5,12.5,0.5,1.12281
12361,18.5,12.5,1.5,1.12281
12362,18.5,12.5,2.5,1.12281
12363,18.5,12.5,3.5,1.12281
12364,18.5,12.5,4.5,1.12281
12365,18.5,12.5,5.5,1.12281
12366,18.5,12.5,6.5,1.12281
12367,18.5,12.5,7.5,1.12281
12368,18.5,12.5,8.5,1.12281
12369,18.5,12.5,9.5,1.12281
12370,18.5,13.5,0.5,1.12281
12371,18.5,13.5,1.5,1.12281
12372,18.5,13.5,2.5,1.12281
12373,18.5,13.5,3.5,1.12281
12374,18.5,13.5,4.5,1.12281
12375,18.5,13.5,5.5,1.12281
12376,18.5,13.5,6.5,1.12281
12377,18.5,13.5,7.5,1.12281
12378,18.5,13.5,8.5,1.12281
12379,18.5,13.5,9.5,1.12281
12380,18.5,14.5,0.5,1.12281
12381,18.5,14.5,1.5,1.12281
12382,18.5,14.5,2.5,1.12281
12383,18.5,14.5,3.5,1.12281
12384,18.5,14.5,4.5,1.12281
12385,18.5,14.5,5.5,1.12281
12386,18.5,14.5,6.5,1.12281
12387,18.5,14.5,7.5,1.12281
12388,18.5,14.5,8.5,1.12281
12389,18.5,14.5,9.5,1.12281
12390,18.5,15.5,0.5,1.12281
12391,18.5,15.5,1.5,1.12281
12392,18.5,15.5,2.5,1.12281
12393,18.5,15.5,3.5,1.12281
12394,18.5,15.5,4.5,1.12281
12395,18.5,15.5,5.5,1.12281
12396,18.5,15.5,6.5,1.12281
12397,18.5,15.5,7.5,1.12281
12398,18.5,15.5,8.5,1.12281
12399,18.5,15.5,9.5,1.12281
12400,18.5,16.5,0.5,1.12281
12401,18.5,16.5,1.5,1.12281
12402,18.5,16.5,2.5,1.12281
12403,18.5,16.5,3.5,1.12281
12404,18.5,16.5,4.5,1.12281
12405,18.5,16.5,5.5,1.12281
12406,18.5,16.5,6.5,1.12281
12407,18.5,16.5,7.5,1.12281
12408,18.5,16.5,8.5,1.12281
12409,18.5,16.5,9.5,1.12281
12410,18.5,17.5,0.5,1.12281
12411,18.5,17.5,1.5,1.12281
12412,18.5,17.5,2.5,1.12281
12413,18.5,17.5,3.5,1.12281
12414,18.5,17.5,4.5,1.12281
12415,18.5,17.5,5.5,1.12281
12416,18.5,17.5,6.5,1.12281
12417,18.5,17.5,7.5,1.12281
12418,18.5,17.5,8.5,1.12281
12419,18.5,17.5,9.5,1.12281
12420,18.5,18.5,0.5,1.12281
12421,18.5,18.5,1.5,1.12281
12422,18.5,18.5,2.5,1.12281
12423,18.5,18.5,3.5,1.12281
12424,18.5,18.5,4.5,1.12281
12425,18.5,18.5,5.5,1.12281
12426,18.5,18.5,6.5,1.12281
12427,18.5,18.5,7.5,1.12281
12428,18.5,18.5,8.5,1.12281
12429,18.5,18.5,9.5,1.12281
12430,18.5,19.5,0.5,1.12281
12431,18.5,19.5,1.5,1.12281
12432,18.5,19.5,2.5,1.12281
12433,18.5,19.5,3.5,1.12281
12434,18.5,19.5,4.5,1.12281
12435,18.5,19.5,5.5,1.12281
12436,18.5,19.5,6.5,1.12281
12437,18.5,19.5,7.5,1.12281
12438,18.5,19.5,8.5,1.12281
12439,18.5,19.5,9.5,1.12281
12440,18.5,20.5,0.5,1.12281
12441,18.5,20.5,1.5,1.12281
12442,18.5,20.5,2.5,1.12281
12443,18.5,20.5,3.5,1.12281
12444,18.5,20.5,4.5,1.12281
12445,18.5,20.5,5.5,1.12281
12446,18.5,20.5,6.5,1.12281
12447,18.5,20.5,7.5,1.12281
12448,18.5,20.5,8.5,1.12281
12449,18.5,20.5,9.5,1.12281
12450,18.5,21.5,0.5,1.12281
12451,18.5,21.5,1.5,1.12281
12452,18.5,21.5,2.5,1.12281
12453,18.5,21.5,3.5,1.12281
12454,18.5,21.5,4.5,1.12281
12455,18.5,21.5,5.5,1.12281
12456,18.5,21.5,6.5,1.12281
12457,18.5,21.5,7.5,1.12281
12458,18.5,21.5,8.5,1.12281
12459,18.5,21.5,9.5,1.12281
12460,18.5,22.5,0.5,1.12281
12461,18.5,22.5,1.5,1.12281
12462,18.5,22.5,2.5,1.12281
12463,18.5,22.5,3.5,1.12281
12464,18.5,22.5,4.5,1.12281
12465,18.5,22.5,5.5,1.12281
12466,18.5,22.5,6.5,1.12281
12467,18.5,22.5,7.5,1.12281
12468,18.5,22.5,8.5,1.12281
12469,18.5,22.5,9.5,1.12281
12470,18.5,23.5,0.5,1.12281
12471,18.5,23.5,1.5,1.12281
12472,18.5,23.5,2.5,1.12281
12473,18.5,23.5,3.5,1.12281
12474,18.5,23.5,4.5,1.12281
12475,18.5,23.5,5.5,1.12281
12476,18.5,23.5,6.5,1.12281
12477,18.5,23.5,7.5,1.12281
12478,18.5,23.5,8.5,1.12281
12479,18.5,23.5,9.5,1.12281
12480,18.5,24.5,0.5,1.12281
12481,18.5,24.5,1.5,1.12281
12482,18.5,24.5,2.5,1.12281
12483,18.5,24.5,3.5,1.12281
12484,18.5,24.5,4.5,1.12281
12485,18.5,24.5,5.5,1.12281
12486,18.5,24.5,6.5,1.12281
12487,18.5,24.5,7.5,1.12281
12488,18.5,24.5,8.5,1.12281
12489,18.5,24.5,9.5,1.12281
12490,18.5,25.5,0.5,1.12281
12491,18.5,25.5,1.5,1.12281
12492,18.5,25.5,2.5,1.12281
12493,18.5,25.5,3.5,1.12281
12494,18.5,25.5,4.5,1.12281
12495,18.5,25.5,5.5,1.12281
12496,18.5,25.5,6.5,1.12281
12497,18.5,25.5,7.5,1.12281
12498,18.5,25.5,8.5,1.12281
12499,18.5,25.5,9.5,1.12281
12500,18.5,26.5,0.5,1.12281
12501,18.5,26.5,1.5,1.12281
12502,18.5,26.5,2.5,1.12281
12503,18.5,26.5,3.5,1.12281
12504,18.5,26.5,4.5,1.12281
12505,18.5,26.5,5.5,1.12281
12506,18.5,26.5,6.5,1.12281
12507,18.5,26.5,7.5,1.12281
12508,18.5,26.5,8.5,1.12281
12509,18.5,26.5,9.5,1.12281
12510,18.5,27.5,0.5,1.12281
12511,18.5,27.5,1.5,1.12281
12512,18.5,27.5,2.5,1.12281
12513,18.5,27.5,3.5,1.12281
12514,18.5,27.5,4.5,1.12281
12515,18.5,27.5,5.5,1.12281
12516,18.5,27.5,6.5,1.12281
12517,18.5,27.5,7.5,1.12281
12518,18.5,27.5,8.5,1.12281
12519,18.5,27.5,9.5,1.12281
12520,18.5,28.5,0.5,1.12281
12521,18.5,28.5,1.5,1.12281
12522,18.5,28.5,2.5,1.12281
12523,18.5,28.5,3.5,1.12281
12524,18.5,28.5,4.5,1.12281
12525,18.5,28.5,5.5,1.12281
12526,18.5,28.5,6.5,1.12281
12527,18.5,28.5,7.5,1.12281
12528,18.5,28.5,8.5,1.12281
12529,18.5,28.5,9.5,1.12281
12530,18.5,29.5,0.5,1.12281
12531,18.5,29.5,1.5,1.12281
12532,18.5,29.5,2.5,1.12281
12533,18.5,29.5,3.5,1.12281
12534,18.5,29.5,4.5,1.12281
12535,18.5,29.5,5.5,1.12281
12536,18.5,29.5,6.5,1.12281
12537,18.5,29.5,7.5,1.12281
12538,18.5,29.5,8.5,1.12281
12539,18.5,29.5,9.5,1.12281
12540,18.5,30.5,0.5,1.12281
12541,18.5,30.5,1.5,1.12281
12542,18.5,30.5,2.5,1.12281
12543,18.5,30.5,3.5,1.12281
12544,18.5,30.5,4.5,1.12281
12545,18.5,30.5,5.5,1.12281
12546,18.5,30.5,6.5,1.12281
12547,18.5,30.5,7.5,1.12281
12548,18.5,30.5,8.5,1.12281
12549,18.5,30.5,9.5,1.12281
12550,18.5,31.5,0.5,1.12281
12551,18.5,31.5,1.5,1.12281
12552,18.5,31.5,2.5,1.12281
12553,18.5,31.5,3.5,1.12281
12554,18.5,31.5,4.5,1.12281
12555,18.5,31.5,5.5,1.12281
12556,18.5,31.5,6.5,1.12281
12557,18.5,31.5,7.5,1.12281
12558,18.5,31.5,8.5,1.12281
12559,18.5,31.5,9.5,1.12281
12560,18.5,32.5,0.5,1.12281
12561,18.5,32.5,1.5,1.12281
12562,18.5,32.5,2.5,1.12281
12563,18.5,32.5,3.5,1.12281
12564,18.5,32.5,4.5,1.12281
12565,18.5,32.5,5.5,1.12281
12566,18.5,32.5,6.5,1.12281
12567,18.5,32.5,7.5,1.12281
12568,18.5,32.5,8.5,1.12281
12569,18.5,32.5,9.5,1.12281
12570,18.5,33.5,0.5,1.12281
12571,18.5,33.5,1.5,1.12281
12572,18.5,33.5,2.5,1.12281
12573,18.5,33.5,3.5,1.12281
12574,18.5,33.5,4.5,1.12281
12575,18.5,33.5,5.5,1.12281
12576,18.5,33.5,6.5,1.12281
12577,18.5,33.5,7.5,1.12281
12578,18.5,33.5,8.5,1.12281
12579,18.5,33.5,9.5,1.12281
12580,18.5,34.5,0.5,1.12281
12581,18.5,34.5,1.5,1.12281
12582,18.5,34.5,2.5,1.12281
12583,18.5,34.5,3.5,1.12281
12584,18.5,34.5,4.5,1.12281
12585,18.5,34.5,5.5,1.12281
12586,18.5,34.5,6.5,1.12281
12587,18.5,34.5,7.5,1.12281
12588,18.5,34.5,8.5,1.12281
12589,18.5,34.5,9.5,1.12281
12590,18.5,35.5,0.5,1.12281
12591,18.5,35.5,1.5,1.12281
12592,18.5,35.5,2.5,1.12281
12593,18.5,35.5,3.5,1.12281
12594,18.5,35.5,4.5,1.12281
12595,18.5,35.5,5.5,1.12281
12596,18.5,35.5,6.5,1.12281
12597,18.5,35.5,7.5,1.12281
12598,18.5,35.5,8.5,1.12281
12599,18.5,35.5,9.5,1.12281
12600,19.5,0.5,0.5,1.12281
12601,19.5,0.5,1.5,1.12281
12602,19.5,0.5,2.5,1.12281
12603,19.5,0.5,3.5,1.12281
12604,19.5,0.5,4.5,1.12281
12605,19.5,0.5,5.5,1.12281
12606,19.5,0.5,6.5,1.12281
12607,19.5,0.5,7.5,1.12281
12608,19.5,0.5,8.5,1.12281
12609,19.5,0.5,9.5,1.12281
12610,19.5,1.5,0.5,1.12281
12611,19.5,1.5,1.5,1.12281
12612,19.5,1.5,2.5,1.12281
12613,19.5,1.5,3.5,1.12281
12614,19.5,1.5,4.5,1.12281
12615,19.5,1.5,5.5,1.12281
12616,19.5,1.5,6.5,1.12281
12617,19.5,1.5,7.5,1.12281
12618,19.5,1.5,8.5,1.12281
12619,19.5,1.5,9.5,1.12281
12620,19.5,2.5,0.5,1.12281
12621,19.5,2.5,1.5,1.12281
12622,19.5,2.5,2.5,1.12281
12623,19.5,2.5,3.5,1.12281
12624,19.5,2.5,4.5,1.12281
12625,19.5,2.5,5.5,1.12281
12626,19.5,2.5,6.5,1.12281
12627,19.5,2.5,7.5,1.12281
12628,19.5,2.5,8.5,1.12281
12629,19.5,2.5,9.5,1.12281
12630,19.5,3.5,0.5,1.12281
12631,19.5,3.5,1.5,1.12281
12632,19.5,3.5,2.5,1.12281
12633,19.5,3.5,3.5,1.12281
12634,19.5,3.5,4.5,1.12281
12635,19.5,3.5,5.5,1.12281
12636,19.5,3.5,6.5,1.12281
12637,19.5,3.5,7.5,1.12281
12638,19.5,3.5,8.5,1.12281
12639,19.5,3.5,9.5,1.12281
12640,19.5,4.5,0.5,1.12281
12641,19.5,4.5,1.5,1.12281
12642,19.5,4.5,2.5,1.12281
12643,19.5,4.5,3.5,1.12281
12644,19.5,4.5,4.5,1.12281
12645,19.5,4.5,5.5,1.12281
12646,19.5,4.5,6.5,1.12281
12647,19.5,4.5,7.5,1.12281
12648,19.5,4.5,8.5,1.12281
12649,19.5,4.5,9.5,1.12281
12650,19.5,5.5,0.5,1.12281
12651,19.5,5.5,1.5,1.12281
12652,19.5,5.5,2.5,1.12281
12653,19.5,5.5,3.5,1.12281
12654,19.5,5.5,4.5,1.12281
12655,19.5,5.5,5.5,1.12281
12656,19.5,5.5,6.5,1.12281
12657,19.5,5.5,7.5,1.12281
12658,19.5,5.5,8.5,1.12281
12659,19.5,5.5,9.5,1.12281
12660,19.5,6.5,0.5,1.12281
12661,19.5,6.5,1.5,1.12281
12662,19.5,6.5,2.5,1.12281
12663,19.5,6.5,3.5,1.12281
12664,19.5,6.5,4.5,1.12281
12665,19.5,6.5,5.5,1.12281
12666,19.5,6.5,6.5,1.12281
12667,19.5,6.5,7.5,1.12281
12668,19.5,6.5,8.5,1.12281
12669,19.5,6.5,9.5,1.12281
12670,19.5,7.5,0.5,1.12281
12671,19.5,7.5,1.5,1.12281
12672,19.5,7.5,2.5,1.12281
12673,19.5,7.5,3.5,1.12281
12674,19.5,7.5,4.5,1.12281
12675,19.5,7.5,5.5,1.12281
12676,19.5,7.5,6.5,1.12281
12677,19.5,7.5,7.5,1.12281
12678,19.5,7.5,8.5,1.12281
12679,19.5,7.5,9.5,1.12281
12680,19.5,8.5,0.5,1.12281
12681,19.5,8.5,1.5,1.12281
12682,19.5,8.5,2.5,1.12281
12683,19.5,8.5,3.5,1.12281
12684,19.5,8.5,4.5,1.12281
12685,19.5,8.5,5.5,1.12281
12686,19.5,8.5,6.5,1.12281
12687,19.5,8.5,7.5,1.12281
12688,19.5,8.5,8.5,1.12281
12689,19.5,8.5,9.5,1.12281
12690,19.5,9.5,0.5,1.12281
12691,19.5,9.5,1.5,1.12281
12692,19.5,9.5,2.5,1.12281
12693,19.5,9.5,3.5,1.12281
12694,19.5,9.5,4.5,1.12281
12695,19.5,9.5,5.5,1.12281
12696,19.5,9.5,6.5,1.12281
12697,19.5,9.5,7.5,1.12281
12698,19.5,9.5,8.5,1.12281
12699,19.5,9.5,9.5,1.12281
12700,19.5,10.5,0.5,1.12281
12701,19.5,10.5,1.5,1.12281
12702,19.5,10.5,2.5,1.12281
12703,19.5,10.5,3.5,1.12281
12704,19.5,10.5,4.5,1.12281
12705,19.5,10.5,5.5,1.12281
12706,19.5,10.5,6.5,1.12281
12707,19.5,10.5,7.5,1.12281
12708,19.5,10.5,8.5,1.12281
12709,19.5,10.5,9.5,1.12281
12710,19.5,11.5,0.5,1.12281
12711,19.5,11.5,1.5,1.12281
12712,19.5,11.5,2.5,1.12281
12713,19.5,11.5,3.5,1.12281
12714,19.5,11.5,4.5,1.12281
12715,19.5,11.5,5.5,1.12281
12716,19.5,11.5,6.5,1.12281
12717,19.5,11.5,7.5,1.12281
12718,19.5,11.5,8.5,1.12281
12719,19.5,11.5,9.5,1.12281
12720,19.5,12.5,0.5,1.12281
12721,19.5,12.5,1.5,1.12281
12722,19.5,12.5,2.5,1.12281
12723,19.5,12.5,3.5,1.12281
12724,19.5,12.5,4.5,1.12281
12725,19.5,12.5,5.5,1.12281
12726,19.5,12.5,6.5,1.12281
12727,19.5,12.5,7.5,1.12281
12728,19.5,12.5,8.5,1.12281
12729,19.5,12.5,9.5,1.12281
12730,19.5,13.5,0.5,1.12281
12731,19.5,13.5,1.5,1.12281
12732,19.5,13.5,2.5,1.12281
12733,19.5,13.5,3.5,1.12281
12734,19.5,13.5,4.5,1.12281
12735,19.5,13.5,5.5,1.12281
12736,19.5,13.5,6.5,1.12281
12737,19.5,13.5,7.5,1.12281
12738,19.5,13.5,8.5,1.12281
12739,19.5,13.5,9.5,1.12281
12740,19.5,14.5,0.5,1.12281
12741,19.5,14.5,1.5,1.12281
12742,19.5,14.5,2.5,1.12281
12743,19.5,14.5,3.5,1.12281
12744,19.5,14.5,4.5,1.12281
12745,19.5,14.5,5.5,1.12281
12746,19.5,14.5,6.5,1.12281
12747,19.5,14.5,7.5,1.12281
12748,19.5,14.5,8.5,1.12281
12749,19.5,14.5,9.5,1.12281
12750,19.5,15.5,0.5,1.12281
12751,19.5,15.5,1.5,1.12281
12752,19.5,15.5,2.5,1.12281
12753,19.5,15.5,3.5,1.12281
12754,19.5,15.5,4.5,1.12281
12755,19.5,15.5,5.5,1.12281
12756,19.5,15.5,6.5,1.12281
12757,19.5,15.5,7.5,1.12281
12758,19.5,15.5,8.5,1.12281
12759,19.5,15.5,9.5,1.12281
12760,19.5,16.5,0.5,1.12281
12761,19.5,16.5,1.5,1.12281
12762,19.5,16.5,2.5,1.12281
12763,19.5,16.5,3.5,1.12281
12764,19.5,16.5,4.5,1.12281
12765,19.5,16.5,5.5,1.12281
12766,19.5,16.5,6.5,1.12281
12767,19.5,16.5,7.5,1.12281
12768,19.5,16.5,8.5,1.12281
12769,19.5,16.5,9.5,1.12281
12770,19.5,17.5,0.5,1.12281
12771,19.5,17.5,1.5,1.12281
12772,19.5,17.5,2.5,1.12281
12773,19.5,17.5,3.5,1.12281
12774,19.5,17.5,4.5,1.12281
12775,19.5,17.5,5.5,1.12281
12776,19.5,17.5,6.5,1.12281
12777,19.5,17.5,7.5,1.12281
12778,19.5,17.5,8.5,1.12281
12779,19.5,17.5,9.5,1.12281
12780,19.5,18.5,0.5,1.12281
12781,19.5,18.5,1.5,1.12281
12782,19.5,18.5,2.5,1.12281
12783,19.5,18.5,3.5,1.12281
12784,19.5,18.5,4.5,1.12281
12785,19.5,18.5,5.5,1.12281
12786,19.5,18.5,6.5,1.12281
12787,19.5,18.5,7.5,1.12281
12788,19.5,18.5,8.5,1.12281
12789,19.5,18.5,9.5,1.12281
12790,19.5,19.5,0.5,1.12281
12791,19.5,19.5,1.5,1.12281
12792,19.5,19.5,2.5,1.12281
12793,19.5,19.5,3.5,1.12281
12794,19.5,19.5,4.5,1.12281
12795,19.5,19.5,5.5,1.12281
12796,19.5,19.5,6.5,1.12281
12797,19.5,19.5,7.5,1.12281
12798,19.5,19.5,8.5,1.12281
12799,19.5,19.5,9.5,1.12281
12800,19.5,20.5,0.5,1.12281
12801,19.5,20.5,1.5,1.12281
12802,19.5,20.5,2.5,1.12281
12803,19.5,20.5,3.5,1.12281
12804,19.5,20.5,4.5,1.12281
12805,19.5,20.5,5.5,1.12281
12806,19.5,20.5,6.5,1.12281
12807,19.5,20.5,7.5,1.12281
12808,19.5,20.5,8.5,1.12281
12809,19.5,20.5,9.5,1.12281
12810,19.5,21.5,0.5,1.12281
12811,19.5,21.5,1.5,1.12281
12812,19.5,21.5,2.5,1.12281
12813,19.5,21.5,3.5,1.12281
12814,19.5,21.5,4.5,1.12281
12815,19.5,21.5,5.5,1.12281
12816,19.5,21.5,6.5,1.12281
12817,19.5,21.5,7.5,1.12281
12818,19.5,21.5,8.5,1.12281
12819,19.5,21.5,9.5,1.12281
12820,19.5,22.5,0.5,1.12281
12821,19.5,22.5,1.5,1.12281
12822,19.5,22.5,2.5,1.12281
12823,19.5,22.5,3.5,1.12281
12824,19.5,22.5,4.5,1.12281
12825,19.5,22.5,5.5,1.12281
12826,19.5,22.5,6.5,1.12281
12827,19.5,22.5,7.5,1.12281
12828,19.5,22.5,8.5,1.12281
12829,19.5,22.5,9.5,1.12281
12830,19.5,23.5,0.5,1.12281
12831,19.5,23.5,1.5,1.12281
12832,19.5,23.5,2.5,1.12281
12833,19.5,23.5,3.5,1.12281
12834,19.5,23.5,4.5,1.12281
12835,19.5,23.5,5.5,1.12281
12836,19.5,23.5,6.5,1.12281
12837,19.5,23.5,7.5,1.12281
12838,19.5,23.5,8.5,1.12281
12839,19.5,23.5,9.5,1.12281
12840,19.5,24.5,0.5,1.12281
12841,19.5,24.5,1.5,1.12281
12842,19.5,24.5,2.5,1.12281
12843,19.5,24.5,3.5,1.12281
12844,19.5,24.5,4.5,1.12281
12845,19.5,24.5,5.5,1.12281
12846,19.5,24.5,6.5,1.12281
12847,19.5,24.5,7.5,1.12281
12848,19.5,24.5,8.5,1.12281
12849,19.5,24.5,9.5,1.12281
12850,19.5,25.5,0.5,1.12281
12851,19.5,25.5,1.5,1.12281
12852,19.5,25.5,2.5,1.12281
12853,19.5,25.5,3.5,1.12281
12854,19.5,25.5,4.5,1.12281
12855,19.5,25.5,5.5,1.12281
12856,19.5,25.5,6.5,1.12281
12857,19.5,25.5,7.5,1.12281
12858,19.5,25.5,8.5,1.12281
12859,19.5,25.5,9.5,1.12281
12860,19.5,26.5,0.5,1.12281
12861,19.5,26.5,1.5,1.12281
12862,19.5,26.5,2.5,1.12281
12863,19.5,26.5,3.5,1.12281
12864,19.5,26.5,4.5,1.12281
12865,19.5,26.5,5.5,1.12281
12866,19.5,26.5,6.5,1.12281
12867,19.5,26.5,7.5,1.12281
12868,19.5,26.5,8.5,1.12281
12869,19.5,26.5,9.5,1.12281
12870,19.5,27.5,0.5,1.12281
12871,19.5,27.5,1.5,1.12281
12872,19.5,27.5,2.5,1.12281
12873,19.5,27.5,3.5,1.12281
12874,19.5,27.5,4.5,1.12281
12875,19.5,27.5,5.5,1.12281
12876,19.5,27.5,6.5,1.12281
12877,19.5,27.5,7.5,1.12281
12878,19.5,27.5,8.5,1.12281
12879,19.5,27.5,9.5,1.12281
12880,19.5,28.5,0.5,1.12281
12881,19.5,28.5,1.5,1.12281
12882,19.5,28.5,2.5,1.12281
12883,19.5,28.5,3.5,1.12281
12884,19.5,28.5,4.5,1.12281
12885,19.5,28.5,5.5,1.12281
12886,19.5,28.5,6.5,1.12281
12887,19.5,28.5,7.5,1.12281
12888,19.5,28.5,8.5,1.12281
12889,19.5,28.5,9.5,1.12281
12890,19.5,29.5,0.5,1.12281
12891,19.5,29.5,1.5,1.12281
12892,19.5,29.5,2.5,1.12281
12893,19.5,29.5,3.5,1.12281
12894,19.5,29.5,4.5,1.12281
12895,19.5,29.5,5.5,1.12281
12896,19.5,29.5,6.5,1.12281
12897,19.5,29.5,7.5,1.12281
12898,19.5,29.5,8.5,1.12281
12899,19.5,29.5,9.5,1.12281
12900,19.5,30.5,0.5,1.12281
12901,19.5,30.5,1.5,1.12281
12902,19.5,30.5,2.5,1.12281
12903,19.5,30.5,3.5,1.12281
12904,19.5,30.5,4.5,1.12281
12905,19.5,30.5,5.5,1.12281
12906,19.5,30.5,6.5,1.12281
12907,19.5,30.5,7.5,1.12281
12908,19.5,30.5,8.5,1.12281
12909,19.5,30.5,9.5,1.12281
12910,19.5,31.5,0.5,1.12281
12911,19.5,31.5,1.5,1.12281
12912,19.5,31.5,2.5,1.12281
12913,19.5,31.5,3.5,1.12281
12914,19.5,31.5,4.5,1.12281
12915,19.5,31.5,5.5,1.12281
12916,19.5,31.5,6.5,1.12281
12917,19.5,31.5,7.5,1.12281
12918,19.5,31.5,8.5,1.12281
12919,19.5,31.5,9.5,1.12281
12920,19.5,32.5,0.5,1.12281
12921,19.5,32.5,1.5,1.12281
12922,19.5,32.5,2.5,1.12281
12923,19.5,32.5,3.5,1.12281
12924,19.5,32.5,4.5,1.12281
12925,19.5,32.5,5.5,1.12281
12926,19.5,32.5,6.5,1.12281
12927,19.5,32.5,7.5,1.12281
12928,19.5,32.5,8.5,1.12281
12929,19.5,32.5,9.5,1.12281
12930,19.5,33.5,0.5,1.12281
12931,19.5,33.5,1.5,1.12281
12932,19.5,33.5,2.5,1.12281
12933,19.5,33.5,3.5,1.12281
12934,19.5,33.5,4.5,1.12281
12935,19.5,33.5,5.5,1.12281
12936,19.5,33.5,6.5,1.12281
12937,19.5,33.5,7.5,1.12281
12938,19.5,33.5,8.5,1.12281
12939,19.5,33.5,9.5,1.12281
12940,19.5,34.5,0.5,1.12281
12941,19.5,34.5,1.5,1.12281
12942,19.5,34.5,2.5,1.12281
12943,19.5,34.5,3.5,1.12281
12944,19.5,34.5,4.5,1.12281
12945,19.5,34.5,5.5,1.12281
12946,19.5,34.5,6.5,1.12281
12947,19.5,34.5,7.5,1.12281
12948,19.5,34.5,8.5,1.12281
12949,19.5,34.5,9.5,1.12281
12950,19.5,35.5,0.5,1.12281
12951,19.5,35.5,1.5,1.12281
12952,19.5,35.5,2.5,1.12281
12953,19.5,35.5,3.5,1.12281
12954,19.5,35.5,4.5,1.12281
12955,19.5,35.5,5.5,1.12281
12956,19.5,35.5,6.5,1.12281
12957,19.5,35.5,7.5,1.12281
12958,19.5,35.5,8.5,1.12281
12959,19.5,35.5,9.5,1.12281
12960,20.5,0.5,0.5,1.12281
12961,20.5,0.5,1.5,1.12281
12962,20.5,0.5,2.5,1.12281
12963,20.5,0.5,3.5,1.12281
12964,20.5,0.5,4.5,1.12281
12965,20.5,0.5,5.5,1.12281
12966,20.5,0.5,6.5,1.12281
12967,20.5,0.5,7.5,1.12281
12968,20.5,0.5,8.5,1.12281
12969,20.5,0.5,9.5,1.12281
12970,20.5,1.5,0.5,1.12281
12971,20.5,1.5,1.5,1.12281
12972,20.5,1.5,2.5,1.12281
12973,20.5,1.5,3.5,1.12281
12974,20.5,1.5,4.5,1.12281
12975,20.5,1.5,5.5,1.12281
12976,20.5,1.5,6.5,1.12281
12977,20.5,1.5,7.5,1.12281
12978,20.5,1.5,8.5,1.12281
12979,20.5,1.5,9.5,1.12281
12980,20.5,2.5,0.5,1.12281
12981,20.5,2.5,1.5,1.12281
12982,20.5,2.5,2.5,1.12281
12983,20.5,2.5,3.5,1.12281
12984,20.5,2.5,4.5,1.12281
12985,20.5,2.5,5.5,1.12281
12986,20.5,2.5,6.5,1.12281
12987,20.5,2.5,7.5,1.12281
12988,20.5,2.5,8.5,1.12281
12989,20.5,2.5,9.5,1.12281
12990,20.5,3.5,0.5,1.12281
12991,20.5,3.5,1.5,1.12281
12992,20.5,3.5,2.5,1.12281
12993,20.5,3.5,3.5,1.12281
12994,20.5,3.5,4.5,1.12281
12995,20.5,3.5,5.5,1.12281
12996,20.5,3.5,6.5,1.12281
12997,20.5,3.5,7.5,1.12281
12998,20.5,3.5,8.5,1.12281
12999,20.5,3.5,9.5,1.12281
13000,20.5,4.5,0.5,1.12281
13001,20.5,4.5,1.5,1.12281
13002,20.5,4.5,2.5,1.12281
13003,20.5,4.5,3.5,1.12281
13004,20.5,4.5,4.5,1.12281
13005,20.5,4.5,5.5,1.12281
13006,20.5,4.5,6.5,1.12281
13007,20.5,4.5,7.5,1.12281
13008,20.5,4.5,8.5,1.12281
13009,20.5,4.5,9.5,1.12281
13010,20.5,5.5,0.5,1.12281
13011,20.5,5.5,1.5,1.12281
13012,20.5,5.5,2.5,1.12281
13013,20.5,5.5,3.5,1.12281
13014,20.5,5.5,4.5,1.12281
13015,20.5,5.5,5.5,1.12281
13016,20.5,5.5,6.5,1.12281
13017,20.5,5.5,7.5,1.12281
13018,20.5,5.5,8.5,1.12281
13019,20.5,5.5,9.5,1.12281
13020,20.5,6.5,0.5,1.12281
13021,20.5,6.5,1.5,1.12281
13022,20.5,6.5,2.5,1.12281
13023,20.5,6.5,3.5,1.12281
13024,20.5,6.5,4.5,1.12281
13025,20.5,6.5,5.5,1.12281
13026,20.5,6.5,6.5,1.12281
13027,20.5,6.5,7.5,1.12281
13028,20.5,6.5,8.5,1.12281
13029,20.5,6.5,9.5,1.12281
13030,20.5,7.5,0.5,1.12281
13031,20.5,7.5,1.5,1.12281
13032,20.5,7.5,2.5,1.12281
13033,20.5,7.5,3.5,1.12281
13034,20.5,7.5,4.5,1.12281
13035,20.5,7.5,5.5,1.12281
13036,20.5,7.5,6.5,1.12281
13037,20.5,7.5,7.5,1.12281
13038,20.5,7.5,8.5,1.12281
13039,20.5,7.5,9.5,1.12281
13040,20.5,8.5,0.5,1.12281
13041,20.5,8.5,1.5,1.12281
13042,20.5,8.5,2.5,1.12281
13043,20.5,8.5,3.5,1.12281
13044,20.5,8.5,4.5,1.12281
13045,20.5,8.5,5.5,1.12281
13046,20.5,8.5,6.5,1.12281
13047,20.5,8.5,7.5,1.12281
13048,20.5,8.5,8.5,1.12281
13049,20.5,8.5,9.5,1.12281
13050,20.5,9.5,0.5,1.12281
13051,20.5,9.5,1.5,1.12281
13052,20.5,9.5,2.5,1.12281
13053,20.5,9.5,3.5,1.12281
13054,20.5,9.5,4.5,1.12281
13055,20.5,9.5,5.5,1.12281
13056,20.5,9.5,6.5,1.12281
13057,20.5,9.5,7.5,1.12281
13058,20.5,9.5,8.5,1.12281
13059,20.5,9.5,9.5,1.12281
13060,20.5,10.5,0.5,1.12281
13061,20.5,10.5,1.5,1.12281
13062,20.5,10.5,2.5,1.12281
13063,20.5,10.5,3.5,1.12281
13064,20.5,10.5,4.5,1.12281
13065,20.5,10.5,5.5,1.12281
13066,20.5,10.5,6.5,1.12281
13067,20.5,10.5,7.5,1.12281
13068,20.5,10.5,8.5,1.12281
13069,20.5,10.5,9.5,1.12281
13070,20.5,11.5,0.5,1.12281
13071,20.5,11.5,1.5,1.12281
13072,20.5,11.5,2.5,1.12281
13073,20.5,11.5,3.5,1.12281
13074,20.5,11.5,4.5,1.12281
13075,20.5,11.5,5.5,1.12281
13076,20.5,11.5,6.5,1.12281
13077,20.5,11.5,7.5,1.12281
13078,20.5,11.5,8.5,1.12281
13079,20.5,11.5,9.5,1.12281
13080,20.5,12.5,0.5,1.12281
13081,20.5,12.5,1.5,1.12281
13082,20.5,12.5,2.5,1.12281
13083,20.5,12.5,3.5,1.12281
13084,20.5,12.5,4.5,1.12281
13085,20.5,12.5,5.5,1.12281
13086,20.5,12.5,6.5,1.12281
13087,20.5,12.5,7.5,1.12281
13088,20.5,12.5,8.5,1.12281
13089,20.5,12.5,9.5,1.12281
13090,20.5,13.5,0.5,1.12281
13091,20.5,13.5,1.5,1.12281
13092,20.5,13.5,2.5,1.12281
13093,20.5,13.5,3.5,1.12281
13094,20.5,13.5,4.5,1.12281
13095,20.5,13.5,5.5,1.12281
13096,20.5,13.5,6.5,1.12281
13097,20.5,13.5,7.5,1.12281
13098,20.5,13.5,8.5,1.12281
13099,20.5,13.5,9.5,1.12281
13100,20.5,14.5,0.5,1.12281
13101,20.5,14.5,1.5,1.12281
13102,20.5,14.5,2.5,1.12281
13103,20.5,14.5,3.5,1.12281
13104,20.5,14.5,4.5,1.12281
13105,20.5,14.5,5.5,1.12281
13106,20.5,14.5,6.5,1.12281
13107,20.5,14.5,7.5,1.12281
13108,20.5,14.5,8.5,1.12281
13109,20.5,14.5,9.5,1.12281
13110,20.5,15.5,0.5,1.12281
13111,20.5,15.5,1.5,1.12281
13112,20.5,15.5,2.5,1.12281
13113,20.5,15.5,3.5,1.12281
13114,20.5,15.5,4.5,1.12281
13115,20.5,15.5,5.5,1.12281
13116,20.5,15.5,6.5,1.12281
13117,20.5,15.5,7.5,1.12281
13118,20.5,15.5,8.5,1.12281
13119,20.5,15.5,9.5,1.12281
13120,20.5,16.5,0.5,1.12281
13121,20.5,16.5,1.5,1.12281
13122,20.5,16.5,2.5,1.12281
13123,20.5,16.5,3.5,1.12281
13124,20.5,16.5,4.5,1.12281
13125,20.5,16.5,5.5,1.12281
13126,20.5,16.5,6.5,1.12281
13127,20.5,16.5,7.5,1.12281
13128,20.5,16.5,8.5,1.12281
13129,20.5,16.5,9.5,1.12281
13130,20.5,17.5,0.5,1.12281
13131,20.5,17.5,1.5,1.12281
13132,20.5,17.5,2.5,1.12281
13133,20.5,17.5,3.5,1.12281
13134,20.5,17.5,4.5,1.12281
13135,20.5,17.5,5.5,1.12281
13136,20.5,17.5,6.5,1.12281
13137,20.5,17.5,7.5,1.12281
13138,20.5,17.5,8.5,1.12281
13139,20.5,17.5,9.5,1.12281
13140,20.5,18.5,0.5,1.12281
13141,20.5,18.5,1.5,1.12281
13142,20.5,18.5,2.5,1.12281
13143,20.5,18.5,3.5,1.12281
13144,20.5,18.5,4.5,1.12281
13145,20.5,18.5,5.5,1.12281
13146,20.5,18.5,6.5,1.12281
13147,20.5,18.5,7.5,1.12281
13148,20.5,18.5,8.5,1.12281
13149,20.5,18.5,9.5,1.12281
13150,20.5,19.5,0.5,1.12281
13151,20.5,19.5,1.5,1.12281
13152,20.5,19.5,2.5,1.12281
13153,20.5,19.5,3.5,1.12281
13154,20.5,19.5,4.5,1.12281
13155,20.5,19.5,5.5,1.12281
13156,20.5,19.5,6.5,1.12281
13157,20.5,19.5,7.5,1.12281
13158,20.5,19.5,8.5,1.12281
13159,20.5,19.5,9.5,1.12281
13160,20.5,20.5,0.5,1.12281
13161,20.5,20.5,1.5,1.12281
13162,20.5,20.5,2.5,1.12281
13163,20.5,20.5,3.5,1.12281
13164,20.5,20.5,4.5,1.12281
13165,20.5,20.5,5.5,1.12281
13166,20.5,20.5,6.5,1.12281
13167,20.5,20.5,7.5,1.12281
13168,20.5,20.5,8.5,1.12281
13169,20.5,20.5,9.5,1.12281
13170,20.5,21.5,0.5,1.12281
13171,20.5,21.5,1.5,1.12281
13172,20.5,21.5,2.5,1.12281
13173,20.5,21.5,3.5,1.12281
13174,20.5,21.5,4.5,1.12281
13175,20.5,21.5,5.5,1.12281
13176,20.5,21.5,6.5,1.12281
13177,20.5,21.5,7.5,1.12281
13178,20.5,21.5,8.5,1.12281
13179,20.5,21.5,9.5,1.12281
13180,20.5,22.5,0.5,1.12281
13181,20.5,22.5,1.5,1.12281
13182,20.5,22.5,2.5,1.12281
13183,20.5,22.5,3.5,1.12281
13184,20.5,22.5,4.5,1.12281
13185,20.5,22.5,5.5,1.12281
13186,20.5,22.5,6.5,1.12281
13187,20.5,22.5,7.5,1.12281
13188,20.5,22.5,8.5,1.12281
13189,20.5,22.5,9.5,1.12281
13190,20.5,23.5,0.5,1.12281
13191,20.5,23.5,1.5,1.12281
13192,20.5,23.5,2.5,1.12281
13193,20.5,23.5,3.5,1.12281
13194,20.5,23.5,4.5,1.12281
13195,20.5,23.5,5.5,1.12281
13196,20.5,23.5,6.5,1.12281
13197,20.5,23.5,7.5,1.12281
13198,20.5,23.5,8.5,1.12281
13199,20.5,23.5,9.5,1.12281
13200,20.5,24.5,0.5,1.12281
13201,20.5,24.5,1.5,1.12281
13202,20.5,24.5,2.5,1.12281
13203,20.5,24.5,3.5,1.12281
13204,20.5,24.5,4.5,1.12281
13205,20.5,24.5,5.5,1.12281
13206,20.5,24.5,6.5,1.12281
13207,20.5,24.5,7.5,1.12281
13208,20.5,24.5,8.5,1.12281
13209,20.5,24.5,9.5,1.12281
13210,20.5,25.5,0.5,1.12281
13211,20.5,25.5,1.5,1.12281
13212,20.5,25.5,2.5,1.12281
13213,20.5,25.5,3.5,1.12281
13214,20.5,25.5,4.5,1.12281
13215,20.5,25.5,5.5,1.12281
13216,20.5,25.5,6.5,1.12281
13217,20.5,25.5,7.5,1.12281
13218,20.5,25.5,8.5,1.12281
13219,20.5,25.5,9.5,1.12281
13220,20.5,26.5,0.5,1.12281
13221,20.5,26.5,1.5,1.12281
13222,20.5,26.5,2.5,1.12281
13223,20.5,26.5,3.5,1.12281
13224,20.5,26.5,4.5,1.12281
13225,20.5,26.5,5.5,1.12281
13226,20.5,26.5,6.5,1.12281
13227,20.5,26.5,7.5,1.12281
13228,20.5,26.5,8.5,1.12281
13229,20.5,26.5,9.5,1.12281
13230,20.5,27.5,0.5,1.12281
13231,20.5,27.5,1.5,1.12281
13232,20.5,27.5,2.5,1.12281
13233,20.5,27.5,3.5,1.12281
13234,20.5,27.5,4.5,1.12281
13235,20.5,27.5,5.5,1.12281
13236,20.5,27.5,6.5,1.12281
13237,20.5,27.5,7.5,1.12281
13238,20.5,27.5,8.5,1.12281
13239,20.5,27.5,9.5,1.12281
13240,20.5,28.5,0.5,1.12281
13241,20.5,28.5,1.5,1.12281
13242,20.5,28.5,2.5,1.12281
13243,20.5,28.5,3.5,1.12281
13244,20.5,28.5,4.5,1.12281
13245,20.5,28.5,5.5,1.12281
13246,20.5,28.5,6.5,1.12281
13247,20.5,28.5,7.5,1.12281
13248,20.5,28.5,8.5,1.12281
13249,20.5,28.5,9.5,1.12281
13250,20.5,29.5,0.5,1.12281
13251,20.5,29.5,1.5,1.12281
13252,20.5,29.5,2.5,1.12281
13253,20.5,29.5,3.5,1.12281
13254,20.5,29.5,4.5,1.12281
13255,20.5,29.5,5.5,1.12281
13256,20.5,29.5,6.5,1.12281
13257,20.5,29.5,7.5,1.12281
13258,20.5,29.5,8.5,1.12281
13259,20.5,29.5,9.5,1.12281
13260,20.5,30.5,0.5,1.12281
13261,20.5,30.5,1.5,1.12281
13262,20.5,30.5,2.5,1.12281
13263,20.5,30.5,3.5,1.12281
13264,20.5,30.5,4.5,1.12281
13265,20.5,30.5,5.5,1.12281
13266,20.5,30.5,6.5,1.12281
13267,20.5,30.5,7.5,1.12281
13268,20.5,30.5,8.5,1.12281
13269,20.5,30.5,9.5,1.12281
13270,20.5,31.5,0.5,1.12281
13271,20.5,31.5,1.5,1.12281
13272,20.5,31.5,2.5,1.12281
13273,20.5,31.5,3.5,1.12281
13274,20.5,31.5,4.5,1.12281
13275,20.5,31.5,5.5,1.12281
13276,20.5,31.5,6.5,1.12281
13277,20.5,31.5,7.5,1.12281
13278,20.5,31.5,8.5,1.12281
13279,20.5,31.5,9.5,1.12281
13280,20.5,32.5,0.5,1.12281
13281,20.5,32.5,1.5,1.12281
13282,20.5,32.5,2.5,1.12281
13283,20.5,32.5,3.5,1.12281
13284,20.5,32.5,4.5,1.12281
13285,20.5,32.5,5.5,1.12281
13286,20.5,32.5,6.5,1.12281
13287,20.5,32.5,7.5,1.12281
13288,20.5,32.5,8.5,1.12281
13289,20.5,32.5,9.5,1.12281
13290,20.5,33.5,0.5,1.12281
13291,20.5,33.5,1.5,1.12281
13292,20.5,33.5,2.5,1.12281
13293,20.5,33.5,3.5,1.12281
13294,20.5,33.5,4.5,1.12281
13295,20.5,33.5,5.5,1.12281
13296,20.5,33.5,6.5,1.12281
13297,20.5,33.5,7.5,1.12281
13298,20.5,33.5,8.5,1.12281
13299,20.5,33.5,9.5,1.12281
13300,20.5,34.5,0.5,1.12281
13301,20.5,34.5,1.5,1.12281
13302,20.5,34.5,2.5,1.12281
13303,20.5,34.5,3.5,1.12281
13304,20.5,34.5,4.5,1.12281
13305,20.5,34.5,5.5,1.12281
13306,20.5,34.5,6.5,1.12281
13307,20.5,34.5,7.5,1.12281
13308,20.5,34.5,8.5,1.12281
13309,20.5,34.5,9.5,1.12281
13310,20.5,35.5,0.5,1.12281
13311,20.5,35.5,1.5,1.12281
13312,20.5,35.5,2.5,1.12281
13313,20.5,35.5,3.5,1.12281
13314,20.5,35.5,4.5,1.12281
13315,20.5,35.5,5.5,1.12281
13316,20.5,35.5,6.5,1.12281
13317,20.5,35.5,7.5,1.12281
13318,20.5,35.5,8.5,1.12281
13319,20.5,35.5,9.5,1.12281
13320,21.5,0.5,0.5,1.12281
13321,21.5,0.5,1.5,1.12281
13322,21.5,0.5,2.5,1.12281
13323,21.5,0.5,3.5,1.12281
13324,21.5,0.5,4.5,1.12281
13325,21.5,0.5,5.5,1.12281
13326,21.5,0.5,6.5,1.12281
13327,21.5,0.5,7.5,1.12281
13328,21.5,0.5,8.5,1.12281
13329,21.5,0.5,9.5,1.12281
13330,21.5,1.5,0.5,1.12281
13331,21.5,1.5,1.5,1.12281
13332,21.5,1.5,2.5,1.12281
13333,21.5,1.5,3.5,1.12281
13334,21.5,1.5,4.5,1.12281
13335,21.5,1.5,5.5,1.12281
13336,21.5,1.5,6.5,1.12281
13337,21.5,1.5,7.5,1.12281
13338,21.5,1.5,8.5,1.12281
13339,21.5,1.5,9.5,1.12281
13340,21.5,2.5,0.5,1.12281
13341,21.5,2.5,1.5,1.12281
13342,21.5,2.5,2.5,1.12281
13343,21.5,2.5,3.5,1.12281
13344,21.5,2.5,4.5,1.12281
13345,21.5,2.5,5.5,1.12281
13346,21.5,2.5,6.5,1.12281
13347,21.5,2.5,7.5,1.12281
13348,21.5,2.5,8.5,1.12281
13349,21.5,2.5,9.5,1.12281
13350,21.5,3.5,0.5,1.12281
13351,21.5,3.5,1.5,1.12281
13352,21.5,3.5,2.5,1.12281
13353,21.5,3.5,3.5,1.12281
13354,21.5,3.5,4.5,1.12281
13355,21.5,3.5,5.5,1.12281
13356,21.5,3.5,6.5,1.12281
13357,21.5,3.5,7.5,1.12281
13358,21.5,3.5,8.5,1.12281
13359,21.5,3.5,9.5,1.12281
13360,21.5,4.5,0.5,1.12281
13361,21.5,4.5,1.5,1.12281
13362,21.5,4.5,2.5,1.12281
13363,21.5,4.5,3.5,1.12281
13364,21.5,4.5,4.5,1.12281
13365,21.5,4.5,5.5,1.12281
13366,21.5,4.5,6.5,1.12281
13367,21.5,4.5,7.5,1.12281
13368,21.5,4.5,8.5,1.12281
13369,21.5,4.5,9.5,1.12281
13370,21.5,5.5,0.5,1.12281
13371,21.5,5.5,1.5,1.12281
13372,21.5,5.5,2.5,1.12281
13373,21.5,5.5,3.5,1.12281
13374,21.5,5.5,4.5,1.12281
13375,21.5,5.5,5.5,1.12281
13376,21.5,5.5,6.5,1.12281
13377,21.5,5.5,7.5,1.12281
13378,21.5,5.5,8.5,1.12281
13379,21.5,5.5,9.5,1.12281
13380,21.5,6.5,0.5,1.12281
13381,21.5,6.5,1.5,1.12281
13382,21.5,6.5,2.5,1.12281
13383,21.5,6.5,3.5,1.12281
13384,21.5,6.5,4.5,1.12281
13385,21.5,6.5,5.5,1.12281
13386,21.5,6.5,6.5,1.12281
13387,21.5,6.5,7.5,1.12281
13388,21.5,6.5,8.5,1.12281
13389,21.5,6.5,9.5,1.12281
13390,21.5,7.5,0.5,1.12281
13391,21.5,7.5,1.5,1.12281
13392,21.5,7.5,2.5,1.12281
13393,21.5,7.5,3.5,1.12281
13394,21.5,7.5,4.5,1.12281
13395,21.5,7.5,5.5,1.12281
13396,21.5,7.5,6.5,1.12281
13397,21.5,7.5,7.5,1.12281
13398,21.5,7.5,8.5,1.12281
13399,21.5,7.5,9.5,1.12281
13400,21.5,8.5,0.5,1.12281
13401,21.5,8.5,1.5,1.12281
13402,21.5,8.5,2.5,1.12281
13403,21.5,8.5,3.5,1.12281
13404,21.5,8.5,4.5,1.12281
13405,21.5,8.5,5.5,1.12281
13406,21.5,8.5,6.5,1.12281
13407,21.5,8.5,7.5,1.12281
13408,21.5,8.5,8.5,1.12281
13409,21.5,8.5,9.5,1.12281
13410,21.5,9.5,0.5,1.12281
13411,21.5,9.5,1.5,1.12281
13412,21.5,9.5,2.5,1.12281
13413,21.5,9.5,3.5,1.12281
13414,21.5,9.5,4.5,1.12281
13415,21.5,9.5,5.5,1.12281
13416,21.5,9.5,6.5,1.12281
13417,21.5,9.5,7.5,1.12281
13418,21.5,9.5,8.5,1.12281
13419,21.5,9.5,9.5,1.12281
13420,21.5,10.5,0.5,1.12281
13421,21.5,10.5,1.5,1.12281
13422,21.5,10.5,2.5,1.12281
13423,21.5,10.5,3.5,1.12281
13424,21.5,10.5,4.5,1.12281
13425,21.5,10.5,5.5,1.12281
13426,21.5,10.5,6.5,1.12281
13427,21.5,10.5,7.5,1.12281
13428,21.5,10.5,8.5,1.12281
13429,21.5,10.5,9.5,1.12281
13430,21.5,11.5,0.5,1.12281
13431,21.5,11.5,1.5,1.12281
13432,21.5,11.5,2.5,1.12281
13433,21.5,11.5,3.5,1.12281
13434,21.5,11.5,4.5,1.12281
13435,21.5,11.5,5.5,1.12281
13436,21.5,11.5,6.5,1.12281
13437,21.5,11.5,7.5,1.12281
13438,21.5,11.5,8.5,1.12281
13439,21.5,11.5,9.5,1.12281
13440,21.5,12.5,0.5,1.12281
13441,21.5,12.5,1.5,1.12281
13442,21.5,12.5,2.5,1.12281
13443,21.5,12.5,3.5,1.12281
13444,21.5,12.5,4.5,1.12281
13445,21.5,12.5,5.5,1.12281
13446,21.5,12.5,6.5,1.12281
13447,21.5,12.5,7.5,1.12281
13448,21.5,12.5,8.5,1.12281
13449,21.5,12.5,9.5,1.12281
13450,21.5,13.5,0.5,1.12281
13451,21.5,13.5,1.5,1.12281
13452,21.5,13.5,2.5,1.12281
13453,21.5,13.5,3.5,1.12281
13454,21.5,13.5,4.5,1.12281
13455,21.5,13.5,5.5,1.12281
13456,21.5,13.5,6.5,1.12281
13457,21.5,13.5,7.5,1.12281
13458,21.5,13.5,8.5,1.12281
13459,21.5,13.5,9.5,1.12281
13460,21.5,14.5,0.5,1.12281
13461,21.5,14.5,1.5,1.12281
13462,21.5,14.5,2.5,1.12281
13463,21.5,14.5,3.5,1.12281
13464,21.5,14.5,4.5,1.12281
13465,21.5,14.5,5.5,1.12281
13466,21.5,14.5,6.5,1.12281
13467,21.5,14.5,7.5,1.12281
13468,21.5,14.5,8.5,1.12281
13469,21.5,14.5,9.5,1.12281
13470,21.5,15.5,0.5,1.12281
13471,21.5,15.5,1.5,1.12281
13472,21.5,15.5,2.5,1.12281
13473,21.5,15.5,3.5,1.12281
13474,21.5,15.5,4.5,1.12281
13475,21.5,15.5,5.5,1.12281
13476,21.5,15.5,6.5,1.12281
13477,21.5,15.5,7.5,1.12281
13478,21.5,15.5,8.5,1.12281
13479,21.5,15.5,9.5,1.12281
13480,21.5,16.5,0.5,1.12281
13481,21.5,16.5,1.5,1.12281
13482,21.5,16.5,2.5,1.12281
13483,21.5,16.5,3.5,1.12281
13484,21.5,16.5,4.5,1.12281
13485,21.5,16.5,5.5,1.12281
13486,21.5,16.5,6.5,1.12281
13487,21.5,16.5,7.5,1.12281
13488,21.5,16.5,8.5,1.12281
13489,21.5,16.5,9.5,1.12281
13490,21.5,17.5,0.5,1.12281
13491,21.5,17.5,1.5,1.12281
13492,21.5,17.5,2.5,1.12281
13493,21.5,17.5,3.5,1.12281
13494,21.5,17.5,4.5,1.12281
13495,21.5,17.5,5.5,1.12281
13496,21.5,17.5,6.5,1.12281
13497,21.5,17.5,7.5,1.12281
13498,21.5,17.5,8.5,1.12281
13499,21.5,17.5,9.5,1.12281
13500,21.5,18.5,0.5,1.12281
13501,21.5,18.5,1.5,1.12281
13502,21.5,18.5,2.5,1.12281
13503,21.5,18.5,3.5,1.12281
13504,21.5,18.5,4.5,1.12281
13505,21.5,18.5,5.5,1.12281
13506,21.5,18.5,6.5,1.12281
13507,21.5,18.5,7.5,1.12281
13508,21.5,18.5,8.5,1.12281
13509,21.5,18.5,9.5,1.12281
13510,21.5,19.5,0.5,1.12281
13511,21.5,19.5,1.5,1.12281
13512,21.5,19.5,2.5,1.12281
13513,21.5,19.5,3.5,1.12281
13514,21.5,19.5,4.5,1.12281
13515,21.5,19.5,5.5,1.12281
13516,21.5,19.5,6.5,1.12281
13517,21.5,19.5,7.5,1.12281
13518,21.5,19.5,8.5,1.12281
13519,21.5,19.5,9.5,1.12281
13520,21.5,20.5,0.5,1.12281
13521,21.5,20.5,1.5,1.12281
13522,21.5,20.5,2.5,1.12281
13523,21.5,20.5,3.5,1.12281
13524,21.5,20.5,4.5,1.12281
13525,21.5,20.5,5.5,1.12281
13526,21.5,20.5,6.5,1.12281
13527,21.5,20.5,7.5,1.12281
13528,21.5,20.5,8.5,1.12281
13529,21.5,20.5,9.5,1.12281
13530,21.5,21.5,0.5,1.12281
13531,21.5,21.5,1.5,1.12281
13532,21.5,21.5,2.5,1.12281
13533,21.5,21.5,3.5,1.12281
13534,21.5,21.5,4.5,1.12281
13535,21.5,21.5,5.5,1.12281
13536,21.5,21.5,6.5,1.12281
13537,21.5,21.5,7.5,1.12281
13538,21.5,21.5,8.5,1.12281
13539,21.5,21.5,9.5,1.12281
13540,21.5,22.5,0.5,1.12281
13541,21.5,22.5,1.5,1.12281
13542,21.5,22.5,2.5,1.12281
13543,21.5,22.5,3.5,1.12281
13544,21.5,22.5,4.5,1.12281
13545,21.5,22.5,5.5,1.12281
13546,21.5,22.5,6.5,1.12281
13547,21.5,22.5,7.5,1.12281
13548,21.5,22.5,8.5,1.12281
13549,21.5,22.5,9.5,1.12281
13550,21.5,23.5,0.5,1.12281
13551,21.5,23.5,1.5,1.12281
13552,21.5,23.5,2.5,1.12281
13553,21.5,23.5,3.5,1.12281
13554,21.5,23.5,4.5,1.12281
13555,21.5,23.5,5.5,1.12281
13556,21.5,23.5,6.5,1.12281
13557,21.5,23.5,7.5,1.12281
13558,21.5,23.5,8.5,1.12281
13559,21.5,23.5,9.5,1.12281
13560,21.5,24.5,0.5,1.12281
13561,21.5,24.5,1.5,1.12281
13562,21.5,24.5,2.5,1.12281
13563,21.5,24.5,3.5,1.12281
13564,21.5,24.5,4.5,1.12281
13565,21.5,24.5,5.5,1.12281
13566,21.5,24.5,6.5,1.12281
13567,21.5,24.5,7.5,1.12281
13568,21.5,24.5,8.5,1.12281
13569,21.5,24.5,9.5,1.12281
13570,21.5,25.5,0.5,1.12281
13571,21.5,25.5,1.5,1.12281
13572,21.5,25.5,2.5,1.12281
13573,21.5,25.5,3.5,1.12281
13574,21.5,25.5,4.5,1.12281
13575,21.5,25.5,5.5,1.12281
13576,21.5,25.5,6.5,1.12281
13577,21.5,25.5,7.5,1.12281
13578,21.5,25.5,8.5,1.12281
13579,21.5,25.5,9.5,1.12281
13580,21.5,26.5,0.5,1.12281
13581,21.5,26.5,1.5,1.12281
13582,21.5,26.5,2.5,1.12281
13583,21.5,26.5,3.5,1.12281
13584,21.5,26.5,4.5,1.12281
13585,21.5,26.5,5.5,1.12281
13586,21.5,26.5,6.5,1.12281
13587,21.5,26.5,7.5,1.12281
13588,21.5,26.5,8.5,1.12281
13589,21.5,26.5,9.5,1.12281
13590,21.5,27.5,0.5,1.12281
13591,21.5,27.5,1.5,1.12281
13592,21.5,27.5,2.5,1.12281
13593,21.5,27.5,3.5,1.12281
13594,21.5,27.5,4.5,1.12281
13595,21.5,27.5,5.5,1.12281
13596,21.5,27.5,6.5,1.12281
13597,21.5,27.5,7.5,1.12281
13598,21.5,27.5,8.5,1.12281
13599,21.5,27.5,9.5,1.12281
13600,21.5,28.5,0.5,1.12281
13601,21.5,28.5,1.5,1.12281
13602,21.5,28.5,2.5,1.12281
13603,21.5,28.5,3.5,1.12281
13604,21.5,28.5,4.5,1.12281
13605,21.5,28.5,5.5,1.12281
13606,21.5,28.5,6.5,1.12281
13607,21.5,28.5,7.5,1.12281
13608,21.5,28.5,8.5,1.12281
13609,21.5,28.5,9.5,1.12281
13610,21.5,29.5,0.5,1.12281
13611,21.5,29.5,1.5,1.12281
13612,21.5,29.5,2.5,1.12281
13613,21.5,29.5,3.5,1.12281
13614,21.5,29.5,4.5,1.12281
13615,21.5,29.5,5.5,1.12281
13616,21.5,29.5,6.5,1.12281
13617,21.5,29.5,7.5,1.12281
13618,21.5,29.5,8.5,1.12281
13619,21.5,29.5,9.5,1.12281
13620,21.5,30.5,0.5,1.12281
13621,21.5,30.5,1.5,1.12281
13622,21.5,30.5,2.5,1.12281
13623,21.5,30.5,3.5,1.12281
13624,21.5,30.5,4.5,1.12281
13625,21.5,30.5,5.5,1.12281
13626,21.5,30.5,6.5,1.12281
13627,21.5,30.5,7.5,1.12281
13628,21.5,30.5,8.5,1.12281
13629,21.5,30.5,9.5,1.12281
13630,21.5,31.5,0.5,1.12281
13631,21.5,31.5,1.5,1.12281
13632,21.5,31.5,2.5,1.12281
13633,21.5,31.5,3.5,1.12281
13634,21.5,31.5,4.5,1.12281
13635,21.5,31.5,5.5,1.12281
13636,21.5,31.5,6.5,1.12281
13637,21.5,31.5,7.5,1.12281
13638,21.5,31.5,8.5,1.12281
13639,21.5,31.5,9.5,1.12281
13640,21.5,32.5,0.5,1.12281
13641,21.5,32.5,1.5,1.12281
13642,21.5,32.5,2.5,1.12281
13643,21.5,32.5,3.5,1.12281
13644,21.5,32.5,4.5,1.12281
13645,21.5,32.5,5.5,1.12281
13646,21.5,32.5,6.5,1.12281
13647,21.5,32.5,7.5,1.12281
13648,21.5,32.5,8.5,1.12281
13649,21.5,32.5,9.5,1.12281
13650,21.5,33.5,0.5,1.12281
13651,21.5,33.5,1.5,1.12281
13652,21.5,33.5,2.5,1.12281
13653,21.5,33.5,3.5,1.12281
13654,21.5,33.5,4.5,1.12281
13655,21.5,33.5,5.5,1.12281
13656,21.5,33.5,6.5,1.12281
13657,21.5,33.5,7.5,1.12281
13658,21.5,33.5,8.5,1.12281
13659,21.5,33.5,9.5,1.12281
13660,21.5,34.5,0.5,1.12281
13661,21.5,34.5,1.5,1.12281
13662,21.5,34.5,2.5,1.12281
13663,21.5,34.5,3.5,1.12281
13664,21.5,34.5,4.5,1.12281
13665,21.5,34.5,5.5,1.12281
13666,21.5,34.5,6.5,1.12281
13667,21.5,34.5,7.5,1.12281
13668,21.5,34.5,8.5,1.12281
13669,21.5,34.5,9.5,1.12281
13670,21.5,35.5,0.5,1.12281
13671,21.5,35.5,1.5,1.12281
13672,21.5,35.5,2.5,1.12281
13673,21.5,35.5,3.5,1.12281
13674,21.5,35.5,4.5,1.12281
13675,21.5,35.5,5.5,1.12281
13676,21.5,35.5,6.5,1.12281
13677,21.5,35.5,7.5,1.12281
13678,21.5,35.5,8.5,1.12281
13679,21.5,35.5,9.5,1.12281
